dialogue_id,source_id,Logistic Regression,Naive Bayes,Support Vector Machine (SVM),Random Forest,Neural Network (MLP)
RU_HIN_000001,SRC_000001,1,1,1,1,1
RU_HIN_000002,SRC_000001,0,0,0,0,0
RU_HIN_000003,SRC_000005,1,1,1,1,1
RU_HIN_000004,SRC_000002,1,1,1,1,1
RU_HIN_000005,SRC_000002,1,1,1,1,1
RU_HIN_000006,SRC_000004,1,1,1,1,1
RU_HIN_000007,SRC_000001,1,1,1,1,1
RU_HIN_000008,SRC_000005,0,0,0,0,0
RU_HIN_000009,SRC_000005,1,0,1,1,1
RU_HIN_000010,SRC_000001,1,1,1,1,1
RU_HIN_000011,SRC_000001,1,1,1,1,1
RU_HIN_000012,SRC_000002,1,1,1,1,1
RU_HIN_000013,SRC_000002,1,1,1,1,1
RU_HIN_000014,SRC_000005,1,1,1,1,1
RU_HIN_000015,SRC_000004,1,1,1,1,1
RU_HIN_000016,SRC_000001,0,0,0,0,0
RU_HIN_000017,SRC_000004,1,1,1,1,1
RU_HIN_000018,SRC_000004,0,0,0,0,0
RU_HIN_000019,SRC_000003,1,1,1,1,1
RU_HIN_000020,SRC_000005,1,1,1,1,1
RU_HIN_000021,SRC_000001,0,0,0,0,0
RU_HIN_000022,SRC_000004,1,1,1,1,1
RU_HIN_000023,SRC_000005,1,0,1,1,1
RU_HIN_000024,SRC_000001,0,0,0,0,0
RU_HIN_000025,SRC_000001,1,1,1,1,1
RU_HIN_000026,SRC_000003,0,0,0,0,0
RU_HIN_000027,SRC_000003,1,1,1,1,1
RU_HIN_000028,SRC_000003,1,1,1,1,1
RU_HIN_000029,SRC_000004,1,1,1,1,1
RU_HIN_000030,SRC_000002,1,1,1,1,1
RU_HIN_000031,SRC_000004,1,0,1,1,1
RU_HIN_000032,SRC_000002,1,1,1,1,1
RU_HIN_000033,SRC_000005,1,1,1,1,1
RU_HIN_000034,SRC_000003,1,0,1,1,1
RU_HIN_000035,SRC_000004,1,1,1,1,1
RU_HIN_000036,SRC_000001,1,1,1,1,1
RU_HIN_000037,SRC_000001,1,1,1,1,1
RU_HIN_000038,SRC_000001,0,0,0,0,0
RU_HIN_000039,SRC_000005,1,1,1,1,1
RU_HIN_000040,SRC_000005,1,1,1,1,1
RU_HIN_000041,SRC_000004,1,1,1,1,1
RU_HIN_000042,SRC_000003,1,1,1,1,1
RU_HIN_000043,SRC_000001,1,1,1,1,1
RU_HIN_000044,SRC_000002,1,1,1,1,1
RU_HIN_000045,SRC_000002,1,1,1,1,1
RU_HIN_000046,SRC_000005,1,1,1,1,1
RU_HIN_000047,SRC_000002,1,1,1,1,1
RU_HIN_000048,SRC_000004,1,1,1,1,1
RU_HIN_000049,SRC_000003,1,1,1,1,1
RU_HIN_000050,SRC_000002,1,1,1,1,1
RU_HIN_000051,SRC_000003,1,1,1,1,1
RU_HIN_000052,SRC_000001,1,1,1,1,1
RU_HIN_000053,SRC_000005,1,1,1,1,1
RU_HIN_000054,SRC_000001,1,1,1,1,1
RU_HIN_000055,SRC_000004,1,1,1,1,1
RU_HIN_000056,SRC_000002,1,1,1,1,1
RU_HIN_000057,SRC_000004,1,1,1,1,1
RU_HIN_000058,SRC_000003,1,1,1,1,1
RU_HIN_000059,SRC_000005,1,1,1,1,1
RU_HIN_000060,SRC_000001,1,1,1,1,1
RU_HIN_000061,SRC_000005,1,1,1,1,1
RU_HIN_000062,SRC_000001,1,1,1,1,1
RU_HIN_000063,SRC_000003,1,1,1,1,1
RU_HIN_000064,SRC_000003,1,1,1,1,1
RU_HIN_000065,SRC_000004,1,1,1,1,1
RU_HIN_000066,SRC_000003,0,0,0,0,0
RU_HIN_000067,SRC_000005,1,1,1,1,1
RU_HIN_000068,SRC_000003,1,1,1,1,1
RU_HIN_000069,SRC_000001,1,1,1,1,1
RU_HIN_000070,SRC_000002,1,1,1,1,1
RU_HIN_000071,SRC_000005,1,0,1,1,1
RU_HIN_000072,SRC_000002,1,0,1,1,1
RU_HIN_000073,SRC_000004,1,1,1,1,1
RU_HIN_000074,SRC_000002,1,1,1,1,1
RU_HIN_000075,SRC_000001,1,1,1,1,1
RU_HIN_000076,SRC_000003,1,1,1,1,1
RU_HIN_000077,SRC_000003,0,0,0,0,0
RU_HIN_000078,SRC_000005,1,1,1,1,1
RU_HIN_000079,SRC_000001,1,1,1,1,1
RU_HIN_000080,SRC_000001,1,1,1,1,1
RU_HIN_000081,SRC_000005,1,1,1,1,1
RU_HIN_000082,SRC_000001,1,1,1,1,1
RU_HIN_000083,SRC_000004,0,0,0,0,0
RU_HIN_000084,SRC_000001,0,0,0,0,0
RU_HIN_000085,SRC_000004,1,1,1,1,1
RU_HIN_000086,SRC_000002,1,1,1,1,1
RU_HIN_000087,SRC_000005,1,1,1,1,1
RU_HIN_000088,SRC_000003,1,1,1,1,1
RU_HIN_000089,SRC_000004,1,1,1,1,1
RU_HIN_000090,SRC_000001,1,1,1,1,1
RU_HIN_000091,SRC_000002,1,1,1,1,1
RU_HIN_000092,SRC_000001,1,1,1,1,1
RU_HIN_000093,SRC_000004,0,0,0,0,0
RU_HIN_000094,SRC_000004,1,1,1,1,1
RU_HIN_000095,SRC_000001,1,1,1,1,1
RU_HIN_000096,SRC_000005,0,0,0,0,0
RU_HIN_000097,SRC_000002,1,1,1,1,1
RU_HIN_000098,SRC_000005,0,0,0,0,0
RU_HIN_000099,SRC_000002,0,0,0,0,0
RU_HIN_000100,SRC_000002,1,1,1,1,1
RU_HIN_000101,SRC_000003,1,1,1,1,1
RU_HIN_000102,SRC_000003,1,1,1,1,1
RU_HIN_000103,SRC_000002,1,1,1,1,1
RU_HIN_000104,SRC_000001,1,1,1,1,1
RU_HIN_000105,SRC_000001,0,0,0,0,0
RU_HIN_000106,SRC_000005,1,1,1,1,1
RU_HIN_000107,SRC_000001,1,1,1,1,1
RU_HIN_000108,SRC_000005,1,1,1,1,1
RU_HIN_000109,SRC_000002,1,1,1,1,1
RU_HIN_000110,SRC_000003,1,1,1,1,1
RU_HIN_000111,SRC_000004,1,0,1,1,1
RU_HIN_000112,SRC_000004,1,1,1,1,1
RU_HIN_000113,SRC_000004,0,0,0,0,0
RU_HIN_000114,SRC_000003,1,1,1,1,1
RU_HIN_000115,SRC_000003,1,1,1,1,1
RU_HIN_000116,SRC_000001,1,1,1,1,1
RU_HIN_000117,SRC_000002,1,1,1,1,1
RU_HIN_000118,SRC_000002,0,0,0,0,0
RU_HIN_000119,SRC_000002,1,1,1,1,1
RU_HIN_000120,SRC_000004,1,1,1,1,1
RU_HIN_000121,SRC_000005,1,0,1,1,1
RU_HIN_000122,SRC_000002,1,1,1,1,1
RU_HIN_000123,SRC_000005,0,0,0,0,0
RU_HIN_000124,SRC_000002,1,1,1,1,1
RU_HIN_000125,SRC_000003,1,1,1,1,1
RU_HIN_000126,SRC_000003,1,1,1,1,1
RU_HIN_000127,SRC_000005,1,1,1,1,1
RU_HIN_000128,SRC_000001,1,0,1,1,1
RU_HIN_000129,SRC_000002,1,1,1,1,1
RU_HIN_000130,SRC_000004,0,0,0,0,0
RU_HIN_000131,SRC_000003,0,0,0,0,0
RU_HIN_000132,SRC_000003,1,1,1,1,1
RU_HIN_000133,SRC_000003,1,1,1,1,1
RU_HIN_000134,SRC_000004,1,1,1,1,1
RU_HIN_000135,SRC_000003,1,1,1,1,1
RU_HIN_000136,SRC_000005,1,1,1,1,1
RU_HIN_000137,SRC_000005,1,1,1,1,1
RU_HIN_000138,SRC_000001,1,1,1,1,1
RU_HIN_000139,SRC_000003,1,1,1,1,1
RU_HIN_000140,SRC_000004,1,1,1,1,1
RU_HIN_000141,SRC_000003,1,1,1,1,1
RU_HIN_000142,SRC_000003,0,0,0,0,0
RU_HIN_000143,SRC_000002,1,1,1,1,1
RU_HIN_000144,SRC_000001,1,1,1,1,1
RU_HIN_000145,SRC_000003,1,1,1,1,1
RU_HIN_000146,SRC_000001,1,1,1,1,1
RU_HIN_000147,SRC_000001,1,1,1,1,1
RU_HIN_000148,SRC_000004,1,1,1,1,1
RU_HIN_000149,SRC_000004,0,0,0,0,0
RU_HIN_000150,SRC_000004,1,1,1,1,1
RU_HIN_000151,SRC_000002,0,0,0,0,0
RU_HIN_000152,SRC_000001,0,0,0,0,0
RU_HIN_000153,SRC_000005,1,1,1,1,1
RU_HIN_000154,SRC_000005,1,1,1,1,1
RU_HIN_000155,SRC_000002,1,1,1,1,1
RU_HIN_000156,SRC_000002,1,1,1,1,1
RU_HIN_000157,SRC_000004,1,1,1,1,1
RU_HIN_000158,SRC_000001,1,1,1,1,1
RU_HIN_000159,SRC_000001,1,1,1,1,1
RU_HIN_000160,SRC_000004,1,1,1,1,1
RU_HIN_000161,SRC_000002,1,1,1,1,1
RU_HIN_000162,SRC_000004,1,1,1,1,1
RU_HIN_000163,SRC_000003,1,1,1,1,1
RU_HIN_000164,SRC_000005,0,0,0,0,0
RU_HIN_000165,SRC_000001,1,1,1,1,1
RU_HIN_000166,SRC_000005,0,0,0,0,0
RU_HIN_000167,SRC_000004,1,1,1,1,1
RU_HIN_000168,SRC_000005,1,1,1,1,1
RU_HIN_000169,SRC_000004,1,1,1,1,1
RU_HIN_000170,SRC_000002,1,1,1,1,1
RU_HIN_000171,SRC_000004,1,1,1,1,1
RU_HIN_000172,SRC_000003,1,1,1,1,1
RU_HIN_000173,SRC_000005,1,1,1,1,1
RU_HIN_000174,SRC_000005,1,1,1,1,1
RU_HIN_000175,SRC_000003,1,1,1,1,1
RU_HIN_000176,SRC_000004,1,1,1,1,1
RU_HIN_000177,SRC_000003,1,1,1,1,1
RU_HIN_000178,SRC_000002,1,1,1,1,1
RU_HIN_000179,SRC_000004,1,1,1,1,1
RU_HIN_000180,SRC_000004,1,1,1,1,1
RU_HIN_000181,SRC_000002,1,1,1,1,1
RU_HIN_000182,SRC_000003,1,1,1,1,1
RU_HIN_000183,SRC_000003,1,1,1,1,1
RU_HIN_000184,SRC_000004,1,1,1,1,1
RU_HIN_000185,SRC_000004,0,0,0,0,0
RU_HIN_000186,SRC_000002,1,1,1,1,1
RU_HIN_000187,SRC_000004,0,0,0,0,0
RU_HIN_000188,SRC_000004,1,1,1,1,1
RU_HIN_000189,SRC_000004,1,1,1,1,1
RU_HIN_000190,SRC_000002,0,0,0,0,0
RU_HIN_000191,SRC_000004,1,1,1,1,1
RU_HIN_000192,SRC_000003,0,0,0,0,0
RU_HIN_000193,SRC_000003,1,1,1,1,1
RU_HIN_000194,SRC_000005,1,1,1,1,1
RU_HIN_000195,SRC_000001,1,0,1,1,1
RU_HIN_000196,SRC_000004,1,1,1,1,1
RU_HIN_000197,SRC_000003,1,1,1,1,1
RU_HIN_000198,SRC_000002,1,1,1,1,1
RU_HIN_000199,SRC_000002,1,1,1,1,1
RU_HIN_000200,SRC_000004,1,1,1,1,1
RU_HIN_000201,SRC_000004,1,1,1,1,1
RU_HIN_000202,SRC_000005,1,1,1,1,1
RU_HIN_000203,SRC_000004,1,1,1,1,1
RU_HIN_000204,SRC_000004,1,1,1,1,1
RU_HIN_000205,SRC_000005,1,0,1,1,1
RU_HIN_000206,SRC_000001,1,1,1,1,1
RU_HIN_000207,SRC_000005,1,1,1,1,1
RU_HIN_000208,SRC_000005,1,1,1,1,1
RU_HIN_000209,SRC_000002,1,1,1,1,1
RU_HIN_000210,SRC_000004,1,1,1,1,1
RU_HIN_000211,SRC_000003,0,0,0,0,0
RU_HIN_000212,SRC_000002,0,0,0,0,0
RU_HIN_000213,SRC_000005,0,0,0,0,0
RU_HIN_000214,SRC_000004,0,0,0,0,0
RU_HIN_000215,SRC_000001,1,0,1,1,1
RU_HIN_000216,SRC_000002,1,1,1,1,1
RU_HIN_000217,SRC_000001,1,1,1,1,1
RU_HIN_000218,SRC_000003,0,0,0,0,0
RU_HIN_000219,SRC_000005,0,0,0,0,0
RU_HIN_000220,SRC_000001,1,1,1,1,1
RU_HIN_000221,SRC_000005,1,1,1,1,1
RU_HIN_000222,SRC_000004,1,1,1,1,1
RU_HIN_000223,SRC_000004,1,1,1,1,1
RU_HIN_000224,SRC_000004,1,1,1,1,1
RU_HIN_000225,SRC_000004,1,1,1,1,1
RU_HIN_000226,SRC_000003,1,1,1,1,1
RU_HIN_000227,SRC_000004,0,0,0,0,0
RU_HIN_000228,SRC_000003,0,0,0,0,0
RU_HIN_000229,SRC_000004,1,1,1,1,1
RU_HIN_000230,SRC_000001,1,1,1,1,1
RU_HIN_000231,SRC_000003,1,0,1,1,1
RU_HIN_000232,SRC_000001,1,1,1,1,1
RU_HIN_000233,SRC_000003,0,0,0,0,0
RU_HIN_000234,SRC_000003,1,0,1,1,1
RU_HIN_000235,SRC_000002,1,1,1,1,1
RU_HIN_000236,SRC_000001,0,0,0,0,0
RU_HIN_000237,SRC_000005,1,1,1,1,1
RU_HIN_000238,SRC_000002,1,1,1,1,1
RU_HIN_000239,SRC_000004,0,0,0,0,0
RU_HIN_000240,SRC_000004,1,1,1,1,1
RU_HIN_000241,SRC_000004,1,0,1,1,1
RU_HIN_000242,SRC_000004,1,1,1,1,1
RU_HIN_000243,SRC_000004,0,0,0,0,0
RU_HIN_000244,SRC_000001,1,1,1,1,1
RU_HIN_000245,SRC_000005,1,1,1,1,1
RU_HIN_000246,SRC_000001,1,1,1,1,1
RU_HIN_000247,SRC_000004,1,1,1,1,1
RU_HIN_000248,SRC_000004,1,1,1,1,1
RU_HIN_000249,SRC_000003,1,0,1,1,1
RU_HIN_000250,SRC_000001,0,0,0,0,0
RU_HIN_000251,SRC_000004,0,0,0,0,0
RU_HIN_000252,SRC_000002,1,1,1,1,1
RU_HIN_000253,SRC_000004,0,0,0,0,0
RU_HIN_000254,SRC_000003,1,1,1,1,1
RU_HIN_000255,SRC_000002,1,1,1,1,1
RU_HIN_000256,SRC_000005,1,1,1,1,1
RU_HIN_000257,SRC_000004,1,0,1,1,1
RU_HIN_000258,SRC_000005,0,0,0,0,0
RU_HIN_000259,SRC_000001,1,1,1,1,1
RU_HIN_000260,SRC_000003,1,1,1,1,1
RU_HIN_000261,SRC_000001,0,0,0,0,0
RU_HIN_000262,SRC_000001,1,1,1,1,1
RU_HIN_000263,SRC_000004,1,1,1,1,1
RU_HIN_000264,SRC_000005,1,1,1,1,1
RU_HIN_000265,SRC_000002,1,1,1,1,1
RU_HIN_000266,SRC_000004,1,1,1,1,1
RU_HIN_000267,SRC_000003,0,0,0,0,0
RU_HIN_000268,SRC_000003,1,1,1,1,1
RU_HIN_000269,SRC_000001,1,1,1,1,1
RU_HIN_000270,SRC_000002,0,0,0,0,0
RU_HIN_000271,SRC_000003,1,1,1,1,1
RU_HIN_000272,SRC_000002,1,1,1,1,1
RU_HIN_000273,SRC_000001,0,0,0,0,0
RU_HIN_000274,SRC_000001,0,0,0,0,0
RU_HIN_000275,SRC_000005,1,1,1,1,1
RU_HIN_000276,SRC_000001,1,1,1,1,1
RU_HIN_000277,SRC_000005,0,0,0,0,0
RU_HIN_000278,SRC_000001,0,0,0,0,0
RU_HIN_000279,SRC_000004,1,1,1,1,1
RU_HIN_000280,SRC_000003,1,1,1,1,1
RU_HIN_000281,SRC_000001,1,1,1,1,1
RU_HIN_000282,SRC_000003,1,0,1,1,1
RU_HIN_000283,SRC_000002,1,1,1,1,1
RU_HIN_000284,SRC_000005,0,0,0,0,0
RU_HIN_000285,SRC_000002,1,1,1,1,1
RU_HIN_000286,SRC_000003,1,1,1,1,1
RU_HIN_000287,SRC_000003,1,1,1,1,1
RU_HIN_000288,SRC_000003,1,1,1,1,1
RU_HIN_000289,SRC_000003,1,1,1,1,1
RU_HIN_000290,SRC_000004,1,1,1,1,1
RU_HIN_000291,SRC_000005,1,1,1,1,1
RU_HIN_000292,SRC_000001,1,1,1,1,1
RU_HIN_000293,SRC_000005,1,1,1,1,1
RU_HIN_000294,SRC_000004,1,1,1,1,1
RU_HIN_000295,SRC_000003,1,1,1,1,1
RU_HIN_000296,SRC_000003,1,1,1,1,1
RU_HIN_000297,SRC_000003,0,0,0,0,0
RU_HIN_000298,SRC_000003,1,1,1,1,1
RU_HIN_000299,SRC_000003,1,1,1,1,1
RU_HIN_000300,SRC_000005,0,0,0,0,0
RU_HIN_000301,SRC_000003,1,1,1,1,1
RU_HIN_000302,SRC_000005,1,1,1,1,1
RU_HIN_000303,SRC_000002,0,0,0,0,0
RU_HIN_000304,SRC_000002,1,1,1,1,1
RU_HIN_000305,SRC_000005,0,0,0,0,0
RU_HIN_000306,SRC_000003,1,1,1,1,1
RU_HIN_000307,SRC_000002,0,0,0,0,0
RU_HIN_000308,SRC_000004,1,1,1,1,1
RU_HIN_000309,SRC_000005,0,0,0,0,0
RU_HIN_000310,SRC_000002,1,1,1,1,1
RU_HIN_000311,SRC_000003,0,0,0,0,0
RU_HIN_000312,SRC_000003,1,1,1,1,1
RU_HIN_000313,SRC_000002,1,1,1,1,1
RU_HIN_000314,SRC_000004,1,1,1,1,1
RU_HIN_000315,SRC_000003,0,0,0,0,0
RU_HIN_000316,SRC_000004,1,1,1,1,1
RU_HIN_000317,SRC_000002,0,0,0,0,0
RU_HIN_000318,SRC_000001,1,1,1,1,1
RU_HIN_000319,SRC_000001,1,1,1,1,1
RU_HIN_000320,SRC_000003,1,1,1,1,1
RU_HIN_000321,SRC_000002,1,1,1,1,1
RU_HIN_000322,SRC_000001,1,1,1,1,1
RU_HIN_000323,SRC_000001,1,1,1,1,1
RU_HIN_000324,SRC_000002,1,1,1,1,1
RU_HIN_000325,SRC_000001,1,1,1,1,1
RU_HIN_000326,SRC_000002,1,1,1,1,1
RU_HIN_000327,SRC_000005,1,1,1,1,1
RU_HIN_000328,SRC_000001,1,1,1,1,1
RU_HIN_000329,SRC_000004,1,1,1,1,1
RU_HIN_000330,SRC_000001,0,0,0,0,0
RU_HIN_000331,SRC_000002,1,1,1,1,1
RU_HIN_000332,SRC_000002,1,1,1,1,1
RU_HIN_000333,SRC_000004,1,1,1,1,1
RU_HIN_000334,SRC_000001,0,0,0,0,0
RU_HIN_000335,SRC_000001,1,1,1,1,1
RU_HIN_000336,SRC_000003,1,1,1,1,1
RU_HIN_000337,SRC_000001,1,1,1,1,1
RU_HIN_000338,SRC_000003,1,1,1,1,1
RU_HIN_000339,SRC_000004,1,1,1,1,1
RU_HIN_000340,SRC_000002,1,1,1,1,1
RU_HIN_000341,SRC_000001,1,1,1,1,1
RU_HIN_000342,SRC_000005,1,1,1,1,1
RU_HIN_000343,SRC_000003,1,1,1,1,1
RU_HIN_000344,SRC_000004,1,1,1,1,1
RU_HIN_000345,SRC_000003,1,0,1,1,1
RU_HIN_000346,SRC_000001,1,1,1,1,1
RU_HIN_000347,SRC_000001,0,0,0,0,0
RU_HIN_000348,SRC_000001,1,1,1,1,1
RU_HIN_000349,SRC_000004,1,1,1,1,1
RU_HIN_000350,SRC_000003,1,1,1,1,1
RU_HIN_000351,SRC_000005,1,1,1,1,1
RU_HIN_000352,SRC_000001,1,1,1,1,1
RU_HIN_000353,SRC_000005,1,1,1,1,1
RU_HIN_000354,SRC_000002,1,1,1,1,1
RU_HIN_000355,SRC_000001,0,0,0,0,0
RU_HIN_000356,SRC_000002,1,1,1,1,1
RU_HIN_000357,SRC_000003,1,1,1,1,1
RU_HIN_000358,SRC_000002,1,1,1,1,1
RU_HIN_000359,SRC_000005,1,1,1,1,1
RU_HIN_000360,SRC_000002,1,1,1,1,1
RU_HIN_000361,SRC_000005,1,1,1,1,1
RU_HIN_000362,SRC_000003,1,0,1,1,1
RU_HIN_000363,SRC_000005,0,0,0,0,0
RU_HIN_000364,SRC_000002,1,1,1,1,1
RU_HIN_000365,SRC_000005,1,1,1,1,1
RU_HIN_000366,SRC_000004,0,0,0,0,0
RU_HIN_000367,SRC_000005,1,1,1,1,1
RU_HIN_000368,SRC_000002,0,0,0,0,0
RU_HIN_000369,SRC_000001,1,1,1,1,1
RU_HIN_000370,SRC_000003,1,1,1,1,1
RU_HIN_000371,SRC_000002,1,1,1,1,1
RU_HIN_000372,SRC_000001,1,1,1,1,1
RU_HIN_000373,SRC_000005,1,1,1,1,1
RU_HIN_000374,SRC_000005,1,1,1,1,1
RU_HIN_000375,SRC_000002,1,1,1,1,1
RU_HIN_000376,SRC_000001,1,1,1,1,1
RU_HIN_000377,SRC_000002,1,1,1,1,1
RU_HIN_000378,SRC_000003,1,1,1,1,1
RU_HIN_000379,SRC_000003,1,1,1,1,1
RU_HIN_000380,SRC_000002,1,1,1,1,1
RU_HIN_000381,SRC_000005,1,1,1,1,1
RU_HIN_000382,SRC_000005,1,1,1,1,1
RU_HIN_000383,SRC_000005,1,1,1,1,1
RU_HIN_000384,SRC_000001,0,0,0,0,0
RU_HIN_000385,SRC_000002,1,1,1,1,1
RU_HIN_000386,SRC_000003,1,1,1,1,1
RU_HIN_000387,SRC_000005,0,0,0,0,0
RU_HIN_000388,SRC_000002,1,1,1,1,1
RU_HIN_000389,SRC_000001,1,1,1,1,1
RU_HIN_000390,SRC_000005,1,1,1,1,1
RU_HIN_000391,SRC_000005,1,1,1,1,1
RU_HIN_000392,SRC_000004,0,0,0,0,0
RU_HIN_000393,SRC_000005,0,0,0,0,0
RU_HIN_000394,SRC_000005,1,1,1,1,1
RU_HIN_000395,SRC_000001,1,1,1,1,1
RU_HIN_000396,SRC_000002,0,0,0,0,0
RU_HIN_000397,SRC_000005,1,1,1,1,1
RU_HIN_000398,SRC_000005,1,1,1,1,1
RU_HIN_000399,SRC_000001,1,1,1,1,1
RU_HIN_000400,SRC_000005,0,0,0,0,0
RU_HIN_000401,SRC_000005,1,1,1,1,1
RU_HIN_000402,SRC_000005,1,1,1,1,1
RU_HIN_000403,SRC_000002,1,1,1,1,1
RU_HIN_000404,SRC_000001,1,1,1,1,1
RU_HIN_000405,SRC_000002,1,1,1,1,1
RU_HIN_000406,SRC_000002,1,1,1,1,1
RU_HIN_000407,SRC_000005,1,1,1,1,1
RU_HIN_000408,SRC_000005,1,1,1,1,1
RU_HIN_000409,SRC_000002,1,1,1,1,1
RU_HIN_000410,SRC_000003,1,1,1,1,1
RU_HIN_000411,SRC_000004,1,1,1,1,1
RU_HIN_000412,SRC_000001,1,1,1,1,1
RU_HIN_000413,SRC_000003,1,1,1,1,1
RU_HIN_000414,SRC_000003,1,1,1,1,1
RU_HIN_000415,SRC_000002,1,1,1,1,1
RU_HIN_000416,SRC_000001,0,0,0,0,0
RU_HIN_000417,SRC_000002,1,1,1,1,1
RU_HIN_000418,SRC_000001,1,1,1,1,1
RU_HIN_000419,SRC_000002,1,0,1,1,1
RU_HIN_000420,SRC_000004,0,0,0,0,0
RU_HIN_000421,SRC_000002,1,1,1,1,1
RU_HIN_000422,SRC_000005,1,1,1,1,1
RU_HIN_000423,SRC_000004,0,0,0,0,0
RU_HIN_000424,SRC_000004,0,0,0,0,0
RU_HIN_000425,SRC_000001,1,1,1,1,1
RU_HIN_000426,SRC_000003,1,0,1,1,1
RU_HIN_000427,SRC_000002,1,1,1,1,1
RU_HIN_000428,SRC_000003,1,1,1,1,1
RU_HIN_000429,SRC_000001,1,1,1,1,1
RU_HIN_000430,SRC_000002,0,0,0,0,0
RU_HIN_000431,SRC_000004,1,1,1,1,1
RU_HIN_000432,SRC_000002,1,1,1,1,1
RU_HIN_000433,SRC_000003,1,1,1,1,1
RU_HIN_000434,SRC_000003,1,1,1,1,1
RU_HIN_000435,SRC_000003,1,1,1,1,1
RU_HIN_000436,SRC_000003,1,1,1,1,1
RU_HIN_000437,SRC_000003,1,1,1,1,1
RU_HIN_000438,SRC_000004,1,1,1,1,1
RU_HIN_000439,SRC_000005,0,0,0,0,0
RU_HIN_000440,SRC_000002,0,0,0,0,0
RU_HIN_000441,SRC_000005,1,1,1,1,1
RU_HIN_000442,SRC_000005,1,1,1,1,1
RU_HIN_000443,SRC_000002,0,0,0,0,0
RU_HIN_000444,SRC_000001,1,1,1,1,1
RU_HIN_000445,SRC_000005,0,0,0,0,0
RU_HIN_000446,SRC_000002,1,1,1,1,1
RU_HIN_000447,SRC_000003,1,1,1,1,1
RU_HIN_000448,SRC_000002,1,1,1,1,1
RU_HIN_000449,SRC_000001,1,0,1,1,1
RU_HIN_000450,SRC_000004,1,1,1,1,1
RU_HIN_000451,SRC_000004,1,0,1,1,1
RU_HIN_000452,SRC_000004,1,1,1,1,1
RU_HIN_000453,SRC_000001,1,0,1,1,1
RU_HIN_000454,SRC_000005,1,1,1,1,1
RU_HIN_000455,SRC_000001,1,1,1,1,1
RU_HIN_000456,SRC_000002,1,1,1,1,1
RU_HIN_000457,SRC_000002,0,0,0,0,0
RU_HIN_000458,SRC_000004,0,0,0,0,0
RU_HIN_000459,SRC_000002,1,1,1,1,1
RU_HIN_000460,SRC_000005,1,1,1,1,1
RU_HIN_000461,SRC_000001,1,1,1,1,1
RU_HIN_000462,SRC_000002,1,0,1,1,1
RU_HIN_000463,SRC_000005,1,1,1,1,1
RU_HIN_000464,SRC_000003,1,0,1,1,1
RU_HIN_000465,SRC_000004,1,1,1,1,1
RU_HIN_000466,SRC_000005,1,1,1,1,1
RU_HIN_000467,SRC_000005,1,1,1,1,1
RU_HIN_000468,SRC_000003,1,1,1,1,1
RU_HIN_000469,SRC_000002,0,0,0,0,0
RU_HIN_000470,SRC_000004,1,1,1,1,1
RU_HIN_000471,SRC_000004,1,1,1,1,1
RU_HIN_000472,SRC_000004,1,1,1,1,1
RU_HIN_000473,SRC_000003,1,1,1,1,1
RU_HIN_000474,SRC_000002,1,1,1,1,1
RU_HIN_000475,SRC_000002,1,1,1,1,1
RU_HIN_000476,SRC_000002,1,1,1,1,1
RU_HIN_000477,SRC_000005,1,1,1,1,1
RU_HIN_000478,SRC_000003,1,1,1,1,1
RU_HIN_000479,SRC_000003,1,1,1,1,1
RU_HIN_000480,SRC_000001,1,1,1,1,1
RU_HIN_000481,SRC_000003,1,1,1,1,1
RU_HIN_000482,SRC_000001,1,1,1,1,1
RU_HIN_000483,SRC_000002,1,1,1,1,1
RU_HIN_000484,SRC_000004,1,1,1,1,1
RU_HIN_000485,SRC_000004,1,1,1,1,1
RU_HIN_000486,SRC_000002,0,0,0,0,0
RU_HIN_000487,SRC_000002,1,1,1,1,1
RU_HIN_000488,SRC_000005,0,0,0,0,0
RU_HIN_000489,SRC_000001,1,1,1,1,1
RU_HIN_000490,SRC_000002,1,1,1,1,1
RU_HIN_000491,SRC_000001,1,1,1,1,1
RU_HIN_000492,SRC_000001,1,1,1,1,1
RU_HIN_000493,SRC_000001,1,1,1,1,1
RU_HIN_000494,SRC_000005,1,1,1,1,1
RU_HIN_000495,SRC_000001,1,1,1,1,1
RU_HIN_000496,SRC_000003,0,0,0,0,0
RU_HIN_000497,SRC_000003,1,1,1,1,1
RU_HIN_000498,SRC_000003,0,0,0,0,0
RU_HIN_000499,SRC_000001,1,1,1,1,1
RU_HIN_000500,SRC_000001,1,1,1,1,1
RU_HIN_000501,SRC_000004,1,1,1,1,1
RU_HIN_000502,SRC_000005,1,1,1,1,1
RU_HIN_000503,SRC_000001,1,1,1,1,1
RU_HIN_000504,SRC_000002,1,1,1,1,1
RU_HIN_000505,SRC_000004,1,1,1,1,1
RU_HIN_000506,SRC_000005,1,1,1,1,1
RU_HIN_000507,SRC_000005,1,0,1,1,1
RU_HIN_000508,SRC_000001,1,1,1,1,1
RU_HIN_000509,SRC_000005,1,0,1,1,1
RU_HIN_000510,SRC_000003,1,1,1,1,1
RU_HIN_000511,SRC_000002,1,1,1,1,1
RU_HIN_000512,SRC_000002,1,1,1,1,1
RU_HIN_000513,SRC_000005,0,0,0,0,0
RU_HIN_000514,SRC_000001,1,1,1,1,1
RU_HIN_000515,SRC_000003,1,1,1,1,1
RU_HIN_000516,SRC_000004,0,0,0,0,0
RU_HIN_000517,SRC_000002,1,1,1,1,1
RU_HIN_000518,SRC_000001,1,1,1,1,1
RU_HIN_000519,SRC_000004,1,1,1,1,1
RU_HIN_000520,SRC_000005,1,1,1,1,1
RU_HIN_000521,SRC_000002,1,1,1,1,1
RU_HIN_000522,SRC_000002,1,1,1,1,1
RU_HIN_000523,SRC_000003,0,0,0,0,0
RU_HIN_000524,SRC_000003,1,1,1,1,1
RU_HIN_000525,SRC_000004,1,1,1,1,1
RU_HIN_000526,SRC_000003,1,1,1,1,1
RU_HIN_000527,SRC_000003,0,0,0,0,0
RU_HIN_000528,SRC_000003,1,1,1,1,1
RU_HIN_000529,SRC_000003,1,0,1,1,1
RU_HIN_000530,SRC_000003,1,1,1,1,1
RU_HIN_000531,SRC_000003,1,1,1,1,1
RU_HIN_000532,SRC_000001,1,1,1,1,1
RU_HIN_000533,SRC_000004,1,1,1,1,1
RU_HIN_000534,SRC_000004,1,1,1,1,1
RU_HIN_000535,SRC_000003,1,1,1,1,1
RU_HIN_000536,SRC_000001,1,0,1,1,1
RU_HIN_000537,SRC_000005,1,1,1,1,1
RU_HIN_000538,SRC_000003,0,0,0,0,0
RU_HIN_000539,SRC_000001,1,1,1,1,1
RU_HIN_000540,SRC_000005,1,1,1,1,1
RU_HIN_000541,SRC_000004,1,1,1,1,1
RU_HIN_000542,SRC_000005,1,1,1,1,1
RU_HIN_000543,SRC_000003,1,1,1,1,1
RU_HIN_000544,SRC_000001,1,1,1,1,1
RU_HIN_000545,SRC_000001,1,1,1,1,1
RU_HIN_000546,SRC_000004,1,1,1,1,1
RU_HIN_000547,SRC_000001,1,1,1,1,1
RU_HIN_000548,SRC_000001,1,1,1,1,1
RU_HIN_000549,SRC_000003,1,1,1,1,1
RU_HIN_000550,SRC_000005,1,1,1,1,1
RU_HIN_000551,SRC_000004,0,0,0,0,0
RU_HIN_000552,SRC_000002,1,1,1,1,1
RU_HIN_000553,SRC_000005,1,1,1,1,1
RU_HIN_000554,SRC_000001,1,1,1,1,1
RU_HIN_000555,SRC_000005,0,0,0,0,0
RU_HIN_000556,SRC_000003,1,1,1,1,1
RU_HIN_000557,SRC_000004,1,0,1,1,1
RU_HIN_000558,SRC_000005,1,1,1,1,1
RU_HIN_000559,SRC_000003,1,1,1,1,1
RU_HIN_000560,SRC_000002,1,1,1,1,1
RU_HIN_000561,SRC_000002,1,1,1,1,1
RU_HIN_000562,SRC_000005,1,1,1,1,1
RU_HIN_000563,SRC_000004,1,1,1,1,1
RU_HIN_000564,SRC_000004,1,1,1,1,1
RU_HIN_000565,SRC_000005,0,0,0,0,0
RU_HIN_000566,SRC_000002,0,0,0,0,0
RU_HIN_000567,SRC_000004,1,1,1,1,1
RU_HIN_000568,SRC_000002,1,1,1,1,1
RU_HIN_000569,SRC_000001,1,1,1,1,1
RU_HIN_000570,SRC_000004,0,0,0,0,0
RU_HIN_000571,SRC_000005,1,1,1,1,1
RU_HIN_000572,SRC_000005,1,1,1,1,1
RU_HIN_000573,SRC_000005,1,0,1,1,1
RU_HIN_000574,SRC_000002,0,0,0,0,0
RU_HIN_000575,SRC_000003,0,0,0,0,0
RU_HIN_000576,SRC_000001,1,1,1,1,1
RU_HIN_000577,SRC_000002,1,1,1,1,1
RU_HIN_000578,SRC_000001,1,1,1,1,1
RU_HIN_000579,SRC_000003,1,1,1,1,1
RU_HIN_000580,SRC_000002,0,0,0,0,0
RU_HIN_000581,SRC_000002,1,1,1,1,1
RU_HIN_000582,SRC_000004,1,1,1,1,1
RU_HIN_000583,SRC_000004,1,1,1,1,1
RU_HIN_000584,SRC_000005,1,1,1,1,1
RU_HIN_000585,SRC_000004,1,1,1,1,1
RU_HIN_000586,SRC_000003,0,0,0,0,0
RU_HIN_000587,SRC_000002,0,0,0,0,0
RU_HIN_000588,SRC_000003,0,0,0,0,0
RU_HIN_000589,SRC_000005,1,1,1,1,1
RU_HIN_000590,SRC_000001,1,1,1,1,1
RU_HIN_000591,SRC_000001,1,1,1,1,1
RU_HIN_000592,SRC_000002,0,0,0,0,0
RU_HIN_000593,SRC_000003,1,1,1,1,1
RU_HIN_000594,SRC_000003,0,0,0,0,0
RU_HIN_000595,SRC_000004,1,1,1,1,1
RU_HIN_000596,SRC_000001,1,1,1,1,1
RU_HIN_000597,SRC_000001,1,1,1,1,1
RU_HIN_000598,SRC_000001,1,1,1,1,1
RU_HIN_000599,SRC_000002,1,1,1,1,1
RU_HIN_000600,SRC_000001,1,1,1,1,1
RU_HIN_000601,SRC_000004,1,1,1,1,1
RU_HIN_000602,SRC_000005,1,1,1,1,1
RU_HIN_000603,SRC_000003,1,1,1,1,1
RU_HIN_000604,SRC_000005,1,1,1,1,1
RU_HIN_000605,SRC_000001,0,0,0,0,0
RU_HIN_000606,SRC_000003,1,1,1,1,1
RU_HIN_000607,SRC_000003,1,1,1,1,1
RU_HIN_000608,SRC_000003,1,1,1,1,1
RU_HIN_000609,SRC_000003,1,1,1,1,1
RU_HIN_000610,SRC_000004,1,1,1,1,1
RU_HIN_000611,SRC_000003,1,1,1,1,1
RU_HIN_000612,SRC_000005,1,1,1,1,1
RU_HIN_000613,SRC_000001,1,1,1,1,1
RU_HIN_000614,SRC_000001,0,0,0,0,0
RU_HIN_000615,SRC_000005,1,1,1,1,1
RU_HIN_000616,SRC_000005,1,1,1,1,1
RU_HIN_000617,SRC_000003,1,1,1,1,1
RU_HIN_000618,SRC_000005,1,1,1,1,1
RU_HIN_000619,SRC_000004,1,0,1,1,1
RU_HIN_000620,SRC_000001,1,1,1,1,1
RU_HIN_000621,SRC_000004,1,1,1,1,1
RU_HIN_000622,SRC_000001,1,1,1,1,1
RU_HIN_000623,SRC_000004,1,1,1,1,1
RU_HIN_000624,SRC_000003,0,0,0,0,0
RU_HIN_000625,SRC_000001,1,1,1,1,1
RU_HIN_000626,SRC_000005,1,1,1,1,1
RU_HIN_000627,SRC_000004,1,1,1,1,1
RU_HIN_000628,SRC_000003,1,1,1,1,1
RU_HIN_000629,SRC_000002,1,1,1,1,1
RU_HIN_000630,SRC_000002,1,1,1,1,1
RU_HIN_000631,SRC_000002,1,1,1,1,1
RU_HIN_000632,SRC_000003,1,1,1,1,1
RU_HIN_000633,SRC_000001,1,1,1,1,1
RU_HIN_000634,SRC_000002,1,0,1,1,1
RU_HIN_000635,SRC_000001,0,0,0,0,0
RU_HIN_000636,SRC_000001,1,1,1,1,1
RU_HIN_000637,SRC_000003,0,0,0,0,0
RU_HIN_000638,SRC_000004,1,1,1,1,1
RU_HIN_000639,SRC_000005,1,1,1,1,1
RU_HIN_000640,SRC_000002,1,1,1,1,1
RU_HIN_000641,SRC_000001,1,1,1,1,1
RU_HIN_000642,SRC_000002,1,0,1,1,1
RU_HIN_000643,SRC_000004,1,0,1,1,1
RU_HIN_000644,SRC_000003,1,1,1,1,1
RU_HIN_000645,SRC_000003,1,0,1,1,1
RU_HIN_000646,SRC_000005,1,1,1,1,1
RU_HIN_000647,SRC_000005,1,1,1,1,1
RU_HIN_000648,SRC_000003,0,0,0,0,0
RU_HIN_000649,SRC_000003,1,1,1,1,1
RU_HIN_000650,SRC_000002,0,0,0,0,0
RU_HIN_000651,SRC_000002,1,1,1,1,1
RU_HIN_000652,SRC_000004,1,1,1,1,1
RU_HIN_000653,SRC_000003,1,1,1,1,1
RU_HIN_000654,SRC_000002,1,1,1,1,1
RU_HIN_000655,SRC_000003,1,1,1,1,1
RU_HIN_000656,SRC_000004,1,1,1,1,1
RU_HIN_000657,SRC_000002,1,0,1,1,1
RU_HIN_000658,SRC_000005,1,1,1,1,1
RU_HIN_000659,SRC_000001,1,1,1,1,1
RU_HIN_000660,SRC_000002,0,0,0,0,0
RU_HIN_000661,SRC_000001,1,1,1,1,1
RU_HIN_000662,SRC_000001,0,0,0,0,0
RU_HIN_000663,SRC_000001,1,1,1,1,1
RU_HIN_000664,SRC_000002,1,1,1,1,1
RU_HIN_000665,SRC_000001,1,1,1,1,1
RU_HIN_000666,SRC_000002,1,1,1,1,1
RU_HIN_000667,SRC_000001,1,1,1,1,1
RU_HIN_000668,SRC_000004,0,0,0,0,0
RU_HIN_000669,SRC_000001,1,1,1,1,1
RU_HIN_000670,SRC_000005,1,1,1,1,1
RU_HIN_000671,SRC_000003,1,1,1,1,1
RU_HIN_000672,SRC_000005,1,1,1,1,1
RU_HIN_000673,SRC_000001,1,1,1,1,1
RU_HIN_000674,SRC_000001,1,1,1,1,1
RU_HIN_000675,SRC_000001,1,1,1,1,1
RU_HIN_000676,SRC_000002,0,0,0,0,0
RU_HIN_000677,SRC_000003,1,1,1,1,1
RU_HIN_000678,SRC_000005,1,1,1,1,1
RU_HIN_000679,SRC_000005,0,0,0,0,0
RU_HIN_000680,SRC_000005,1,1,1,1,1
RU_HIN_000681,SRC_000001,1,1,1,1,1
RU_HIN_000682,SRC_000001,0,0,0,0,0
RU_HIN_000683,SRC_000003,1,1,1,1,1
RU_HIN_000684,SRC_000001,1,1,1,1,1
RU_HIN_000685,SRC_000005,1,0,1,1,1
RU_HIN_000686,SRC_000004,1,1,1,1,1
RU_HIN_000687,SRC_000002,1,1,1,1,1
RU_HIN_000688,SRC_000003,1,1,1,1,1
RU_HIN_000689,SRC_000005,1,1,1,1,1
RU_HIN_000690,SRC_000002,1,1,1,1,1
RU_HIN_000691,SRC_000002,1,1,1,1,1
RU_HIN_000692,SRC_000004,1,1,1,1,1
RU_HIN_000693,SRC_000003,1,1,1,1,1
RU_HIN_000694,SRC_000004,1,1,1,1,1
RU_HIN_000695,SRC_000003,0,0,0,0,0
RU_HIN_000696,SRC_000001,1,1,1,1,1
RU_HIN_000697,SRC_000004,0,0,0,0,0
RU_HIN_000698,SRC_000001,0,0,0,0,0
RU_HIN_000699,SRC_000002,1,1,1,1,1
RU_HIN_000700,SRC_000001,1,1,1,1,1
RU_HIN_000701,SRC_000003,0,0,0,0,0
RU_HIN_000702,SRC_000005,1,1,1,1,1
RU_HIN_000703,SRC_000004,1,1,1,1,1
RU_HIN_000704,SRC_000001,1,1,1,1,1
RU_HIN_000705,SRC_000005,0,0,0,0,0
RU_HIN_000706,SRC_000003,1,1,1,1,1
RU_HIN_000707,SRC_000005,0,0,0,0,0
RU_HIN_000708,SRC_000001,1,1,1,1,1
RU_HIN_000709,SRC_000005,1,1,1,1,1
RU_HIN_000710,SRC_000002,1,1,1,1,1
RU_HIN_000711,SRC_000001,0,0,0,0,0
RU_HIN_000712,SRC_000004,1,1,1,1,1
RU_HIN_000713,SRC_000003,1,1,1,1,1
RU_HIN_000714,SRC_000003,1,1,1,1,1
RU_HIN_000715,SRC_000005,1,1,1,1,1
RU_HIN_000716,SRC_000003,1,1,1,1,1
RU_HIN_000717,SRC_000004,1,1,1,1,1
RU_HIN_000718,SRC_000004,1,1,1,1,1
RU_HIN_000719,SRC_000001,1,1,1,1,1
RU_HIN_000720,SRC_000002,1,1,1,1,1
RU_HIN_000721,SRC_000002,1,1,1,1,1
RU_HIN_000722,SRC_000001,1,1,1,1,1
RU_HIN_000723,SRC_000003,1,1,1,1,1
RU_HIN_000724,SRC_000001,1,1,1,1,1
RU_HIN_000725,SRC_000005,0,0,0,0,0
RU_HIN_000726,SRC_000004,1,1,1,1,1
RU_HIN_000727,SRC_000001,1,1,1,1,1
RU_HIN_000728,SRC_000001,0,0,0,0,0
RU_HIN_000729,SRC_000001,1,1,1,1,1
RU_HIN_000730,SRC_000001,0,0,0,0,0
RU_HIN_000731,SRC_000003,0,0,0,0,0
RU_HIN_000732,SRC_000002,1,1,1,1,1
RU_HIN_000733,SRC_000003,1,1,1,1,1
RU_HIN_000734,SRC_000004,0,0,0,0,0
RU_HIN_000735,SRC_000005,0,0,0,0,0
RU_HIN_000736,SRC_000001,1,1,1,1,1
RU_HIN_000737,SRC_000005,1,1,1,1,1
RU_HIN_000738,SRC_000001,1,1,1,1,1
RU_HIN_000739,SRC_000002,1,1,1,1,1
RU_HIN_000740,SRC_000001,1,1,1,1,1
RU_HIN_000741,SRC_000005,1,1,1,1,1
RU_HIN_000742,SRC_000003,0,0,0,0,0
RU_HIN_000743,SRC_000001,1,1,1,1,1
RU_HIN_000744,SRC_000005,0,0,0,0,0
RU_HIN_000745,SRC_000002,1,1,1,1,1
RU_HIN_000746,SRC_000004,1,1,1,1,1
RU_HIN_000747,SRC_000003,0,0,0,0,0
RU_HIN_000748,SRC_000003,0,0,0,0,0
RU_HIN_000749,SRC_000003,1,1,1,1,1
RU_HIN_000750,SRC_000001,1,0,1,1,1
RU_HIN_000751,SRC_000005,1,1,1,1,1
RU_HIN_000752,SRC_000001,1,1,1,1,1
RU_HIN_000753,SRC_000003,1,1,1,1,1
RU_HIN_000754,SRC_000002,0,0,0,0,0
RU_HIN_000755,SRC_000005,1,1,1,1,1
RU_HIN_000756,SRC_000004,1,1,1,1,1
RU_HIN_000757,SRC_000004,1,1,1,1,1
RU_HIN_000758,SRC_000002,1,1,1,1,1
RU_HIN_000759,SRC_000005,0,0,0,0,0
RU_HIN_000760,SRC_000003,1,1,1,1,1
RU_HIN_000761,SRC_000003,1,1,1,1,1
RU_HIN_000762,SRC_000003,0,0,0,0,0
RU_HIN_000763,SRC_000003,1,1,1,1,1
RU_HIN_000764,SRC_000004,0,0,0,0,0
RU_HIN_000765,SRC_000004,1,1,1,1,1
RU_HIN_000766,SRC_000004,0,0,0,0,0
RU_HIN_000767,SRC_000002,1,1,1,1,1
RU_HIN_000768,SRC_000003,1,1,1,1,1
RU_HIN_000769,SRC_000003,1,0,1,1,1
RU_HIN_000770,SRC_000001,1,1,1,1,1
RU_HIN_000771,SRC_000005,1,1,1,1,1
RU_HIN_000772,SRC_000005,1,1,1,1,1
RU_HIN_000773,SRC_000004,1,1,1,1,1
RU_HIN_000774,SRC_000001,0,0,0,0,0
RU_HIN_000775,SRC_000001,1,1,1,1,1
RU_HIN_000776,SRC_000003,1,1,1,1,1
RU_HIN_000777,SRC_000002,0,0,0,0,0
RU_HIN_000778,SRC_000003,1,1,1,1,1
RU_HIN_000779,SRC_000002,1,0,1,1,1
RU_HIN_000780,SRC_000003,1,1,1,1,1
RU_HIN_000781,SRC_000002,1,1,1,1,1
RU_HIN_000782,SRC_000001,1,1,1,1,1
RU_HIN_000783,SRC_000001,0,0,0,0,0
RU_HIN_000784,SRC_000005,1,1,1,1,1
RU_HIN_000785,SRC_000001,1,1,1,1,1
RU_HIN_000786,SRC_000004,1,1,1,1,1
RU_HIN_000787,SRC_000004,1,1,1,1,1
RU_HIN_000788,SRC_000004,1,1,1,1,1
RU_HIN_000789,SRC_000001,1,1,1,1,1
RU_HIN_000790,SRC_000005,1,1,1,1,1
RU_HIN_000791,SRC_000002,1,1,1,1,1
RU_HIN_000792,SRC_000003,1,1,1,1,1
RU_HIN_000793,SRC_000005,1,1,1,1,1
RU_HIN_000794,SRC_000001,1,1,1,1,1
RU_HIN_000795,SRC_000003,1,1,1,1,1
RU_HIN_000796,SRC_000003,0,0,0,0,0
RU_HIN_000797,SRC_000004,1,1,1,1,1
RU_HIN_000798,SRC_000002,1,1,1,1,1
RU_HIN_000799,SRC_000004,1,1,1,1,1
RU_HIN_000800,SRC_000003,1,1,1,1,1
RU_HIN_000801,SRC_000003,1,1,1,1,1
RU_HIN_000802,SRC_000002,1,1,1,1,1
RU_HIN_000803,SRC_000001,0,0,0,0,0
RU_HIN_000804,SRC_000002,1,1,1,1,1
RU_HIN_000805,SRC_000002,0,0,0,0,0
RU_HIN_000806,SRC_000004,1,1,1,1,1
RU_HIN_000807,SRC_000005,1,1,1,1,1
RU_HIN_000808,SRC_000005,1,1,1,1,1
RU_HIN_000809,SRC_000002,1,1,1,1,1
RU_HIN_000810,SRC_000005,1,1,1,1,1
RU_HIN_000811,SRC_000004,1,1,1,1,1
RU_HIN_000812,SRC_000002,1,0,1,1,1
RU_HIN_000813,SRC_000005,1,1,1,1,1
RU_HIN_000814,SRC_000002,1,1,1,1,1
RU_HIN_000815,SRC_000004,1,1,1,1,1
RU_HIN_000816,SRC_000001,1,1,1,1,1
RU_HIN_000817,SRC_000005,1,1,1,1,1
RU_HIN_000818,SRC_000003,0,0,0,0,0
RU_HIN_000819,SRC_000004,1,1,1,1,1
RU_HIN_000820,SRC_000004,1,1,1,1,1
RU_HIN_000821,SRC_000003,0,0,0,0,0
RU_HIN_000822,SRC_000005,1,1,1,1,1
RU_HIN_000823,SRC_000002,1,1,1,1,1
RU_HIN_000824,SRC_000003,1,1,1,1,1
RU_HIN_000825,SRC_000002,0,0,0,0,0
RU_HIN_000826,SRC_000003,0,0,0,0,0
RU_HIN_000827,SRC_000005,0,0,0,0,0
RU_HIN_000828,SRC_000004,1,1,1,1,1
RU_HIN_000829,SRC_000001,1,1,1,1,1
RU_HIN_000830,SRC_000005,1,1,1,1,1
RU_HIN_000831,SRC_000001,1,1,1,1,1
RU_HIN_000832,SRC_000004,0,0,0,0,0
RU_HIN_000833,SRC_000004,1,0,1,1,1
RU_HIN_000834,SRC_000002,1,1,1,1,1
RU_HIN_000835,SRC_000005,1,1,1,1,1
RU_HIN_000836,SRC_000003,1,1,1,1,1
RU_HIN_000837,SRC_000001,1,1,1,1,1
RU_HIN_000838,SRC_000004,1,1,1,1,1
RU_HIN_000839,SRC_000002,1,1,1,1,1
RU_HIN_000840,SRC_000002,1,1,1,1,1
RU_HIN_000841,SRC_000003,0,0,0,0,0
RU_HIN_000842,SRC_000003,1,1,1,1,1
RU_HIN_000843,SRC_000002,0,0,0,0,0
RU_HIN_000844,SRC_000001,1,1,1,1,1
RU_HIN_000845,SRC_000001,1,1,1,1,1
RU_HIN_000846,SRC_000003,1,1,1,1,1
RU_HIN_000847,SRC_000003,1,1,1,1,1
RU_HIN_000848,SRC_000002,1,1,1,1,1
RU_HIN_000849,SRC_000004,1,1,1,1,1
RU_HIN_000850,SRC_000005,1,1,1,1,1
RU_HIN_000851,SRC_000001,0,0,0,0,0
RU_HIN_000852,SRC_000005,1,1,1,1,1
RU_HIN_000853,SRC_000003,1,1,1,1,1
RU_HIN_000854,SRC_000005,1,1,1,1,1
RU_HIN_000855,SRC_000003,0,0,0,0,0
RU_HIN_000856,SRC_000003,1,1,1,1,1
RU_HIN_000857,SRC_000001,1,1,1,1,1
RU_HIN_000858,SRC_000001,0,0,0,0,0
RU_HIN_000859,SRC_000004,1,1,1,1,1
RU_HIN_000860,SRC_000005,1,1,1,1,1
RU_HIN_000861,SRC_000001,0,0,0,0,0
RU_HIN_000862,SRC_000005,0,0,0,0,0
RU_HIN_000863,SRC_000001,1,1,1,1,1
RU_HIN_000864,SRC_000001,1,1,1,1,1
RU_HIN_000865,SRC_000002,1,1,1,1,1
RU_HIN_000866,SRC_000001,1,1,1,1,1
RU_HIN_000867,SRC_000005,0,0,0,0,0
RU_HIN_000868,SRC_000004,1,1,1,1,1
RU_HIN_000869,SRC_000004,1,1,1,1,1
RU_HIN_000870,SRC_000005,1,1,1,1,1
RU_HIN_000871,SRC_000005,1,1,1,1,1
RU_HIN_000872,SRC_000003,1,1,1,1,1
RU_HIN_000873,SRC_000002,1,1,1,1,1
RU_HIN_000874,SRC_000002,1,1,1,1,1
RU_HIN_000875,SRC_000005,1,1,1,1,1
RU_HIN_000876,SRC_000005,1,1,1,1,1
RU_HIN_000877,SRC_000002,0,0,0,0,0
RU_HIN_000878,SRC_000002,0,0,0,0,0
RU_HIN_000879,SRC_000002,1,1,1,1,1
RU_HIN_000880,SRC_000001,1,1,1,1,1
RU_HIN_000881,SRC_000005,1,1,1,1,1
RU_HIN_000882,SRC_000001,1,1,1,1,1
RU_HIN_000883,SRC_000003,1,1,1,1,1
RU_HIN_000884,SRC_000003,1,1,1,1,1
RU_HIN_000885,SRC_000004,1,1,1,1,1
RU_HIN_000886,SRC_000005,1,1,1,1,1
RU_HIN_000887,SRC_000002,1,1,1,1,1
RU_HIN_000888,SRC_000003,1,1,1,1,1
RU_HIN_000889,SRC_000004,1,1,1,1,1
RU_HIN_000890,SRC_000005,1,1,1,1,1
RU_HIN_000891,SRC_000002,1,1,1,1,1
RU_HIN_000892,SRC_000001,1,1,1,1,1
RU_HIN_000893,SRC_000001,1,1,1,1,1
RU_HIN_000894,SRC_000003,1,1,1,1,1
RU_HIN_000895,SRC_000004,1,1,1,1,1
RU_HIN_000896,SRC_000005,1,1,1,1,1
RU_HIN_000897,SRC_000004,1,1,1,1,1
RU_HIN_000898,SRC_000003,1,1,1,1,1
RU_HIN_000899,SRC_000001,1,1,1,1,1
RU_HIN_000900,SRC_000005,1,1,1,1,1
RU_HIN_000901,SRC_000001,1,1,1,1,1
RU_HIN_000902,SRC_000005,1,1,1,1,1
RU_HIN_000903,SRC_000003,1,1,1,1,1
RU_HIN_000904,SRC_000004,1,1,1,1,1
RU_HIN_000905,SRC_000004,0,0,0,0,0
RU_HIN_000906,SRC_000004,1,1,1,1,1
RU_HIN_000907,SRC_000002,1,1,1,1,1
RU_HIN_000908,SRC_000004,1,1,1,1,1
RU_HIN_000909,SRC_000004,1,1,1,1,1
RU_HIN_000910,SRC_000002,1,1,1,1,1
RU_HIN_000911,SRC_000005,0,0,0,0,0
RU_HIN_000912,SRC_000002,0,0,0,0,0
RU_HIN_000913,SRC_000005,1,1,1,1,1
RU_HIN_000914,SRC_000002,1,1,1,1,1
RU_HIN_000915,SRC_000002,0,0,0,0,0
RU_HIN_000916,SRC_000005,1,1,1,1,1
RU_HIN_000917,SRC_000003,1,1,1,1,1
RU_HIN_000918,SRC_000004,1,1,1,1,1
RU_HIN_000919,SRC_000005,1,1,1,1,1
RU_HIN_000920,SRC_000002,0,0,0,0,0
RU_HIN_000921,SRC_000005,0,0,0,0,0
RU_HIN_000922,SRC_000004,1,1,1,1,1
RU_HIN_000923,SRC_000005,1,1,1,1,1
RU_HIN_000924,SRC_000002,0,0,0,0,0
RU_HIN_000925,SRC_000003,0,0,0,0,0
RU_HIN_000926,SRC_000004,1,1,1,1,1
RU_HIN_000927,SRC_000003,0,0,0,0,0
RU_HIN_000928,SRC_000002,1,1,1,1,1
RU_HIN_000929,SRC_000005,1,1,1,1,1
RU_HIN_000930,SRC_000004,1,1,1,1,1
RU_HIN_000931,SRC_000003,1,1,1,1,1
RU_HIN_000932,SRC_000004,1,1,1,1,1
RU_HIN_000933,SRC_000003,1,1,1,1,1
RU_HIN_000934,SRC_000005,0,0,0,0,0
RU_HIN_000935,SRC_000002,1,1,1,1,1
RU_HIN_000936,SRC_000002,1,1,1,1,1
RU_HIN_000937,SRC_000005,1,1,1,1,1
RU_HIN_000938,SRC_000004,1,1,1,1,1
RU_HIN_000939,SRC_000004,1,1,1,1,1
RU_HIN_000940,SRC_000002,1,1,1,1,1
RU_HIN_000941,SRC_000004,1,1,1,1,1
RU_HIN_000942,SRC_000002,1,1,1,1,1
RU_HIN_000943,SRC_000005,1,1,1,1,1
RU_HIN_000944,SRC_000001,1,1,1,1,1
RU_HIN_000945,SRC_000001,0,0,0,0,0
RU_HIN_000946,SRC_000004,1,1,1,1,1
RU_HIN_000947,SRC_000001,1,1,1,1,1
RU_HIN_000948,SRC_000003,1,1,1,1,1
RU_HIN_000949,SRC_000004,1,1,1,1,1
RU_HIN_000950,SRC_000005,1,1,1,1,1
RU_HIN_000951,SRC_000001,1,0,1,1,1
RU_HIN_000952,SRC_000004,1,1,1,1,1
RU_HIN_000953,SRC_000004,1,1,1,1,1
RU_HIN_000954,SRC_000001,1,1,1,1,1
RU_HIN_000955,SRC_000003,1,0,1,1,1
RU_HIN_000956,SRC_000003,1,1,1,1,1
RU_HIN_000957,SRC_000001,0,0,0,0,0
RU_HIN_000958,SRC_000003,0,0,0,0,0
RU_HIN_000959,SRC_000002,1,1,1,1,1
RU_HIN_000960,SRC_000003,1,1,1,1,1
RU_HIN_000961,SRC_000002,1,1,1,1,1
RU_HIN_000962,SRC_000005,0,0,0,0,0
RU_HIN_000963,SRC_000004,1,1,1,1,1
RU_HIN_000964,SRC_000004,1,0,1,1,1
RU_HIN_000965,SRC_000004,0,0,0,0,0
RU_HIN_000966,SRC_000001,0,0,0,0,0
RU_HIN_000967,SRC_000005,1,1,1,1,1
RU_HIN_000968,SRC_000004,1,1,1,1,1
RU_HIN_000969,SRC_000001,1,1,1,1,1
RU_HIN_000970,SRC_000003,1,1,1,1,1
RU_HIN_000971,SRC_000005,1,1,1,1,1
RU_HIN_000972,SRC_000003,1,1,1,1,1
RU_HIN_000973,SRC_000003,0,0,0,0,0
RU_HIN_000974,SRC_000004,1,1,1,1,1
RU_HIN_000975,SRC_000003,1,1,1,1,1
RU_HIN_000976,SRC_000002,1,1,1,1,1
RU_HIN_000977,SRC_000004,1,1,1,1,1
RU_HIN_000978,SRC_000003,1,1,1,1,1
RU_HIN_000979,SRC_000001,1,1,1,1,1
RU_HIN_000980,SRC_000004,1,1,1,1,1
RU_HIN_000981,SRC_000003,1,1,1,1,1
RU_HIN_000982,SRC_000001,1,1,1,1,1
RU_HIN_000983,SRC_000003,1,1,1,1,1
RU_HIN_000984,SRC_000001,1,1,1,1,1
RU_HIN_000985,SRC_000002,0,0,0,0,0
RU_HIN_000986,SRC_000004,1,1,1,1,1
RU_HIN_000987,SRC_000001,1,1,1,1,1
RU_HIN_000988,SRC_000003,1,1,1,1,1
RU_HIN_000989,SRC_000004,0,0,0,0,0
RU_HIN_000990,SRC_000004,1,1,1,1,1
RU_HIN_000991,SRC_000002,1,1,1,1,1
RU_HIN_000992,SRC_000002,1,1,1,1,1
RU_HIN_000993,SRC_000005,1,1,1,1,1
RU_HIN_000994,SRC_000001,1,1,1,1,1
RU_HIN_000995,SRC_000003,1,1,1,1,1
RU_HIN_000996,SRC_000002,1,1,1,1,1
RU_HIN_000997,SRC_000001,1,1,1,1,1
RU_HIN_000998,SRC_000004,0,0,0,0,0
RU_HIN_000999,SRC_000002,1,1,1,1,1
RU_HIN_001000,SRC_000005,1,1,1,1,1
RU_HIN_001001,SRC_000004,1,1,1,1,1
RU_HIN_001002,SRC_000003,1,1,1,1,1
RU_HIN_001003,SRC_000001,1,1,1,1,1
RU_HIN_001004,SRC_000003,1,1,1,1,1
RU_HIN_001005,SRC_000003,0,0,0,0,0
RU_HIN_001006,SRC_000005,0,0,0,0,0
RU_HIN_001007,SRC_000002,0,0,0,0,0
RU_HIN_001008,SRC_000002,1,1,1,1,1
RU_HIN_001009,SRC_000002,1,1,1,1,1
RU_HIN_001010,SRC_000003,0,0,0,0,0
RU_HIN_001011,SRC_000004,0,0,0,0,0
RU_HIN_001012,SRC_000002,1,1,1,1,1
RU_HIN_001013,SRC_000003,1,1,1,1,1
RU_HIN_001014,SRC_000001,1,1,1,1,1
RU_HIN_001015,SRC_000001,1,1,1,1,1
RU_HIN_001016,SRC_000002,1,1,1,1,1
RU_HIN_001017,SRC_000003,1,1,1,1,1
RU_HIN_001018,SRC_000004,0,0,0,0,0
RU_HIN_001019,SRC_000001,1,1,1,1,1
RU_HIN_001020,SRC_000005,1,1,1,1,1
RU_HIN_001021,SRC_000001,1,0,1,1,1
RU_HIN_001022,SRC_000004,1,1,1,1,1
RU_HIN_001023,SRC_000004,0,0,0,0,0
RU_HIN_001024,SRC_000004,1,1,1,1,1
RU_HIN_001025,SRC_000002,1,1,1,1,1
RU_HIN_001026,SRC_000004,1,1,1,1,1
RU_HIN_001027,SRC_000002,1,1,1,1,1
RU_HIN_001028,SRC_000001,0,0,0,0,0
RU_HIN_001029,SRC_000004,1,1,1,1,1
RU_HIN_001030,SRC_000005,1,1,1,1,1
RU_HIN_001031,SRC_000002,1,1,1,1,1
RU_HIN_001032,SRC_000001,1,1,1,1,1
RU_HIN_001033,SRC_000004,1,1,1,1,1
RU_HIN_001034,SRC_000002,1,1,1,1,1
RU_HIN_001035,SRC_000003,1,1,1,1,1
RU_HIN_001036,SRC_000005,1,1,1,1,1
RU_HIN_001037,SRC_000003,1,1,1,1,1
RU_HIN_001038,SRC_000005,1,1,1,1,1
RU_HIN_001039,SRC_000004,0,0,0,0,0
RU_HIN_001040,SRC_000002,1,1,1,1,1
RU_HIN_001041,SRC_000003,1,1,1,1,1
RU_HIN_001042,SRC_000005,1,1,1,1,1
RU_HIN_001043,SRC_000003,1,1,1,1,1
RU_HIN_001044,SRC_000005,1,1,1,1,1
RU_HIN_001045,SRC_000001,1,1,1,1,1
RU_HIN_001046,SRC_000001,1,1,1,1,1
RU_HIN_001047,SRC_000005,1,1,1,1,1
RU_HIN_001048,SRC_000003,1,1,1,1,1
RU_HIN_001049,SRC_000002,1,1,1,1,1
RU_HIN_001050,SRC_000001,1,1,1,1,1
RU_HIN_001051,SRC_000001,1,1,1,1,1
RU_HIN_001052,SRC_000003,0,0,0,0,0
RU_HIN_001053,SRC_000001,1,1,1,1,1
RU_HIN_001054,SRC_000002,1,1,1,1,1
RU_HIN_001055,SRC_000001,1,1,1,1,1
RU_HIN_001056,SRC_000001,0,0,0,0,0
RU_HIN_001057,SRC_000005,1,1,1,1,1
RU_HIN_001058,SRC_000003,1,0,1,1,1
RU_HIN_001059,SRC_000003,0,0,0,0,0
RU_HIN_001060,SRC_000003,1,1,1,1,1
RU_HIN_001061,SRC_000005,1,1,1,1,1
RU_HIN_001062,SRC_000004,1,1,1,1,1
RU_HIN_001063,SRC_000005,1,0,1,1,1
RU_HIN_001064,SRC_000001,1,0,1,1,1
RU_HIN_001065,SRC_000003,0,0,0,0,0
RU_HIN_001066,SRC_000005,1,1,1,1,1
RU_HIN_001067,SRC_000001,1,1,1,1,1
RU_HIN_001068,SRC_000003,1,1,1,1,1
RU_HIN_001069,SRC_000001,1,1,1,1,1
RU_HIN_001070,SRC_000003,1,1,1,1,1
RU_HIN_001071,SRC_000001,0,0,0,0,0
RU_HIN_001072,SRC_000001,0,0,0,0,0
RU_HIN_001073,SRC_000004,0,0,0,0,0
RU_HIN_001074,SRC_000005,1,1,1,1,1
RU_HIN_001075,SRC_000003,1,1,1,1,1
RU_HIN_001076,SRC_000005,1,1,1,1,1
RU_HIN_001077,SRC_000004,1,1,1,1,1
RU_HIN_001078,SRC_000004,0,0,0,0,0
RU_HIN_001079,SRC_000002,1,1,1,1,1
RU_HIN_001080,SRC_000003,1,1,1,1,1
RU_HIN_001081,SRC_000002,1,1,1,1,1
RU_HIN_001082,SRC_000005,1,1,1,1,1
RU_HIN_001083,SRC_000001,0,0,0,0,0
RU_HIN_001084,SRC_000005,1,1,1,1,1
RU_HIN_001085,SRC_000003,1,1,1,1,1
RU_HIN_001086,SRC_000003,1,0,1,1,1
RU_HIN_001087,SRC_000005,1,1,1,1,1
RU_HIN_001088,SRC_000003,0,0,0,0,0
RU_HIN_001089,SRC_000001,1,1,1,1,1
RU_HIN_001090,SRC_000001,1,1,1,1,1
RU_HIN_001091,SRC_000004,1,1,1,1,1
RU_HIN_001092,SRC_000002,1,1,1,1,1
RU_HIN_001093,SRC_000005,1,0,1,1,1
RU_HIN_001094,SRC_000004,0,0,0,0,0
RU_HIN_001095,SRC_000003,1,1,1,1,1
RU_HIN_001096,SRC_000001,1,1,1,1,1
RU_HIN_001097,SRC_000004,1,1,1,1,1
RU_HIN_001098,SRC_000001,0,0,0,0,0
RU_HIN_001099,SRC_000004,1,0,1,1,1
RU_HIN_001100,SRC_000003,0,0,0,0,0
RU_HIN_001101,SRC_000002,1,1,1,1,1
RU_HIN_001102,SRC_000001,0,0,0,0,0
RU_HIN_001103,SRC_000004,0,0,0,0,0
RU_HIN_001104,SRC_000003,1,1,1,1,1
RU_HIN_001105,SRC_000005,0,0,0,0,0
RU_HIN_001106,SRC_000004,0,0,0,0,0
RU_HIN_001107,SRC_000002,0,0,0,0,0
RU_HIN_001108,SRC_000004,1,0,1,1,1
RU_HIN_001109,SRC_000004,1,1,1,1,1
RU_HIN_001110,SRC_000005,1,1,1,1,1
RU_HIN_001111,SRC_000002,1,1,1,1,1
RU_HIN_001112,SRC_000003,1,1,1,1,1
RU_HIN_001113,SRC_000002,0,0,0,0,0
RU_HIN_001114,SRC_000001,1,1,1,1,1
RU_HIN_001115,SRC_000003,1,1,1,1,1
RU_HIN_001116,SRC_000004,1,1,1,1,1
RU_HIN_001117,SRC_000002,1,1,1,1,1
RU_HIN_001118,SRC_000005,1,1,1,1,1
RU_HIN_001119,SRC_000001,1,1,1,1,1
RU_HIN_001120,SRC_000005,1,1,1,1,1
RU_HIN_001121,SRC_000004,1,1,1,1,1
RU_HIN_001122,SRC_000002,1,1,1,1,1
RU_HIN_001123,SRC_000004,0,0,0,0,0
RU_HIN_001124,SRC_000002,1,1,1,1,1
RU_HIN_001125,SRC_000003,0,0,0,0,0
RU_HIN_001126,SRC_000001,1,1,1,1,1
RU_HIN_001127,SRC_000004,0,0,0,0,0
RU_HIN_001128,SRC_000005,1,1,1,1,1
RU_HIN_001129,SRC_000005,1,1,1,1,1
RU_HIN_001130,SRC_000005,1,0,1,1,1
RU_HIN_001131,SRC_000003,1,1,1,1,1
RU_HIN_001132,SRC_000004,1,1,1,1,1
RU_HIN_001133,SRC_000004,1,1,1,1,1
RU_HIN_001134,SRC_000005,1,1,1,1,1
RU_HIN_001135,SRC_000003,1,1,1,1,1
RU_HIN_001136,SRC_000004,1,1,1,1,1
RU_HIN_001137,SRC_000001,1,1,1,1,1
RU_HIN_001138,SRC_000005,1,1,1,1,1
RU_HIN_001139,SRC_000005,1,1,1,1,1
RU_HIN_001140,SRC_000005,0,0,0,0,0
RU_HIN_001141,SRC_000002,1,1,1,1,1
RU_HIN_001142,SRC_000004,1,1,1,1,1
RU_HIN_001143,SRC_000002,1,1,1,1,1
RU_HIN_001144,SRC_000004,0,0,0,0,0
RU_HIN_001145,SRC_000005,1,1,1,1,1
RU_HIN_001146,SRC_000004,1,1,1,1,1
RU_HIN_001147,SRC_000005,1,1,1,1,1
RU_HIN_001148,SRC_000002,1,1,1,1,1
RU_HIN_001149,SRC_000002,1,1,1,1,1
RU_HIN_001150,SRC_000001,1,1,1,1,1
RU_HIN_001151,SRC_000003,1,1,1,1,1
RU_HIN_001152,SRC_000005,0,0,0,0,0
RU_HIN_001153,SRC_000003,0,0,0,0,0
RU_HIN_001154,SRC_000005,1,1,1,1,1
RU_HIN_001155,SRC_000003,1,1,1,1,1
RU_HIN_001156,SRC_000005,1,1,1,1,1
RU_HIN_001157,SRC_000005,1,1,1,1,1
RU_HIN_001158,SRC_000005,1,0,1,1,1
RU_HIN_001159,SRC_000002,1,1,1,1,1
RU_HIN_001160,SRC_000002,1,1,1,1,1
RU_HIN_001161,SRC_000001,1,1,1,1,1
RU_HIN_001162,SRC_000005,1,1,1,1,1
RU_HIN_001163,SRC_000005,1,1,1,1,1
RU_HIN_001164,SRC_000003,1,1,1,1,1
RU_HIN_001165,SRC_000001,1,1,1,1,1
RU_HIN_001166,SRC_000002,1,1,1,1,1
RU_HIN_001167,SRC_000004,1,1,1,1,1
RU_HIN_001168,SRC_000004,0,0,0,0,0
RU_HIN_001169,SRC_000001,1,1,1,1,1
RU_HIN_001170,SRC_000002,1,1,1,1,1
RU_HIN_001171,SRC_000002,0,0,0,0,0
RU_HIN_001172,SRC_000004,1,1,1,1,1
RU_HIN_001173,SRC_000002,1,1,1,1,1
RU_HIN_001174,SRC_000001,1,1,1,1,1
RU_HIN_001175,SRC_000003,0,0,0,0,0
RU_HIN_001176,SRC_000002,1,1,1,1,1
RU_HIN_001177,SRC_000001,0,0,0,0,0
RU_HIN_001178,SRC_000004,1,1,1,1,1
RU_HIN_001179,SRC_000005,0,0,0,0,0
RU_HIN_001180,SRC_000001,1,1,1,1,1
RU_HIN_001181,SRC_000001,1,1,1,1,1
RU_HIN_001182,SRC_000003,1,1,1,1,1
RU_HIN_001183,SRC_000004,1,1,1,1,1
RU_HIN_001184,SRC_000005,1,1,1,1,1
RU_HIN_001185,SRC_000002,1,1,1,1,1
RU_HIN_001186,SRC_000001,1,1,1,1,1
RU_HIN_001187,SRC_000001,1,1,1,1,1
RU_HIN_001188,SRC_000005,1,1,1,1,1
RU_HIN_001189,SRC_000003,1,1,1,1,1
RU_HIN_001190,SRC_000005,1,1,1,1,1
RU_HIN_001191,SRC_000001,0,0,0,0,0
RU_HIN_001192,SRC_000004,1,1,1,1,1
RU_HIN_001193,SRC_000005,1,1,1,1,1
RU_HIN_001194,SRC_000003,0,0,0,0,0
RU_HIN_001195,SRC_000004,1,1,1,1,1
RU_HIN_001196,SRC_000004,1,1,1,1,1
RU_HIN_001197,SRC_000002,1,1,1,1,1
RU_HIN_001198,SRC_000004,1,1,1,1,1
RU_HIN_001199,SRC_000004,1,1,1,1,1
RU_HIN_001200,SRC_000003,1,1,1,1,1
RU_HIN_001201,SRC_000003,1,1,1,1,1
RU_HIN_001202,SRC_000001,1,1,1,1,1
RU_HIN_001203,SRC_000005,1,1,1,1,1
RU_HIN_001204,SRC_000005,1,1,1,1,1
RU_HIN_001205,SRC_000001,1,1,1,1,1
RU_HIN_001206,SRC_000005,1,1,1,1,1
RU_HIN_001207,SRC_000001,0,0,0,0,0
RU_HIN_001208,SRC_000001,1,1,1,1,1
RU_HIN_001209,SRC_000004,1,1,1,1,1
RU_HIN_001210,SRC_000005,1,1,1,1,1
RU_HIN_001211,SRC_000004,1,1,1,1,1
RU_HIN_001212,SRC_000002,0,0,0,0,0
RU_HIN_001213,SRC_000002,1,1,1,1,1
RU_HIN_001214,SRC_000002,1,1,1,1,1
RU_HIN_001215,SRC_000005,1,1,1,1,1
RU_HIN_001216,SRC_000001,1,1,1,1,1
RU_HIN_001217,SRC_000003,1,1,1,1,1
RU_HIN_001218,SRC_000005,1,1,1,1,1
RU_HIN_001219,SRC_000002,1,1,1,1,1
RU_HIN_001220,SRC_000004,1,1,1,1,1
RU_HIN_001221,SRC_000004,1,1,1,1,1
RU_HIN_001222,SRC_000004,1,1,1,1,1
RU_HIN_001223,SRC_000001,1,1,1,1,1
RU_HIN_001224,SRC_000004,1,1,1,1,1
RU_HIN_001225,SRC_000005,1,1,1,1,1
RU_HIN_001226,SRC_000005,1,1,1,1,1
RU_HIN_001227,SRC_000004,1,1,1,1,1
RU_HIN_001228,SRC_000005,1,1,1,1,1
RU_HIN_001229,SRC_000001,1,1,1,1,1
RU_HIN_001230,SRC_000005,1,0,1,1,1
RU_HIN_001231,SRC_000002,1,1,1,1,1
RU_HIN_001232,SRC_000005,1,1,1,1,1
RU_HIN_001233,SRC_000004,0,0,0,0,0
RU_HIN_001234,SRC_000005,1,1,1,1,1
RU_HIN_001235,SRC_000005,1,1,1,1,1
RU_HIN_001236,SRC_000004,1,0,1,1,1
RU_HIN_001237,SRC_000003,1,1,1,1,1
RU_HIN_001238,SRC_000001,1,1,1,1,1
RU_HIN_001239,SRC_000003,1,1,1,1,1
RU_HIN_001240,SRC_000001,1,1,1,1,1
RU_HIN_001241,SRC_000002,1,1,1,1,1
RU_HIN_001242,SRC_000001,1,1,1,1,1
RU_HIN_001243,SRC_000003,1,1,1,1,1
RU_HIN_001244,SRC_000002,0,0,0,0,0
RU_HIN_001245,SRC_000002,0,0,0,0,0
RU_HIN_001246,SRC_000004,1,1,1,1,1
RU_HIN_001247,SRC_000002,1,1,1,1,1
RU_HIN_001248,SRC_000003,1,1,1,1,1
RU_HIN_001249,SRC_000004,1,1,1,1,1
RU_HIN_001250,SRC_000004,1,1,1,1,1
RU_HIN_001251,SRC_000003,1,1,1,1,1
RU_HIN_001252,SRC_000001,1,1,1,1,1
RU_HIN_001253,SRC_000003,1,1,1,1,1
RU_HIN_001254,SRC_000005,1,1,1,1,1
RU_HIN_001255,SRC_000005,1,1,1,1,1
RU_HIN_001256,SRC_000005,1,1,1,1,1
RU_HIN_001257,SRC_000004,1,1,1,1,1
RU_HIN_001258,SRC_000002,1,1,1,1,1
RU_HIN_001259,SRC_000001,1,1,1,1,1
RU_HIN_001260,SRC_000001,0,0,0,0,0
RU_HIN_001261,SRC_000004,0,0,0,0,0
RU_HIN_001262,SRC_000001,1,1,1,1,1
RU_HIN_001263,SRC_000001,1,1,1,1,1
RU_HIN_001264,SRC_000003,1,1,1,1,1
RU_HIN_001265,SRC_000001,1,1,1,1,1
RU_HIN_001266,SRC_000003,1,1,1,1,1
RU_HIN_001267,SRC_000005,1,1,1,1,1
RU_HIN_001268,SRC_000002,0,0,0,0,0
RU_HIN_001269,SRC_000005,1,1,1,1,1
RU_HIN_001270,SRC_000001,1,1,1,1,1
RU_HIN_001271,SRC_000001,1,1,1,1,1
RU_HIN_001272,SRC_000004,1,1,1,1,1
RU_HIN_001273,SRC_000005,1,1,1,1,1
RU_HIN_001274,SRC_000004,0,0,0,0,0
RU_HIN_001275,SRC_000005,1,1,1,1,1
RU_HIN_001276,SRC_000005,0,0,0,0,0
RU_HIN_001277,SRC_000003,1,1,1,1,1
RU_HIN_001278,SRC_000005,1,1,1,1,1
RU_HIN_001279,SRC_000002,1,1,1,1,1
RU_HIN_001280,SRC_000003,1,1,1,1,1
RU_HIN_001281,SRC_000004,0,0,0,0,0
RU_HIN_001282,SRC_000002,1,1,1,1,1
RU_HIN_001283,SRC_000004,0,0,0,0,0
RU_HIN_001284,SRC_000004,1,0,1,1,1
RU_HIN_001285,SRC_000001,1,1,1,1,1
RU_HIN_001286,SRC_000004,1,1,1,1,1
RU_HIN_001287,SRC_000005,0,0,0,0,0
RU_HIN_001288,SRC_000004,1,1,1,1,1
RU_HIN_001289,SRC_000002,1,1,1,1,1
RU_HIN_001290,SRC_000001,1,1,1,1,1
RU_HIN_001291,SRC_000001,1,1,1,1,1
RU_HIN_001292,SRC_000002,1,1,1,1,1
RU_HIN_001293,SRC_000001,1,1,1,1,1
RU_HIN_001294,SRC_000002,1,1,1,1,1
RU_HIN_001295,SRC_000001,1,1,1,1,1
RU_HIN_001296,SRC_000003,1,1,1,1,1
RU_HIN_001297,SRC_000002,0,0,0,0,0
RU_HIN_001298,SRC_000002,0,0,0,0,0
RU_HIN_001299,SRC_000001,0,0,0,0,0
RU_HIN_001300,SRC_000004,0,0,0,0,0
RU_HIN_001301,SRC_000002,1,1,1,1,1
RU_HIN_001302,SRC_000004,0,0,0,0,0
RU_HIN_001303,SRC_000005,1,1,1,1,1
RU_HIN_001304,SRC_000003,1,1,1,1,1
RU_HIN_001305,SRC_000001,1,0,1,1,1
RU_HIN_001306,SRC_000005,1,1,1,1,1
RU_HIN_001307,SRC_000001,1,1,1,1,1
RU_HIN_001308,SRC_000004,1,1,1,1,1
RU_HIN_001309,SRC_000003,1,1,1,1,1
RU_HIN_001310,SRC_000005,1,1,1,1,1
RU_HIN_001311,SRC_000002,1,1,1,1,1
RU_HIN_001312,SRC_000002,1,1,1,1,1
RU_HIN_001313,SRC_000002,1,1,1,1,1
RU_HIN_001314,SRC_000001,1,1,1,1,1
RU_HIN_001315,SRC_000002,0,0,0,0,0
RU_HIN_001316,SRC_000005,1,1,1,1,1
RU_HIN_001317,SRC_000002,1,1,1,1,1
RU_HIN_001318,SRC_000002,1,1,1,1,1
RU_HIN_001319,SRC_000002,1,1,1,1,1
RU_HIN_001320,SRC_000002,0,0,0,0,0
RU_HIN_001321,SRC_000004,0,0,0,0,0
RU_HIN_001322,SRC_000003,1,1,1,1,1
RU_HIN_001323,SRC_000001,0,0,0,0,0
RU_HIN_001324,SRC_000002,1,1,1,1,1
RU_HIN_001325,SRC_000001,1,1,1,1,1
RU_HIN_001326,SRC_000003,1,1,1,1,1
RU_HIN_001327,SRC_000004,1,1,1,1,1
RU_HIN_001328,SRC_000004,1,1,1,1,1
RU_HIN_001329,SRC_000004,1,1,1,1,1
RU_HIN_001330,SRC_000002,1,1,1,1,1
RU_HIN_001331,SRC_000001,1,1,1,1,1
RU_HIN_001332,SRC_000005,1,1,1,1,1
RU_HIN_001333,SRC_000002,1,1,1,1,1
RU_HIN_001334,SRC_000001,1,1,1,1,1
RU_HIN_001335,SRC_000003,0,0,0,0,0
RU_HIN_001336,SRC_000001,0,0,0,0,0
RU_HIN_001337,SRC_000001,1,1,1,1,1
RU_HIN_001338,SRC_000003,1,1,1,1,1
RU_HIN_001339,SRC_000002,1,1,1,1,1
RU_HIN_001340,SRC_000005,1,1,1,1,1
RU_HIN_001341,SRC_000003,1,1,1,1,1
RU_HIN_001342,SRC_000001,1,1,1,1,1
RU_HIN_001343,SRC_000005,0,0,0,0,0
RU_HIN_001344,SRC_000005,0,0,0,0,0
RU_HIN_001345,SRC_000004,1,1,1,1,1
RU_HIN_001346,SRC_000004,1,1,1,1,1
RU_HIN_001347,SRC_000001,1,1,1,1,1
RU_HIN_001348,SRC_000004,0,0,0,0,0
RU_HIN_001349,SRC_000003,1,0,1,1,1
RU_HIN_001350,SRC_000004,1,1,1,1,1
RU_HIN_001351,SRC_000002,1,1,1,1,1
RU_HIN_001352,SRC_000004,1,1,1,1,1
RU_HIN_001353,SRC_000005,1,1,1,1,1
RU_HIN_001354,SRC_000003,1,1,1,1,1
RU_HIN_001355,SRC_000003,1,1,1,1,1
RU_HIN_001356,SRC_000002,1,1,1,1,1
RU_HIN_001357,SRC_000005,1,1,1,1,1
RU_HIN_001358,SRC_000002,1,1,1,1,1
RU_HIN_001359,SRC_000004,1,1,1,1,1
RU_HIN_001360,SRC_000003,1,1,1,1,1
RU_HIN_001361,SRC_000005,1,1,1,1,1
RU_HIN_001362,SRC_000004,0,0,0,0,0
RU_HIN_001363,SRC_000001,1,1,1,1,1
RU_HIN_001364,SRC_000004,1,0,1,1,1
RU_HIN_001365,SRC_000005,0,0,0,0,0
RU_HIN_001366,SRC_000001,1,1,1,1,1
RU_HIN_001367,SRC_000005,1,1,1,1,1
RU_HIN_001368,SRC_000004,1,1,1,1,1
RU_HIN_001369,SRC_000005,1,1,1,1,1
RU_HIN_001370,SRC_000001,1,1,1,1,1
RU_HIN_001371,SRC_000005,1,1,1,1,1
RU_HIN_001372,SRC_000003,1,1,1,1,1
RU_HIN_001373,SRC_000004,1,1,1,1,1
RU_HIN_001374,SRC_000003,0,0,0,0,0
RU_HIN_001375,SRC_000004,1,0,1,1,1
RU_HIN_001376,SRC_000003,0,0,0,0,0
RU_HIN_001377,SRC_000004,0,0,0,0,0
RU_HIN_001378,SRC_000002,1,1,1,1,1
RU_HIN_001379,SRC_000005,1,1,1,1,1
RU_HIN_001380,SRC_000004,1,1,1,1,1
RU_HIN_001381,SRC_000002,1,1,1,1,1
RU_HIN_001382,SRC_000003,1,1,1,1,1
RU_HIN_001383,SRC_000001,1,1,1,1,1
RU_HIN_001384,SRC_000001,1,1,1,1,1
RU_HIN_001385,SRC_000002,0,0,0,0,0
RU_HIN_001386,SRC_000001,1,1,1,1,1
RU_HIN_001387,SRC_000005,1,1,1,1,1
RU_HIN_001388,SRC_000001,1,1,1,1,1
RU_HIN_001389,SRC_000002,1,1,1,1,1
RU_HIN_001390,SRC_000002,1,1,1,1,1
RU_HIN_001391,SRC_000004,0,0,0,0,0
RU_HIN_001392,SRC_000003,1,1,1,1,1
RU_HIN_001393,SRC_000002,1,1,1,1,1
RU_HIN_001394,SRC_000003,0,0,0,0,0
RU_HIN_001395,SRC_000003,1,1,1,1,1
RU_HIN_001396,SRC_000001,1,1,1,1,1
RU_HIN_001397,SRC_000004,0,0,0,0,0
RU_HIN_001398,SRC_000002,1,1,1,1,1
RU_HIN_001399,SRC_000004,0,0,0,0,0
RU_HIN_001400,SRC_000001,1,1,1,1,1
RU_HIN_001401,SRC_000004,1,1,1,1,1
RU_HIN_001402,SRC_000003,0,0,0,0,0
RU_HIN_001403,SRC_000002,0,0,0,0,0
RU_HIN_001404,SRC_000002,1,1,1,1,1
RU_HIN_001405,SRC_000004,0,0,0,0,0
RU_HIN_001406,SRC_000001,0,0,0,0,0
RU_HIN_001407,SRC_000001,1,1,1,1,1
RU_HIN_001408,SRC_000001,1,1,1,1,1
RU_HIN_001409,SRC_000001,0,0,0,0,0
RU_HIN_001410,SRC_000002,1,1,1,1,1
RU_HIN_001411,SRC_000003,1,1,1,1,1
RU_HIN_001412,SRC_000005,1,1,1,1,1
RU_HIN_001413,SRC_000002,1,1,1,1,1
RU_HIN_001414,SRC_000002,0,0,0,0,0
RU_HIN_001415,SRC_000003,1,1,1,1,1
RU_HIN_001416,SRC_000002,1,0,1,1,1
RU_HIN_001417,SRC_000002,1,1,1,1,1
RU_HIN_001418,SRC_000001,1,1,1,1,1
RU_HIN_001419,SRC_000003,1,1,1,1,1
RU_HIN_001420,SRC_000003,1,1,1,1,1
RU_HIN_001421,SRC_000005,1,1,1,1,1
RU_HIN_001422,SRC_000005,1,1,1,1,1
RU_HIN_001423,SRC_000001,0,0,0,0,0
RU_HIN_001424,SRC_000001,1,1,1,1,1
RU_HIN_001425,SRC_000004,1,1,1,1,1
RU_HIN_001426,SRC_000002,1,1,1,1,1
RU_HIN_001427,SRC_000001,1,0,1,1,1
RU_HIN_001428,SRC_000002,0,0,0,0,0
RU_HIN_001429,SRC_000001,0,0,0,0,0
RU_HIN_001430,SRC_000003,0,0,0,0,0
RU_HIN_001431,SRC_000004,1,1,1,1,1
RU_HIN_001432,SRC_000005,1,1,1,1,1
RU_HIN_001433,SRC_000001,1,1,1,1,1
RU_HIN_001434,SRC_000001,1,1,1,1,1
RU_HIN_001435,SRC_000001,1,1,1,1,1
RU_HIN_001436,SRC_000003,1,1,1,1,1
RU_HIN_001437,SRC_000004,1,1,1,1,1
RU_HIN_001438,SRC_000005,1,1,1,1,1
RU_HIN_001439,SRC_000004,1,1,1,1,1
RU_HIN_001440,SRC_000004,1,1,1,1,1
RU_HIN_001441,SRC_000002,1,1,1,1,1
RU_HIN_001442,SRC_000004,1,1,1,1,1
RU_HIN_001443,SRC_000004,0,0,0,0,0
RU_HIN_001444,SRC_000004,1,1,1,1,1
RU_HIN_001445,SRC_000003,1,1,1,1,1
RU_HIN_001446,SRC_000003,0,0,0,0,0
RU_HIN_001447,SRC_000003,1,1,1,1,1
RU_HIN_001448,SRC_000004,1,1,1,1,1
RU_HIN_001449,SRC_000002,1,1,1,1,1
RU_HIN_001450,SRC_000003,1,1,1,1,1
RU_HIN_001451,SRC_000001,1,1,1,1,1
RU_HIN_001452,SRC_000003,1,1,1,1,1
RU_HIN_001453,SRC_000004,1,1,1,1,1
RU_HIN_001454,SRC_000001,1,1,1,1,1
RU_HIN_001455,SRC_000005,1,1,1,1,1
RU_HIN_001456,SRC_000004,1,1,1,1,1
RU_HIN_001457,SRC_000003,1,1,1,1,1
RU_HIN_001458,SRC_000005,1,0,1,1,1
RU_HIN_001459,SRC_000005,1,1,1,1,1
RU_HIN_001460,SRC_000002,0,0,0,0,0
RU_HIN_001461,SRC_000005,1,1,1,1,1
RU_HIN_001462,SRC_000004,1,1,1,1,1
RU_HIN_001463,SRC_000001,1,1,1,1,1
RU_HIN_001464,SRC_000002,1,0,1,1,1
RU_HIN_001465,SRC_000003,1,1,1,1,1
RU_HIN_001466,SRC_000005,1,1,1,1,1
RU_HIN_001467,SRC_000002,1,1,1,1,1
RU_HIN_001468,SRC_000004,0,0,0,0,0
RU_HIN_001469,SRC_000004,0,0,0,0,0
RU_HIN_001470,SRC_000003,1,1,1,1,1
RU_HIN_001471,SRC_000001,1,1,1,1,1
RU_HIN_001472,SRC_000004,1,1,1,1,1
RU_HIN_001473,SRC_000001,1,1,1,1,1
RU_HIN_001474,SRC_000003,1,1,1,1,1
RU_HIN_001475,SRC_000004,1,1,1,1,1
RU_HIN_001476,SRC_000005,0,0,0,0,0
RU_HIN_001477,SRC_000001,0,0,0,0,0
RU_HIN_001478,SRC_000001,1,1,1,1,1
RU_HIN_001479,SRC_000004,1,1,1,1,1
RU_HIN_001480,SRC_000003,1,1,1,1,1
RU_HIN_001481,SRC_000002,1,1,1,1,1
RU_HIN_001482,SRC_000004,1,1,1,1,1
RU_HIN_001483,SRC_000005,1,1,1,1,1
RU_HIN_001484,SRC_000005,1,1,1,1,1
RU_HIN_001485,SRC_000002,1,1,1,1,1
RU_HIN_001486,SRC_000001,1,0,1,1,1
RU_HIN_001487,SRC_000001,0,0,0,0,0
RU_HIN_001488,SRC_000005,1,1,1,1,1
RU_HIN_001489,SRC_000005,0,0,0,0,0
RU_HIN_001490,SRC_000001,0,0,0,0,0
RU_HIN_001491,SRC_000001,1,1,1,1,1
RU_HIN_001492,SRC_000003,1,1,1,1,1
RU_HIN_001493,SRC_000001,1,1,1,1,1
RU_HIN_001494,SRC_000004,0,0,0,0,0
RU_HIN_001495,SRC_000005,1,1,1,1,1
RU_HIN_001496,SRC_000001,1,1,1,1,1
RU_HIN_001497,SRC_000002,1,1,1,1,1
RU_HIN_001498,SRC_000005,1,1,1,1,1
RU_HIN_001499,SRC_000005,1,1,1,1,1
RU_HIN_001500,SRC_000004,1,1,1,1,1
RU_HIN_001501,SRC_000003,1,1,1,1,1
RU_HIN_001502,SRC_000004,0,0,0,0,0
RU_HIN_001503,SRC_000001,0,0,0,0,0
RU_HIN_001504,SRC_000001,1,1,1,1,1
RU_HIN_001505,SRC_000004,1,1,1,1,1
RU_HIN_001506,SRC_000001,1,1,1,1,1
RU_HIN_001507,SRC_000005,0,0,0,0,0
RU_HIN_001508,SRC_000004,1,1,1,1,1
RU_HIN_001509,SRC_000003,0,0,0,0,0
RU_HIN_001510,SRC_000002,0,0,0,0,0
RU_HIN_001511,SRC_000003,1,1,1,1,1
RU_HIN_001512,SRC_000004,1,1,1,1,1
RU_HIN_001513,SRC_000005,0,0,0,0,0
RU_HIN_001514,SRC_000001,1,1,1,1,1
RU_HIN_001515,SRC_000002,1,1,1,1,1
RU_HIN_001516,SRC_000001,1,1,1,1,1
RU_HIN_001517,SRC_000002,0,0,0,0,0
RU_HIN_001518,SRC_000001,1,1,1,1,1
RU_HIN_001519,SRC_000004,1,1,1,1,1
RU_HIN_001520,SRC_000003,1,1,1,1,1
RU_HIN_001521,SRC_000002,1,1,1,1,1
RU_HIN_001522,SRC_000003,1,1,1,1,1
RU_HIN_001523,SRC_000003,1,1,1,1,1
RU_HIN_001524,SRC_000003,0,0,0,0,0
RU_HIN_001525,SRC_000005,1,1,1,1,1
RU_HIN_001526,SRC_000004,1,1,1,1,1
RU_HIN_001527,SRC_000002,1,1,1,1,1
RU_HIN_001528,SRC_000004,1,1,1,1,1
RU_HIN_001529,SRC_000001,1,1,1,1,1
RU_HIN_001530,SRC_000004,1,1,1,1,1
RU_HIN_001531,SRC_000003,1,1,1,1,1
RU_HIN_001532,SRC_000002,1,1,1,1,1
RU_HIN_001533,SRC_000005,1,1,1,1,1
RU_HIN_001534,SRC_000001,0,0,0,0,0
RU_HIN_001535,SRC_000003,1,1,1,1,1
RU_HIN_001536,SRC_000003,0,0,0,0,0
RU_HIN_001537,SRC_000002,1,1,1,1,1
RU_HIN_001538,SRC_000003,1,1,1,1,1
RU_HIN_001539,SRC_000005,1,1,1,1,1
RU_HIN_001540,SRC_000001,1,1,1,1,1
RU_HIN_001541,SRC_000005,1,1,1,1,1
RU_HIN_001542,SRC_000002,1,1,1,1,1
RU_HIN_001543,SRC_000001,0,0,0,0,0
RU_HIN_001544,SRC_000004,1,1,1,1,1
RU_HIN_001545,SRC_000003,0,0,0,0,0
RU_HIN_001546,SRC_000005,1,1,1,1,1
RU_HIN_001547,SRC_000005,1,1,1,1,1
RU_HIN_001548,SRC_000003,1,1,1,1,1
RU_HIN_001549,SRC_000003,1,1,1,1,1
RU_HIN_001550,SRC_000001,1,1,1,1,1
RU_HIN_001551,SRC_000002,1,1,1,1,1
RU_HIN_001552,SRC_000004,1,1,1,1,1
RU_HIN_001553,SRC_000002,1,1,1,1,1
RU_HIN_001554,SRC_000005,1,1,1,1,1
RU_HIN_001555,SRC_000001,1,1,1,1,1
RU_HIN_001556,SRC_000001,1,1,1,1,1
RU_HIN_001557,SRC_000003,1,1,1,1,1
RU_HIN_001558,SRC_000004,0,0,0,0,0
RU_HIN_001559,SRC_000001,1,1,1,1,1
RU_HIN_001560,SRC_000005,1,1,1,1,1
RU_HIN_001561,SRC_000003,1,1,1,1,1
RU_HIN_001562,SRC_000001,1,1,1,1,1
RU_HIN_001563,SRC_000001,1,1,1,1,1
RU_HIN_001564,SRC_000004,1,0,1,1,0
RU_HIN_001565,SRC_000003,0,0,0,0,0
RU_HIN_001566,SRC_000004,1,1,1,1,1
RU_HIN_001567,SRC_000002,0,0,0,0,0
RU_HIN_001568,SRC_000001,1,1,1,1,1
RU_HIN_001569,SRC_000004,0,0,0,0,0
RU_HIN_001570,SRC_000001,0,0,0,0,0
RU_HIN_001571,SRC_000004,1,1,1,1,1
RU_HIN_001572,SRC_000004,1,1,1,1,1
RU_HIN_001573,SRC_000002,1,1,1,1,1
RU_HIN_001574,SRC_000003,1,1,1,1,1
RU_HIN_001575,SRC_000004,1,1,1,1,1
RU_HIN_001576,SRC_000004,1,1,1,1,1
RU_HIN_001577,SRC_000001,1,1,1,1,1
RU_HIN_001578,SRC_000003,1,1,1,1,1
RU_HIN_001579,SRC_000004,0,0,0,0,0
RU_HIN_001580,SRC_000004,1,1,1,1,1
RU_HIN_001581,SRC_000003,1,1,1,1,1
RU_HIN_001582,SRC_000005,1,1,1,1,1
RU_HIN_001583,SRC_000004,0,0,0,0,0
RU_HIN_001584,SRC_000004,1,1,1,1,1
RU_HIN_001585,SRC_000004,1,1,1,1,1
RU_HIN_001586,SRC_000001,0,0,0,0,0
RU_HIN_001587,SRC_000002,1,1,1,1,1
RU_HIN_001588,SRC_000003,1,1,1,1,1
RU_HIN_001589,SRC_000001,1,1,1,1,1
RU_HIN_001590,SRC_000005,1,1,1,1,1
RU_HIN_001591,SRC_000001,1,1,1,1,1
RU_HIN_001592,SRC_000001,0,0,0,0,0
RU_HIN_001593,SRC_000001,1,1,1,1,1
RU_HIN_001594,SRC_000005,1,1,1,1,1
RU_HIN_001595,SRC_000003,1,1,1,1,1
RU_HIN_001596,SRC_000001,1,1,1,1,1
RU_HIN_001597,SRC_000001,1,1,1,1,1
RU_HIN_001598,SRC_000002,1,1,1,1,1
RU_HIN_001599,SRC_000003,1,1,1,1,1
RU_HIN_001600,SRC_000002,0,0,0,0,0
RU_HIN_001601,SRC_000002,0,0,0,0,0
RU_HIN_001602,SRC_000004,1,0,1,1,0
RU_HIN_001603,SRC_000001,1,1,1,1,1
RU_HIN_001604,SRC_000001,1,1,1,1,1
RU_HIN_001605,SRC_000001,0,0,0,0,0
RU_HIN_001606,SRC_000005,1,0,1,1,1
RU_HIN_001607,SRC_000004,0,0,0,0,0
RU_HIN_001608,SRC_000003,1,1,1,1,1
RU_HIN_001609,SRC_000004,1,1,1,1,1
RU_HIN_001610,SRC_000004,0,0,0,0,0
RU_HIN_001611,SRC_000005,1,1,1,1,1
RU_HIN_001612,SRC_000002,1,1,1,1,1
RU_HIN_001613,SRC_000002,1,1,1,1,1
RU_HIN_001614,SRC_000003,1,1,1,1,1
RU_HIN_001615,SRC_000003,1,1,1,1,1
RU_HIN_001616,SRC_000001,0,0,0,0,0
RU_HIN_001617,SRC_000005,1,1,1,1,1
RU_HIN_001618,SRC_000005,1,1,1,1,1
RU_HIN_001619,SRC_000003,1,1,1,1,1
RU_HIN_001620,SRC_000005,1,1,1,1,1
RU_HIN_001621,SRC_000003,1,1,1,1,1
RU_HIN_001622,SRC_000001,1,1,1,1,1
RU_HIN_001623,SRC_000002,1,1,1,1,1
RU_HIN_001624,SRC_000003,1,1,1,1,1
RU_HIN_001625,SRC_000004,1,0,1,1,0
RU_HIN_001626,SRC_000002,1,1,1,1,1
RU_HIN_001627,SRC_000005,1,1,1,1,1
RU_HIN_001628,SRC_000004,0,0,0,0,0
RU_HIN_001629,SRC_000001,0,0,0,0,0
RU_HIN_001630,SRC_000001,1,1,1,1,1
RU_HIN_001631,SRC_000001,1,1,1,1,1
RU_HIN_001632,SRC_000003,1,1,1,1,1
RU_HIN_001633,SRC_000005,1,1,1,1,1
RU_HIN_001634,SRC_000002,0,0,0,0,0
RU_HIN_001635,SRC_000001,1,1,1,1,1
RU_HIN_001636,SRC_000004,1,1,1,1,1
RU_HIN_001637,SRC_000004,0,0,0,0,0
RU_HIN_001638,SRC_000002,1,1,1,1,1
RU_HIN_001639,SRC_000002,1,1,1,1,1
RU_HIN_001640,SRC_000002,1,1,1,1,1
RU_HIN_001641,SRC_000003,1,1,1,1,1
RU_HIN_001642,SRC_000005,0,0,0,0,0
RU_HIN_001643,SRC_000005,1,1,1,1,1
RU_HIN_001644,SRC_000005,1,1,1,1,1
RU_HIN_001645,SRC_000004,0,0,0,0,0
RU_HIN_001646,SRC_000001,0,0,0,0,0
RU_HIN_001647,SRC_000005,1,1,1,1,1
RU_HIN_001648,SRC_000005,1,1,1,1,1
RU_HIN_001649,SRC_000004,1,1,1,1,1
RU_HIN_001650,SRC_000003,1,1,1,1,1
RU_HIN_001651,SRC_000003,1,1,1,1,1
RU_HIN_001652,SRC_000003,1,1,1,1,1
RU_HIN_001653,SRC_000002,1,1,1,1,1
RU_HIN_001654,SRC_000001,1,1,1,1,1
RU_HIN_001655,SRC_000004,1,1,1,1,1
RU_HIN_001656,SRC_000004,0,0,0,0,0
RU_HIN_001657,SRC_000001,1,1,1,1,1
RU_HIN_001658,SRC_000001,1,1,1,1,1
RU_HIN_001659,SRC_000003,1,1,1,1,1
RU_HIN_001660,SRC_000002,1,1,1,1,1
RU_HIN_001661,SRC_000005,1,1,1,1,1
RU_HIN_001662,SRC_000003,1,0,1,1,1
RU_HIN_001663,SRC_000005,1,0,1,1,1
RU_HIN_001664,SRC_000001,0,0,0,0,0
RU_HIN_001665,SRC_000002,1,1,1,1,1
RU_HIN_001666,SRC_000005,0,0,0,0,0
RU_HIN_001667,SRC_000003,1,1,1,1,1
RU_HIN_001668,SRC_000002,1,1,1,1,1
RU_HIN_001669,SRC_000001,1,1,1,1,1
RU_HIN_001670,SRC_000004,1,1,1,1,1
RU_HIN_001671,SRC_000003,1,1,1,1,1
RU_HIN_001672,SRC_000003,1,1,1,1,1
RU_HIN_001673,SRC_000002,0,0,0,0,0
RU_HIN_001674,SRC_000001,1,1,1,1,1
RU_HIN_001675,SRC_000004,1,1,1,1,1
RU_HIN_001676,SRC_000004,1,1,1,1,1
RU_HIN_001677,SRC_000004,0,0,0,0,0
RU_HIN_001678,SRC_000001,1,1,1,1,1
RU_HIN_001679,SRC_000001,0,0,0,0,0
RU_HIN_001680,SRC_000003,1,1,1,1,1
RU_HIN_001681,SRC_000002,1,0,1,1,1
RU_HIN_001682,SRC_000003,0,0,0,0,0
RU_HIN_001683,SRC_000001,1,0,1,1,1
RU_HIN_001684,SRC_000001,1,1,1,1,1
RU_HIN_001685,SRC_000005,1,1,1,1,1
RU_HIN_001686,SRC_000005,0,0,0,0,0
RU_HIN_001687,SRC_000003,0,0,0,0,0
RU_HIN_001688,SRC_000002,1,1,1,1,1
RU_HIN_001689,SRC_000001,1,1,1,1,1
RU_HIN_001690,SRC_000004,1,1,1,1,1
RU_HIN_001691,SRC_000003,0,0,0,0,0
RU_HIN_001692,SRC_000001,0,0,0,0,0
RU_HIN_001693,SRC_000003,1,1,1,1,1
RU_HIN_001694,SRC_000005,1,1,1,1,1
RU_HIN_001695,SRC_000004,0,0,0,0,0
RU_HIN_001696,SRC_000003,1,1,1,1,1
RU_HIN_001697,SRC_000004,0,0,0,0,0
RU_HIN_001698,SRC_000003,1,1,1,1,1
RU_HIN_001699,SRC_000001,1,1,1,1,1
RU_HIN_001700,SRC_000005,1,1,1,1,1
RU_HIN_001701,SRC_000005,1,1,1,1,1
RU_HIN_001702,SRC_000004,0,0,0,0,0
RU_HIN_001703,SRC_000001,1,1,1,1,1
RU_HIN_001704,SRC_000001,1,1,1,1,1
RU_HIN_001705,SRC_000004,1,1,1,1,1
RU_HIN_001706,SRC_000005,1,1,1,1,1
RU_HIN_001707,SRC_000004,0,0,0,0,0
RU_HIN_001708,SRC_000003,0,0,0,0,0
RU_HIN_001709,SRC_000005,1,1,1,1,1
RU_HIN_001710,SRC_000001,1,1,1,1,1
RU_HIN_001711,SRC_000005,1,1,1,1,1
RU_HIN_001712,SRC_000002,1,1,1,1,1
RU_HIN_001713,SRC_000002,1,1,1,1,1
RU_HIN_001714,SRC_000005,0,0,0,0,0
RU_HIN_001715,SRC_000004,1,1,1,1,1
RU_HIN_001716,SRC_000001,1,1,1,1,1
RU_HIN_001717,SRC_000002,0,0,0,0,0
RU_HIN_001718,SRC_000004,1,1,1,1,1
RU_HIN_001719,SRC_000001,1,1,1,1,1
RU_HIN_001720,SRC_000005,1,1,1,1,1
RU_HIN_001721,SRC_000004,1,1,1,1,1
RU_HIN_001722,SRC_000004,0,0,0,0,0
RU_HIN_001723,SRC_000004,1,1,1,1,1
RU_HIN_001724,SRC_000004,1,1,1,1,1
RU_HIN_001725,SRC_000001,1,1,1,1,1
RU_HIN_001726,SRC_000003,1,1,1,1,1
RU_HIN_001727,SRC_000001,1,1,1,1,1
RU_HIN_001728,SRC_000003,1,1,1,1,1
RU_HIN_001729,SRC_000002,1,1,1,1,1
RU_HIN_001730,SRC_000001,1,1,1,1,1
RU_HIN_001731,SRC_000002,1,1,1,1,1
RU_HIN_001732,SRC_000002,1,1,1,1,1
RU_HIN_001733,SRC_000001,1,1,1,1,1
RU_HIN_001734,SRC_000002,1,1,1,1,1
RU_HIN_001735,SRC_000005,1,1,1,1,1
RU_HIN_001736,SRC_000001,1,1,1,1,1
RU_HIN_001737,SRC_000003,1,1,1,1,1
RU_HIN_001738,SRC_000005,0,0,0,0,0
RU_HIN_001739,SRC_000004,1,1,1,1,1
RU_HIN_001740,SRC_000005,1,1,1,1,1
RU_HIN_001741,SRC_000003,1,1,1,1,1
RU_HIN_001742,SRC_000004,1,1,1,1,1
RU_HIN_001743,SRC_000002,1,1,1,1,1
RU_HIN_001744,SRC_000002,1,1,1,1,1
RU_HIN_001745,SRC_000003,1,1,1,1,1
RU_HIN_001746,SRC_000003,1,1,1,1,1
RU_HIN_001747,SRC_000004,1,1,1,1,1
RU_HIN_001748,SRC_000004,1,1,1,1,1
RU_HIN_001749,SRC_000003,1,1,1,1,1
RU_HIN_001750,SRC_000003,1,1,1,1,1
RU_HIN_001751,SRC_000005,1,1,1,1,1
RU_HIN_001752,SRC_000002,1,1,1,1,1
RU_HIN_001753,SRC_000005,1,1,1,1,1
RU_HIN_001754,SRC_000003,0,0,0,0,0
RU_HIN_001755,SRC_000002,1,1,1,1,1
RU_HIN_001756,SRC_000001,1,1,1,1,1
RU_HIN_001757,SRC_000004,0,0,0,0,0
RU_HIN_001758,SRC_000004,1,1,1,1,1
RU_HIN_001759,SRC_000002,1,1,1,1,1
RU_HIN_001760,SRC_000002,1,1,1,1,1
RU_HIN_001761,SRC_000003,1,1,1,1,1
RU_HIN_001762,SRC_000004,1,1,1,1,1
RU_HIN_001763,SRC_000002,0,0,0,0,0
RU_HIN_001764,SRC_000004,0,0,0,0,0
RU_HIN_001765,SRC_000002,1,1,1,1,1
RU_HIN_001766,SRC_000003,1,1,1,1,1
RU_HIN_001767,SRC_000002,1,1,1,1,1
RU_HIN_001768,SRC_000002,1,1,1,1,1
RU_HIN_001769,SRC_000004,1,1,1,1,1
RU_HIN_001770,SRC_000001,1,1,1,1,1
RU_HIN_001771,SRC_000005,1,1,1,1,1
RU_HIN_001772,SRC_000004,1,1,1,1,1
RU_HIN_001773,SRC_000004,1,1,1,1,1
RU_HIN_001774,SRC_000003,1,1,1,1,1
RU_HIN_001775,SRC_000005,1,1,1,1,1
RU_HIN_001776,SRC_000002,0,0,0,0,0
RU_HIN_001777,SRC_000004,1,1,1,1,1
RU_HIN_001778,SRC_000005,1,1,1,1,1
RU_HIN_001779,SRC_000001,1,1,1,1,1
RU_HIN_001780,SRC_000005,0,0,0,0,0
RU_HIN_001781,SRC_000004,1,1,1,1,1
RU_HIN_001782,SRC_000004,1,1,1,1,1
RU_HIN_001783,SRC_000005,1,1,1,1,1
RU_HIN_001784,SRC_000004,0,0,0,0,0
RU_HIN_001785,SRC_000004,0,0,0,0,0
RU_HIN_001786,SRC_000003,1,1,1,1,1
RU_HIN_001787,SRC_000004,1,0,1,1,1
RU_HIN_001788,SRC_000003,0,0,0,0,0
RU_HIN_001789,SRC_000004,1,1,1,1,1
RU_HIN_001790,SRC_000004,1,1,1,1,1
RU_HIN_001791,SRC_000003,1,1,1,1,1
RU_HIN_001792,SRC_000001,1,1,1,1,1
RU_HIN_001793,SRC_000004,1,1,1,1,1
RU_HIN_001794,SRC_000004,1,1,1,1,1
RU_HIN_001795,SRC_000002,1,1,1,1,1
RU_HIN_001796,SRC_000001,0,0,0,0,0
RU_HIN_001797,SRC_000001,0,0,0,0,0
RU_HIN_001798,SRC_000002,1,1,1,1,1
RU_HIN_001799,SRC_000005,1,1,1,1,1
RU_HIN_001800,SRC_000004,1,1,1,1,1
RU_HIN_001801,SRC_000001,0,0,0,0,0
RU_HIN_001802,SRC_000003,1,1,1,1,1
RU_HIN_001803,SRC_000001,1,1,1,1,1
RU_HIN_001804,SRC_000002,0,0,0,0,0
RU_HIN_001805,SRC_000002,1,1,1,1,1
RU_HIN_001806,SRC_000003,1,1,1,1,1
RU_HIN_001807,SRC_000004,1,1,1,1,1
RU_HIN_001808,SRC_000003,1,1,1,1,1
RU_HIN_001809,SRC_000004,1,1,1,1,1
RU_HIN_001810,SRC_000005,1,1,1,1,1
RU_HIN_001811,SRC_000003,1,1,1,1,1
RU_HIN_001812,SRC_000003,1,1,1,1,1
RU_HIN_001813,SRC_000003,1,1,1,1,1
RU_HIN_001814,SRC_000001,1,1,1,1,1
RU_HIN_001815,SRC_000005,0,0,0,0,0
RU_HIN_001816,SRC_000002,1,1,1,1,1
RU_HIN_001817,SRC_000002,1,1,1,1,1
RU_HIN_001818,SRC_000001,1,1,1,1,1
RU_HIN_001819,SRC_000002,1,1,1,1,1
RU_HIN_001820,SRC_000005,1,1,1,1,1
RU_HIN_001821,SRC_000003,1,1,1,1,1
RU_HIN_001822,SRC_000003,1,1,1,1,1
RU_HIN_001823,SRC_000002,1,1,1,1,1
RU_HIN_001824,SRC_000005,1,1,1,1,1
RU_HIN_001825,SRC_000001,0,0,0,0,0
RU_HIN_001826,SRC_000001,1,0,1,1,1
RU_HIN_001827,SRC_000002,1,1,1,1,1
RU_HIN_001828,SRC_000005,1,1,1,1,1
RU_HIN_001829,SRC_000002,1,1,1,1,1
RU_HIN_001830,SRC_000005,1,1,1,1,1
RU_HIN_001831,SRC_000003,1,1,1,1,1
RU_HIN_001832,SRC_000004,1,1,1,1,1
RU_HIN_001833,SRC_000002,1,1,1,1,1
RU_HIN_001834,SRC_000001,1,1,1,1,1
RU_HIN_001835,SRC_000003,1,1,1,1,1
RU_HIN_001836,SRC_000004,1,1,1,1,1
RU_HIN_001837,SRC_000002,1,1,1,1,1
RU_HIN_001838,SRC_000001,0,0,0,0,0
RU_HIN_001839,SRC_000004,0,0,0,0,0
RU_HIN_001840,SRC_000004,1,1,1,1,1
RU_HIN_001841,SRC_000001,1,1,1,1,1
RU_HIN_001842,SRC_000004,0,0,0,0,0
RU_HIN_001843,SRC_000005,1,1,1,1,1
RU_HIN_001844,SRC_000004,1,1,1,1,1
RU_HIN_001845,SRC_000001,1,1,1,1,1
RU_HIN_001846,SRC_000003,1,1,1,1,1
RU_HIN_001847,SRC_000002,1,1,1,1,1
RU_HIN_001848,SRC_000001,1,1,1,1,1
RU_HIN_001849,SRC_000005,1,1,1,1,1
RU_HIN_001850,SRC_000002,1,1,1,1,1
RU_HIN_001851,SRC_000005,1,1,1,1,1
RU_HIN_001852,SRC_000005,0,0,0,0,0
RU_HIN_001853,SRC_000002,1,1,1,1,1
RU_HIN_001854,SRC_000002,1,1,1,1,1
RU_HIN_001855,SRC_000005,1,1,1,1,1
RU_HIN_001856,SRC_000002,1,1,1,1,1
RU_HIN_001857,SRC_000004,1,1,1,1,1
RU_HIN_001858,SRC_000005,1,1,1,1,1
RU_HIN_001859,SRC_000002,1,0,1,1,1
RU_HIN_001860,SRC_000004,0,0,0,0,0
RU_HIN_001861,SRC_000001,1,1,1,1,1
RU_HIN_001862,SRC_000001,1,1,1,1,1
RU_HIN_001863,SRC_000004,0,0,0,0,0
RU_HIN_001864,SRC_000001,0,0,0,0,0
RU_HIN_001865,SRC_000005,1,1,1,1,1
RU_HIN_001866,SRC_000005,1,0,1,1,0
RU_HIN_001867,SRC_000004,0,0,0,0,0
RU_HIN_001868,SRC_000003,1,1,1,1,1
RU_HIN_001869,SRC_000002,1,1,1,1,1
RU_HIN_001870,SRC_000003,0,0,0,0,0
RU_HIN_001871,SRC_000004,1,1,1,1,1
RU_HIN_001872,SRC_000005,0,0,0,0,0
RU_HIN_001873,SRC_000003,1,1,1,1,1
RU_HIN_001874,SRC_000002,1,0,1,1,0
RU_HIN_001875,SRC_000001,1,1,1,1,1
RU_HIN_001876,SRC_000004,1,1,1,1,1
RU_HIN_001877,SRC_000003,0,0,0,0,0
RU_HIN_001878,SRC_000004,1,1,1,1,1
RU_HIN_001879,SRC_000002,0,0,0,0,0
RU_HIN_001880,SRC_000005,1,1,1,1,1
RU_HIN_001881,SRC_000004,1,1,1,1,1
RU_HIN_001882,SRC_000002,1,1,1,1,1
RU_HIN_001883,SRC_000001,0,0,0,0,0
RU_HIN_001884,SRC_000003,1,1,1,1,1
RU_HIN_001885,SRC_000002,1,1,1,1,1
RU_HIN_001886,SRC_000003,0,0,0,0,0
RU_HIN_001887,SRC_000003,0,0,0,0,0
RU_HIN_001888,SRC_000002,1,1,1,1,1
RU_HIN_001889,SRC_000001,1,1,1,1,1
RU_HIN_001890,SRC_000005,1,1,1,1,1
RU_HIN_001891,SRC_000005,1,1,1,1,1
RU_HIN_001892,SRC_000004,1,1,1,1,1
RU_HIN_001893,SRC_000005,1,1,1,1,1
RU_HIN_001894,SRC_000004,1,1,1,1,1
RU_HIN_001895,SRC_000002,0,0,0,0,0
RU_HIN_001896,SRC_000004,1,1,1,1,1
RU_HIN_001897,SRC_000005,1,1,1,1,1
RU_HIN_001898,SRC_000005,1,1,1,1,1
RU_HIN_001899,SRC_000003,1,0,1,1,0
RU_HIN_001900,SRC_000003,0,0,0,0,0
RU_HIN_001901,SRC_000002,1,1,1,1,1
RU_HIN_001902,SRC_000004,1,0,1,1,0
RU_HIN_001903,SRC_000001,1,1,1,1,1
RU_HIN_001904,SRC_000003,1,1,1,1,1
RU_HIN_001905,SRC_000002,0,0,0,0,0
RU_HIN_001906,SRC_000001,1,1,1,1,1
RU_HIN_001907,SRC_000004,1,1,1,1,1
RU_HIN_001908,SRC_000004,0,0,0,0,0
RU_HIN_001909,SRC_000002,1,1,1,1,1
RU_HIN_001910,SRC_000002,1,1,1,1,1
RU_HIN_001911,SRC_000002,1,1,1,1,1
RU_HIN_001912,SRC_000001,1,0,1,1,1
RU_HIN_001913,SRC_000005,1,1,1,1,1
RU_HIN_001914,SRC_000002,1,1,1,1,1
RU_HIN_001915,SRC_000003,1,1,1,1,1
RU_HIN_001916,SRC_000001,0,0,0,0,0
RU_HIN_001917,SRC_000004,1,1,1,1,1
RU_HIN_001918,SRC_000001,1,1,1,1,1
RU_HIN_001919,SRC_000005,1,1,1,1,1
RU_HIN_001920,SRC_000003,0,0,0,0,0
RU_HIN_001921,SRC_000004,1,0,1,1,1
RU_HIN_001922,SRC_000003,1,1,1,1,1
RU_HIN_001923,SRC_000005,1,1,1,1,1
RU_HIN_001924,SRC_000005,0,0,0,0,0
RU_HIN_001925,SRC_000001,0,0,0,0,0
RU_HIN_001926,SRC_000002,0,0,0,0,0
RU_HIN_001927,SRC_000001,1,1,1,1,1
RU_HIN_001928,SRC_000001,1,1,1,1,1
RU_HIN_001929,SRC_000005,0,0,0,0,0
RU_HIN_001930,SRC_000001,1,1,1,1,1
RU_HIN_001931,SRC_000004,1,1,1,1,1
RU_HIN_001932,SRC_000005,1,1,1,1,1
RU_HIN_001933,SRC_000005,1,1,1,1,1
RU_HIN_001934,SRC_000001,0,0,0,0,0
RU_HIN_001935,SRC_000001,1,1,1,1,1
RU_HIN_001936,SRC_000005,1,1,1,1,1
RU_HIN_001937,SRC_000002,1,1,1,1,1
RU_HIN_001938,SRC_000003,1,1,1,1,1
RU_HIN_001939,SRC_000004,0,0,0,0,0
RU_HIN_001940,SRC_000005,1,1,1,1,1
RU_HIN_001941,SRC_000003,1,1,1,1,1
RU_HIN_001942,SRC_000002,1,0,1,1,0
RU_HIN_001943,SRC_000004,1,0,1,1,0
RU_HIN_001944,SRC_000001,1,1,1,1,1
RU_HIN_001945,SRC_000001,1,1,1,1,1
RU_HIN_001946,SRC_000003,0,0,0,0,0
RU_HIN_001947,SRC_000001,1,1,1,1,1
RU_HIN_001948,SRC_000001,1,1,1,1,1
RU_HIN_001949,SRC_000001,1,1,1,1,1
RU_HIN_001950,SRC_000005,0,0,0,0,0
RU_HIN_001951,SRC_000004,1,1,1,1,1
RU_HIN_001952,SRC_000005,1,1,1,1,1
RU_HIN_001953,SRC_000002,1,1,1,1,1
RU_HIN_001954,SRC_000003,0,0,0,0,0
RU_HIN_001955,SRC_000004,1,1,1,1,1
RU_HIN_001956,SRC_000005,1,1,1,1,1
RU_HIN_001957,SRC_000003,0,0,0,0,0
RU_HIN_001958,SRC_000004,0,0,0,0,0
RU_HIN_001959,SRC_000001,1,1,1,1,1
RU_HIN_001960,SRC_000005,1,1,1,1,1
RU_HIN_001961,SRC_000001,1,1,1,1,1
RU_HIN_001962,SRC_000004,1,1,1,1,1
RU_HIN_001963,SRC_000001,1,1,1,1,1
RU_HIN_001964,SRC_000005,1,1,1,1,1
RU_HIN_001965,SRC_000002,0,0,0,0,0
RU_HIN_001966,SRC_000002,1,1,1,1,1
RU_HIN_001967,SRC_000001,1,1,1,1,1
RU_HIN_001968,SRC_000001,0,0,0,0,0
RU_HIN_001969,SRC_000003,1,1,1,1,1
RU_HIN_001970,SRC_000001,1,1,1,1,1
RU_HIN_001971,SRC_000003,1,1,1,1,1
RU_HIN_001972,SRC_000005,1,1,1,1,1
RU_HIN_001973,SRC_000003,1,1,1,1,1
RU_HIN_001974,SRC_000002,1,1,1,1,1
RU_HIN_001975,SRC_000004,1,1,1,1,1
RU_HIN_001976,SRC_000001,1,1,1,1,1
RU_HIN_001977,SRC_000004,1,1,1,1,1
RU_HIN_001978,SRC_000002,0,0,0,0,0
RU_HIN_001979,SRC_000004,0,0,0,0,0
RU_HIN_001980,SRC_000002,0,0,0,0,0
RU_HIN_001981,SRC_000003,1,1,1,1,1
RU_HIN_001982,SRC_000001,1,1,1,1,1
RU_HIN_001983,SRC_000002,1,1,1,1,1
RU_HIN_001984,SRC_000001,1,1,1,1,1
RU_HIN_001985,SRC_000003,1,1,1,1,1
RU_HIN_001986,SRC_000001,0,0,0,0,0
RU_HIN_001987,SRC_000002,1,1,1,1,1
RU_HIN_001988,SRC_000003,1,1,1,1,1
RU_HIN_001989,SRC_000004,1,1,1,1,1
RU_HIN_001990,SRC_000004,1,1,1,1,1
RU_HIN_001991,SRC_000003,0,0,0,0,0
RU_HIN_001992,SRC_000002,1,1,1,1,1
RU_HIN_001993,SRC_000002,1,1,1,1,1
RU_HIN_001994,SRC_000001,1,1,1,1,1
RU_HIN_001995,SRC_000002,1,1,1,1,1
RU_HIN_001996,SRC_000001,1,1,1,1,1
RU_HIN_001997,SRC_000002,1,1,1,1,1
RU_HIN_001998,SRC_000001,1,1,1,1,1
RU_HIN_001999,SRC_000003,1,1,1,1,1
RU_HIN_002000,SRC_000002,1,1,1,1,1
RU_HIN_002001,SRC_000003,1,1,1,1,1
RU_HIN_002002,SRC_000002,0,0,0,0,0
RU_HIN_002003,SRC_000003,1,1,1,1,1
RU_HIN_002004,SRC_000003,0,0,0,0,0
RU_HIN_002005,SRC_000005,1,1,1,1,1
RU_HIN_002006,SRC_000002,1,1,1,1,1
RU_HIN_002007,SRC_000005,1,1,1,1,1
RU_HIN_002008,SRC_000004,1,1,1,1,1
RU_HIN_002009,SRC_000004,1,1,1,1,1
RU_HIN_002010,SRC_000002,1,1,1,1,1
RU_HIN_002011,SRC_000003,1,1,1,1,1
RU_HIN_002012,SRC_000001,1,1,1,1,1
RU_HIN_002013,SRC_000005,1,1,1,1,1
RU_HIN_002014,SRC_000001,1,1,1,1,1
RU_HIN_002015,SRC_000004,1,1,1,1,1
RU_HIN_002016,SRC_000004,1,1,1,1,1
RU_HIN_002017,SRC_000005,1,1,1,1,1
RU_HIN_002018,SRC_000005,1,1,1,1,1
RU_HIN_002019,SRC_000005,1,1,1,1,1
RU_HIN_002020,SRC_000002,1,1,1,1,1
RU_HIN_002021,SRC_000002,1,1,1,1,1
RU_HIN_002022,SRC_000002,0,0,0,0,0
RU_HIN_002023,SRC_000002,1,1,1,1,1
RU_HIN_002024,SRC_000005,1,1,1,1,1
RU_HIN_002025,SRC_000004,1,1,1,1,1
RU_HIN_002026,SRC_000003,1,1,1,1,1
RU_HIN_002027,SRC_000003,1,1,1,1,1
RU_HIN_002028,SRC_000003,1,1,1,1,1
RU_HIN_002029,SRC_000002,1,1,1,1,1
RU_HIN_002030,SRC_000004,1,1,1,1,1
RU_HIN_002031,SRC_000002,1,1,1,1,1
RU_HIN_002032,SRC_000002,1,1,1,1,1
RU_HIN_002033,SRC_000003,1,1,1,1,1
RU_HIN_002034,SRC_000005,1,1,1,1,1
RU_HIN_002035,SRC_000002,0,0,0,0,0
RU_HIN_002036,SRC_000005,1,1,1,1,1
RU_HIN_002037,SRC_000004,1,1,1,1,1
RU_HIN_002038,SRC_000002,0,0,0,0,0
RU_HIN_002039,SRC_000002,1,1,1,1,1
RU_HIN_002040,SRC_000005,0,0,0,0,0
RU_HIN_002041,SRC_000002,1,1,1,1,1
RU_HIN_002042,SRC_000003,1,1,1,1,1
RU_HIN_002043,SRC_000005,1,1,1,1,1
RU_HIN_002044,SRC_000001,1,1,1,1,1
RU_HIN_002045,SRC_000002,0,0,0,0,0
RU_HIN_002046,SRC_000004,1,1,1,1,1
RU_HIN_002047,SRC_000004,0,0,0,0,0
RU_HIN_002048,SRC_000002,1,1,1,1,1
RU_HIN_002049,SRC_000001,1,1,1,1,1
RU_HIN_002050,SRC_000001,1,1,1,1,1
RU_HIN_002051,SRC_000005,1,1,1,1,1
RU_HIN_002052,SRC_000005,1,1,1,1,1
RU_HIN_002053,SRC_000004,1,1,1,1,1
RU_HIN_002054,SRC_000001,0,0,0,0,0
RU_HIN_002055,SRC_000003,1,1,1,1,1
RU_HIN_002056,SRC_000001,1,1,1,1,1
RU_HIN_002057,SRC_000001,1,0,1,1,1
RU_HIN_002058,SRC_000004,1,1,1,1,1
RU_HIN_002059,SRC_000004,0,0,0,0,0
RU_HIN_002060,SRC_000002,0,0,0,0,0
RU_HIN_002061,SRC_000005,1,1,1,1,1
RU_HIN_002062,SRC_000004,1,1,1,1,1
RU_HIN_002063,SRC_000001,1,1,1,1,1
RU_HIN_002064,SRC_000003,1,1,1,1,1
RU_HIN_002065,SRC_000001,1,1,1,1,1
RU_HIN_002066,SRC_000004,0,0,0,0,0
RU_HIN_002067,SRC_000002,0,0,0,0,0
RU_HIN_002068,SRC_000002,1,1,1,1,1
RU_HIN_002069,SRC_000004,1,1,1,1,1
RU_HIN_002070,SRC_000001,1,1,1,1,1
RU_HIN_002071,SRC_000005,1,1,1,1,1
RU_HIN_002072,SRC_000001,1,1,1,1,1
RU_HIN_002073,SRC_000002,0,0,0,0,0
RU_HIN_002074,SRC_000004,1,1,1,1,1
RU_HIN_002075,SRC_000003,1,1,1,1,1
RU_HIN_002076,SRC_000005,1,1,1,1,1
RU_HIN_002077,SRC_000005,0,0,0,0,0
RU_HIN_002078,SRC_000002,0,0,0,0,0
RU_HIN_002079,SRC_000005,1,1,1,1,1
RU_HIN_002080,SRC_000002,1,1,1,1,1
RU_HIN_002081,SRC_000002,1,0,1,1,0
RU_HIN_002082,SRC_000004,1,1,1,1,1
RU_HIN_002083,SRC_000002,0,0,0,0,0
RU_HIN_002084,SRC_000002,1,1,1,1,1
RU_HIN_002085,SRC_000005,1,1,1,1,1
RU_HIN_002086,SRC_000005,1,1,1,1,1
RU_HIN_002087,SRC_000002,1,1,1,1,1
RU_HIN_002088,SRC_000003,1,0,1,1,1
RU_HIN_002089,SRC_000005,1,1,1,1,1
RU_HIN_002090,SRC_000003,1,1,1,1,1
RU_HIN_002091,SRC_000004,1,1,1,1,1
RU_HIN_002092,SRC_000002,1,1,1,1,1
RU_HIN_002093,SRC_000005,1,1,1,1,1
RU_HIN_002094,SRC_000005,1,1,1,1,1
RU_HIN_002095,SRC_000002,1,1,1,1,1
RU_HIN_002096,SRC_000002,0,0,0,0,0
RU_HIN_002097,SRC_000002,1,1,1,1,1
RU_HIN_002098,SRC_000002,1,1,1,1,1
RU_HIN_002099,SRC_000004,1,1,1,1,1
RU_HIN_002100,SRC_000005,1,0,1,1,1
RU_HIN_002101,SRC_000001,0,0,0,0,0
RU_HIN_002102,SRC_000005,1,1,1,1,1
RU_HIN_002103,SRC_000002,1,1,1,1,1
RU_HIN_002104,SRC_000003,1,1,1,1,1
RU_HIN_002105,SRC_000004,0,0,0,0,0
RU_HIN_002106,SRC_000002,1,0,1,1,0
RU_HIN_002107,SRC_000001,0,0,0,0,0
RU_HIN_002108,SRC_000004,0,0,0,0,0
RU_HIN_002109,SRC_000003,0,0,0,0,0
RU_HIN_002110,SRC_000003,1,1,1,1,1
RU_HIN_002111,SRC_000001,1,1,1,1,1
RU_HIN_002112,SRC_000002,0,0,0,0,0
RU_HIN_002113,SRC_000002,1,1,1,1,1
RU_HIN_002114,SRC_000001,1,1,1,1,1
RU_HIN_002115,SRC_000003,1,1,1,1,1
RU_HIN_002116,SRC_000001,1,1,1,1,1
RU_HIN_002117,SRC_000002,1,1,1,1,1
RU_HIN_002118,SRC_000005,1,1,1,1,1
RU_HIN_002119,SRC_000003,1,1,1,1,1
RU_HIN_002120,SRC_000002,1,1,1,1,1
RU_HIN_002121,SRC_000001,0,0,0,0,0
RU_HIN_002122,SRC_000002,1,1,1,1,1
RU_HIN_002123,SRC_000003,1,1,1,1,1
RU_HIN_002124,SRC_000001,1,1,1,1,1
RU_HIN_002125,SRC_000004,1,1,1,1,1
RU_HIN_002126,SRC_000001,0,0,0,0,0
RU_HIN_002127,SRC_000003,1,1,1,1,1
RU_HIN_002128,SRC_000004,1,1,1,1,1
RU_HIN_002129,SRC_000003,1,1,1,1,1
RU_HIN_002130,SRC_000001,1,1,1,1,1
RU_HIN_002131,SRC_000003,1,1,1,1,1
RU_HIN_002132,SRC_000004,1,1,1,1,1
RU_HIN_002133,SRC_000005,1,1,1,1,1
RU_HIN_002134,SRC_000004,1,0,1,1,1
RU_HIN_002135,SRC_000001,0,0,0,0,0
RU_HIN_002136,SRC_000004,1,1,1,1,1
RU_HIN_002137,SRC_000002,1,1,1,1,1
RU_HIN_002138,SRC_000003,1,1,1,1,1
RU_HIN_002139,SRC_000004,1,1,1,1,1
RU_HIN_002140,SRC_000004,1,1,1,1,1
RU_HIN_002141,SRC_000001,1,1,1,1,1
RU_HIN_002142,SRC_000005,1,1,1,1,1
RU_HIN_002143,SRC_000003,1,1,1,1,1
RU_HIN_002144,SRC_000005,1,1,1,1,1
RU_HIN_002145,SRC_000001,1,1,1,1,1
RU_HIN_002146,SRC_000004,0,0,0,0,0
RU_HIN_002147,SRC_000004,1,1,1,1,1
RU_HIN_002148,SRC_000004,1,1,1,1,1
RU_HIN_002149,SRC_000001,0,0,0,0,0
RU_HIN_002150,SRC_000003,1,1,1,1,1
RU_HIN_002151,SRC_000003,1,1,1,1,1
RU_HIN_002152,SRC_000003,1,1,1,1,1
RU_HIN_002153,SRC_000001,1,1,1,1,1
RU_HIN_002154,SRC_000003,1,1,1,1,1
RU_HIN_002155,SRC_000002,1,0,1,1,0
RU_HIN_002156,SRC_000005,1,1,1,1,1
RU_HIN_002157,SRC_000002,1,1,1,1,1
RU_HIN_002158,SRC_000003,1,1,1,1,1
RU_HIN_002159,SRC_000002,1,1,1,1,1
RU_HIN_002160,SRC_000005,0,0,0,0,0
RU_HIN_002161,SRC_000001,1,1,1,1,1
RU_HIN_002162,SRC_000005,1,1,1,1,1
RU_HIN_002163,SRC_000001,1,1,1,1,1
RU_HIN_002164,SRC_000002,1,1,1,1,1
RU_HIN_002165,SRC_000002,0,0,0,0,0
RU_HIN_002166,SRC_000003,1,1,1,1,1
RU_HIN_002167,SRC_000001,1,0,1,1,1
RU_HIN_002168,SRC_000001,0,0,0,0,0
RU_HIN_002169,SRC_000002,1,1,1,1,1
RU_HIN_002170,SRC_000001,0,0,0,0,0
RU_HIN_002171,SRC_000004,1,1,1,1,1
RU_HIN_002172,SRC_000001,1,0,1,1,0
RU_HIN_002173,SRC_000002,1,1,1,1,1
RU_HIN_002174,SRC_000002,1,1,1,1,1
RU_HIN_002175,SRC_000001,1,1,1,1,1
RU_HIN_002176,SRC_000005,1,1,1,1,1
RU_HIN_002177,SRC_000001,1,1,1,1,1
RU_HIN_002178,SRC_000002,1,1,1,1,1
RU_HIN_002179,SRC_000003,1,1,1,1,1
RU_HIN_002180,SRC_000003,1,1,1,1,1
RU_HIN_002181,SRC_000005,1,1,1,1,1
RU_HIN_002182,SRC_000005,0,0,0,0,0
RU_HIN_002183,SRC_000002,0,0,0,0,0
RU_HIN_002184,SRC_000004,1,1,1,1,1
RU_HIN_002185,SRC_000002,1,1,1,1,1
RU_HIN_002186,SRC_000005,1,1,1,1,1
RU_HIN_002187,SRC_000005,1,1,1,1,1
RU_HIN_002188,SRC_000001,1,1,1,1,1
RU_HIN_002189,SRC_000005,1,1,1,1,1
RU_HIN_002190,SRC_000001,1,1,1,1,1
RU_HIN_002191,SRC_000002,1,1,1,1,1
RU_HIN_002192,SRC_000003,0,0,0,0,0
RU_HIN_002193,SRC_000001,1,1,1,1,1
RU_HIN_002194,SRC_000004,0,0,0,0,0
RU_HIN_002195,SRC_000005,1,1,1,1,1
RU_HIN_002196,SRC_000001,1,1,1,1,1
RU_HIN_002197,SRC_000004,0,0,0,0,0
RU_HIN_002198,SRC_000002,0,0,0,0,0
RU_HIN_002199,SRC_000001,1,1,1,1,1
RU_HIN_002200,SRC_000002,1,1,1,1,1
RU_HIN_002201,SRC_000005,1,1,1,1,1
RU_HIN_002202,SRC_000003,0,0,0,0,0
RU_HIN_002203,SRC_000001,0,0,0,0,0
RU_HIN_002204,SRC_000001,1,1,1,1,1
RU_HIN_002205,SRC_000003,0,0,0,0,0
RU_HIN_002206,SRC_000001,0,0,0,0,0
RU_HIN_002207,SRC_000005,1,1,1,1,1
RU_HIN_002208,SRC_000001,0,0,0,0,0
RU_HIN_002209,SRC_000002,0,0,0,0,0
RU_HIN_002210,SRC_000001,0,0,0,0,0
RU_HIN_002211,SRC_000002,1,1,1,1,1
RU_HIN_002212,SRC_000001,0,0,0,0,0
RU_HIN_002213,SRC_000001,1,1,1,1,1
RU_HIN_002214,SRC_000003,1,1,1,1,1
RU_HIN_002215,SRC_000001,1,1,1,1,1
RU_HIN_002216,SRC_000004,1,1,1,1,1
RU_HIN_002217,SRC_000004,1,1,1,1,1
RU_HIN_002218,SRC_000001,0,0,0,0,0
RU_HIN_002219,SRC_000003,0,0,0,0,0
RU_HIN_002220,SRC_000002,1,1,1,1,1
RU_HIN_002221,SRC_000002,1,1,1,1,1
RU_HIN_002222,SRC_000002,1,1,1,1,1
RU_HIN_002223,SRC_000003,1,1,1,1,1
RU_HIN_002224,SRC_000002,0,0,0,0,0
RU_HIN_002225,SRC_000005,1,1,1,1,1
RU_HIN_002226,SRC_000001,1,1,1,1,1
RU_HIN_002227,SRC_000002,0,0,0,0,0
RU_HIN_002228,SRC_000001,1,1,1,1,1
RU_HIN_002229,SRC_000005,1,1,1,1,1
RU_HIN_002230,SRC_000003,1,1,1,1,1
RU_HIN_002231,SRC_000005,1,1,1,1,1
RU_HIN_002232,SRC_000001,1,1,1,1,1
RU_HIN_002233,SRC_000003,1,1,1,1,1
RU_HIN_002234,SRC_000005,1,1,1,1,1
RU_HIN_002235,SRC_000001,1,1,1,1,1
RU_HIN_002236,SRC_000002,1,1,1,1,1
RU_HIN_002237,SRC_000005,1,1,1,1,1
RU_HIN_002238,SRC_000001,1,1,1,1,1
RU_HIN_002239,SRC_000002,0,0,0,0,0
RU_HIN_002240,SRC_000003,1,1,1,1,1
RU_HIN_002241,SRC_000002,0,0,0,0,0
RU_HIN_002242,SRC_000003,1,1,1,1,1
RU_HIN_002243,SRC_000002,1,1,1,1,1
RU_HIN_002244,SRC_000001,1,1,1,1,1
RU_HIN_002245,SRC_000002,0,0,0,0,0
RU_HIN_002246,SRC_000005,1,1,1,1,1
RU_HIN_002247,SRC_000004,1,1,1,1,1
RU_HIN_002248,SRC_000005,1,1,1,1,1
RU_HIN_002249,SRC_000005,1,1,1,1,1
RU_HIN_002250,SRC_000001,0,0,0,0,0
RU_HIN_002251,SRC_000004,1,1,1,1,1
RU_HIN_002252,SRC_000003,1,1,1,1,1
RU_HIN_002253,SRC_000003,0,0,0,0,0
RU_HIN_002254,SRC_000001,1,1,1,1,1
RU_HIN_002255,SRC_000004,1,1,1,1,1
RU_HIN_002256,SRC_000004,1,1,1,1,1
RU_HIN_002257,SRC_000002,1,1,1,1,1
RU_HIN_002258,SRC_000003,1,1,1,1,1
RU_HIN_002259,SRC_000003,1,1,1,1,1
RU_HIN_002260,SRC_000005,0,0,0,0,0
RU_HIN_002261,SRC_000002,1,1,1,1,1
RU_HIN_002262,SRC_000004,1,1,1,1,1
RU_HIN_002263,SRC_000001,1,1,1,1,1
RU_HIN_002264,SRC_000002,1,0,1,1,0
RU_HIN_002265,SRC_000003,1,1,1,1,1
RU_HIN_002266,SRC_000004,1,1,1,1,1
RU_HIN_002267,SRC_000004,1,1,1,1,1
RU_HIN_002268,SRC_000001,1,1,1,1,1
RU_HIN_002269,SRC_000001,1,1,1,1,1
RU_HIN_002270,SRC_000005,1,1,1,1,1
RU_HIN_002271,SRC_000003,0,0,0,0,0
RU_HIN_002272,SRC_000004,1,0,1,1,0
RU_HIN_002273,SRC_000003,1,1,1,1,1
RU_HIN_002274,SRC_000003,1,1,1,1,1
RU_HIN_002275,SRC_000002,1,1,1,1,1
RU_HIN_002276,SRC_000001,1,1,1,1,1
RU_HIN_002277,SRC_000004,1,1,1,1,1
RU_HIN_002278,SRC_000005,1,1,1,1,1
RU_HIN_002279,SRC_000004,1,1,1,1,1
RU_HIN_002280,SRC_000001,1,1,1,1,1
RU_HIN_002281,SRC_000002,0,0,0,0,0
RU_HIN_002282,SRC_000002,1,1,1,1,1
RU_HIN_002283,SRC_000004,1,1,1,1,1
RU_HIN_002284,SRC_000005,0,0,0,0,0
RU_HIN_002285,SRC_000001,0,0,0,0,0
RU_HIN_002286,SRC_000003,1,1,1,1,1
RU_HIN_002287,SRC_000003,1,1,1,1,1
RU_HIN_002288,SRC_000005,1,1,1,1,1
RU_HIN_002289,SRC_000002,1,1,1,1,1
RU_HIN_002290,SRC_000003,1,1,1,1,1
RU_HIN_002291,SRC_000004,1,1,1,1,1
RU_HIN_002292,SRC_000001,1,1,1,1,1
RU_HIN_002293,SRC_000002,1,1,1,1,1
RU_HIN_002294,SRC_000004,0,0,0,0,0
RU_HIN_002295,SRC_000004,0,0,0,0,0
RU_HIN_002296,SRC_000005,1,1,1,1,1
RU_HIN_002297,SRC_000002,1,1,1,1,1
RU_HIN_002298,SRC_000002,0,0,0,0,0
RU_HIN_002299,SRC_000004,1,1,1,1,1
RU_HIN_002300,SRC_000003,1,1,1,1,1
RU_HIN_002301,SRC_000004,0,0,0,0,0
RU_HIN_002302,SRC_000001,1,1,1,1,1
RU_HIN_002303,SRC_000005,1,1,1,1,1
RU_HIN_002304,SRC_000003,1,1,1,1,1
RU_HIN_002305,SRC_000001,1,1,1,1,1
RU_HIN_002306,SRC_000005,1,1,1,1,1
RU_HIN_002307,SRC_000003,1,1,1,1,1
RU_HIN_002308,SRC_000002,0,0,0,0,0
RU_HIN_002309,SRC_000004,0,0,0,0,0
RU_HIN_002310,SRC_000004,1,1,1,1,1
RU_HIN_002311,SRC_000003,1,0,1,1,1
RU_HIN_002312,SRC_000005,0,0,0,0,0
RU_HIN_002313,SRC_000001,0,0,0,0,0
RU_HIN_002314,SRC_000002,1,1,1,1,1
RU_HIN_002315,SRC_000003,1,0,1,1,0
RU_HIN_002316,SRC_000001,1,1,1,1,1
RU_HIN_002317,SRC_000001,1,1,1,1,1
RU_HIN_002318,SRC_000001,0,0,0,0,0
RU_HIN_002319,SRC_000002,1,1,1,1,1
RU_HIN_002320,SRC_000002,1,1,1,1,1
RU_HIN_002321,SRC_000003,1,1,1,1,1
RU_HIN_002322,SRC_000002,1,1,1,1,1
RU_HIN_002323,SRC_000005,1,1,1,1,1
RU_HIN_002324,SRC_000001,0,0,0,0,0
RU_HIN_002325,SRC_000005,0,0,0,0,0
RU_HIN_002326,SRC_000005,1,1,1,1,1
RU_HIN_002327,SRC_000005,1,1,1,1,1
RU_HIN_002328,SRC_000004,1,1,1,1,1
RU_HIN_002329,SRC_000002,1,1,1,1,1
RU_HIN_002330,SRC_000002,1,1,1,1,1
RU_HIN_002331,SRC_000002,0,0,0,0,0
RU_HIN_002332,SRC_000003,0,0,0,0,0
RU_HIN_002333,SRC_000001,1,1,1,1,1
RU_HIN_002334,SRC_000005,1,1,1,1,1
RU_HIN_002335,SRC_000003,1,1,1,1,1
RU_HIN_002336,SRC_000003,1,1,1,1,1
RU_HIN_002337,SRC_000002,0,0,0,0,0
RU_HIN_002338,SRC_000001,1,1,1,1,1
RU_HIN_002339,SRC_000001,1,1,1,1,1
RU_HIN_002340,SRC_000002,1,1,1,1,1
RU_HIN_002341,SRC_000004,1,1,1,1,1
RU_HIN_002342,SRC_000004,0,0,0,0,0
RU_HIN_002343,SRC_000001,1,1,1,1,1
RU_HIN_002344,SRC_000001,1,1,1,1,1
RU_HIN_002345,SRC_000002,1,1,1,1,1
RU_HIN_002346,SRC_000004,0,0,0,0,0
RU_HIN_002347,SRC_000002,1,1,1,1,1
RU_HIN_002348,SRC_000002,1,1,1,1,1
RU_HIN_002349,SRC_000005,1,1,1,1,1
RU_HIN_002350,SRC_000001,1,1,1,1,1
RU_HIN_002351,SRC_000003,1,1,1,1,1
RU_HIN_002352,SRC_000002,1,1,1,1,1
RU_HIN_002353,SRC_000001,0,0,0,0,0
RU_HIN_002354,SRC_000003,1,1,1,1,1
RU_HIN_002355,SRC_000005,0,0,0,0,0
RU_HIN_002356,SRC_000003,1,1,1,1,1
RU_HIN_002357,SRC_000003,1,1,1,1,1
RU_HIN_002358,SRC_000001,0,0,0,0,0
RU_HIN_002359,SRC_000003,1,1,1,1,1
RU_HIN_002360,SRC_000002,1,1,1,1,1
RU_HIN_002361,SRC_000004,1,1,1,1,1
RU_HIN_002362,SRC_000003,1,1,1,1,1
RU_HIN_002363,SRC_000003,1,1,1,1,1
RU_HIN_002364,SRC_000004,1,1,1,1,1
RU_HIN_002365,SRC_000002,1,1,1,1,1
RU_HIN_002366,SRC_000001,0,0,0,0,0
RU_HIN_002367,SRC_000005,0,0,0,0,0
RU_HIN_002368,SRC_000001,1,1,1,1,1
RU_HIN_002369,SRC_000001,1,1,1,1,1
RU_HIN_002370,SRC_000004,1,1,1,1,1
RU_HIN_002371,SRC_000004,0,0,0,0,0
RU_HIN_002372,SRC_000002,1,1,1,1,1
RU_HIN_002373,SRC_000002,1,1,1,1,1
RU_HIN_002374,SRC_000005,1,1,1,1,1
RU_HIN_002375,SRC_000001,1,1,1,1,1
RU_HIN_002376,SRC_000002,1,1,1,1,1
RU_HIN_002377,SRC_000004,1,1,1,1,1
RU_HIN_002378,SRC_000005,1,1,1,1,1
RU_HIN_002379,SRC_000005,1,1,1,1,1
RU_HIN_002380,SRC_000002,0,0,0,0,0
RU_HIN_002381,SRC_000003,1,1,1,1,1
RU_HIN_002382,SRC_000005,1,1,1,1,1
RU_HIN_002383,SRC_000002,1,1,1,1,1
RU_HIN_002384,SRC_000001,1,1,1,1,1
RU_HIN_002385,SRC_000003,1,1,1,1,1
RU_HIN_002386,SRC_000005,1,1,1,1,1
RU_HIN_002387,SRC_000001,1,1,1,1,1
RU_HIN_002388,SRC_000005,0,0,0,0,0
RU_HIN_002389,SRC_000001,1,1,1,1,1
RU_HIN_002390,SRC_000001,1,1,1,1,1
RU_HIN_002391,SRC_000004,1,1,1,1,1
RU_HIN_002392,SRC_000002,1,1,1,1,1
RU_HIN_002393,SRC_000001,1,1,1,1,1
RU_HIN_002394,SRC_000002,0,0,0,0,0
RU_HIN_002395,SRC_000002,0,0,0,0,0
RU_HIN_002396,SRC_000001,1,1,1,1,1
RU_HIN_002397,SRC_000005,1,1,1,1,1
RU_HIN_002398,SRC_000003,0,0,0,0,0
RU_HIN_002399,SRC_000002,1,1,1,1,1
RU_HIN_002400,SRC_000004,0,0,0,0,0
RU_HIN_002401,SRC_000002,1,1,1,1,1
RU_HIN_002402,SRC_000001,1,1,1,1,1
RU_HIN_002403,SRC_000004,1,1,1,1,1
RU_HIN_002404,SRC_000005,0,0,0,0,0
RU_HIN_002405,SRC_000005,1,1,1,1,1
RU_HIN_002406,SRC_000003,1,1,1,1,1
RU_HIN_002407,SRC_000005,1,1,1,1,1
RU_HIN_002408,SRC_000004,1,1,1,1,1
RU_HIN_002409,SRC_000005,0,0,0,0,0
RU_HIN_002410,SRC_000001,1,1,1,1,1
RU_HIN_002411,SRC_000002,0,0,0,0,0
RU_HIN_002412,SRC_000003,1,1,1,1,1
RU_HIN_002413,SRC_000001,0,0,0,0,0
RU_HIN_002414,SRC_000001,1,1,1,1,1
RU_HIN_002415,SRC_000004,1,1,1,1,1
RU_HIN_002416,SRC_000004,1,1,1,1,1
RU_HIN_002417,SRC_000002,1,1,1,1,1
RU_HIN_002418,SRC_000004,1,1,1,1,1
RU_HIN_002419,SRC_000002,1,1,1,1,1
RU_HIN_002420,SRC_000003,1,1,1,1,1
RU_HIN_002421,SRC_000001,0,0,0,0,0
RU_HIN_002422,SRC_000005,1,1,1,1,1
RU_HIN_002423,SRC_000003,1,1,1,1,1
RU_HIN_002424,SRC_000004,1,1,1,1,1
RU_HIN_002425,SRC_000003,0,0,0,0,0
RU_HIN_002426,SRC_000003,1,1,1,1,1
RU_HIN_002427,SRC_000005,1,1,1,1,1
RU_HIN_002428,SRC_000001,0,0,0,0,0
RU_HIN_002429,SRC_000003,1,1,1,1,1
RU_HIN_002430,SRC_000005,0,0,0,0,0
RU_HIN_002431,SRC_000001,1,1,1,1,1
RU_HIN_002432,SRC_000004,1,1,1,1,1
RU_HIN_002433,SRC_000001,0,0,0,0,0
RU_HIN_002434,SRC_000001,1,1,1,1,1
RU_HIN_002435,SRC_000004,1,1,1,1,1
RU_HIN_002436,SRC_000001,1,1,1,1,1
RU_HIN_002437,SRC_000005,0,0,0,0,0
RU_HIN_002438,SRC_000001,1,1,1,1,1
RU_HIN_002439,SRC_000002,1,1,1,1,1
RU_HIN_002440,SRC_000004,1,1,1,1,1
RU_HIN_002441,SRC_000001,1,1,1,1,1
RU_HIN_002442,SRC_000001,1,1,1,1,1
RU_HIN_002443,SRC_000003,1,1,1,1,1
RU_HIN_002444,SRC_000002,1,1,1,1,1
RU_HIN_002445,SRC_000005,1,1,1,1,1
RU_HIN_002446,SRC_000002,1,1,1,1,1
RU_HIN_002447,SRC_000004,1,1,1,1,1
RU_HIN_002448,SRC_000002,1,1,1,1,1
RU_HIN_002449,SRC_000003,1,1,1,1,1
RU_HIN_002450,SRC_000004,1,1,1,1,1
RU_HIN_002451,SRC_000003,1,1,1,1,1
RU_HIN_002452,SRC_000005,1,1,1,1,1
RU_HIN_002453,SRC_000004,1,1,1,1,1
RU_HIN_002454,SRC_000003,1,1,1,1,1
RU_HIN_002455,SRC_000003,1,1,1,1,1
RU_HIN_002456,SRC_000001,1,1,1,1,1
RU_HIN_002457,SRC_000001,1,1,1,1,1
RU_HIN_002458,SRC_000005,1,1,1,1,1
RU_HIN_002459,SRC_000005,1,1,1,1,1
RU_HIN_002460,SRC_000002,0,0,0,0,0
RU_HIN_002461,SRC_000003,1,1,1,1,1
RU_HIN_002462,SRC_000001,0,0,0,0,0
RU_HIN_002463,SRC_000005,0,0,0,0,0
RU_HIN_002464,SRC_000002,1,1,1,1,1
RU_HIN_002465,SRC_000001,0,0,0,0,0
RU_HIN_002466,SRC_000004,0,0,0,0,0
RU_HIN_002467,SRC_000001,1,1,1,1,1
RU_HIN_002468,SRC_000001,0,0,0,0,0
RU_HIN_002469,SRC_000001,1,1,1,1,1
RU_HIN_002470,SRC_000005,0,0,0,0,0
RU_HIN_002471,SRC_000005,1,1,1,1,1
RU_HIN_002472,SRC_000002,1,1,1,1,1
RU_HIN_002473,SRC_000003,1,1,1,1,1
RU_HIN_002474,SRC_000004,0,0,0,0,0
RU_HIN_002475,SRC_000004,1,0,1,1,1
RU_HIN_002476,SRC_000003,1,1,1,1,1
RU_HIN_002477,SRC_000005,1,1,1,1,1
RU_HIN_002478,SRC_000003,1,1,1,1,1
RU_HIN_002479,SRC_000002,1,1,1,1,1
RU_HIN_002480,SRC_000005,1,1,1,1,1
RU_HIN_002481,SRC_000001,1,1,1,1,1
RU_HIN_002482,SRC_000001,1,1,1,1,1
RU_HIN_002483,SRC_000002,1,1,1,1,1
RU_HIN_002484,SRC_000003,1,1,1,1,1
RU_HIN_002485,SRC_000003,1,1,1,1,1
RU_HIN_002486,SRC_000005,0,0,0,0,0
RU_HIN_002487,SRC_000001,1,1,1,1,1
RU_HIN_002488,SRC_000001,1,1,1,1,1
RU_HIN_002489,SRC_000002,0,0,0,0,0
RU_HIN_002490,SRC_000004,1,1,1,1,1
RU_HIN_002491,SRC_000005,1,1,1,1,1
RU_HIN_002492,SRC_000004,1,1,1,1,1
RU_HIN_002493,SRC_000005,1,1,1,1,1
RU_HIN_002494,SRC_000003,1,1,1,1,1
RU_HIN_002495,SRC_000004,1,1,1,1,1
RU_HIN_002496,SRC_000002,1,1,1,1,1
RU_HIN_002497,SRC_000003,1,1,1,1,1
RU_HIN_002498,SRC_000001,1,1,1,1,1
RU_HIN_002499,SRC_000005,1,1,1,1,1
RU_HIN_002500,SRC_000005,1,1,1,1,1
RU_HIN_002501,SRC_000001,1,1,1,1,1
RU_HIN_002502,SRC_000003,0,0,0,0,0
RU_HIN_002503,SRC_000005,1,1,1,1,1
RU_HIN_002504,SRC_000005,1,1,1,1,1
RU_HIN_002505,SRC_000002,1,1,1,1,1
RU_HIN_002506,SRC_000003,0,0,0,0,0
RU_HIN_002507,SRC_000005,0,0,0,0,0
RU_HIN_002508,SRC_000001,1,0,1,1,1
RU_HIN_002509,SRC_000005,1,1,1,1,1
RU_HIN_002510,SRC_000003,0,0,0,0,0
RU_HIN_002511,SRC_000005,1,1,1,1,1
RU_HIN_002512,SRC_000003,0,0,0,0,0
RU_HIN_002513,SRC_000005,1,1,1,1,1
RU_HIN_002514,SRC_000003,0,0,0,0,0
RU_HIN_002515,SRC_000005,0,0,0,0,0
RU_HIN_002516,SRC_000003,1,1,1,1,1
RU_HIN_002517,SRC_000004,0,0,0,0,0
RU_HIN_002518,SRC_000005,1,1,1,1,1
RU_HIN_002519,SRC_000003,0,0,0,0,0
RU_HIN_002520,SRC_000004,1,1,1,1,1
RU_HIN_002521,SRC_000003,0,0,0,0,0
RU_HIN_002522,SRC_000004,1,1,1,1,1
RU_HIN_002523,SRC_000003,0,0,0,0,0
RU_HIN_002524,SRC_000005,1,1,1,1,1
RU_HIN_002525,SRC_000004,1,0,1,1,0
RU_HIN_002526,SRC_000003,1,1,1,1,1
RU_HIN_002527,SRC_000005,1,1,1,1,1
RU_HIN_002528,SRC_000005,1,1,1,1,1
RU_HIN_002529,SRC_000002,1,1,1,1,1
RU_HIN_002530,SRC_000004,1,1,1,1,1
RU_HIN_002531,SRC_000005,1,1,1,1,1
RU_HIN_002532,SRC_000005,1,1,1,1,1
RU_HIN_002533,SRC_000005,0,0,0,0,0
RU_HIN_002534,SRC_000004,0,0,0,0,0
RU_HIN_002535,SRC_000001,0,0,0,0,0
RU_HIN_002536,SRC_000003,1,1,1,1,1
RU_HIN_002537,SRC_000005,1,1,1,1,1
RU_HIN_002538,SRC_000001,1,1,1,1,1
RU_HIN_002539,SRC_000003,1,1,1,1,1
RU_HIN_002540,SRC_000001,0,0,0,0,0
RU_HIN_002541,SRC_000002,1,1,1,1,1
RU_HIN_002542,SRC_000001,1,1,1,1,1
RU_HIN_002543,SRC_000002,0,0,0,0,0
RU_HIN_002544,SRC_000002,1,1,1,1,1
RU_HIN_002545,SRC_000003,1,1,1,1,1
RU_HIN_002546,SRC_000002,0,0,0,0,0
RU_HIN_002547,SRC_000003,1,1,1,1,1
RU_HIN_002548,SRC_000003,1,1,1,1,1
RU_HIN_002549,SRC_000001,1,1,1,1,1
RU_HIN_002550,SRC_000003,0,0,0,0,0
RU_HIN_002551,SRC_000002,1,1,1,1,1
RU_HIN_002552,SRC_000005,1,1,1,1,1
RU_HIN_002553,SRC_000001,1,1,1,1,1
RU_HIN_002554,SRC_000002,1,1,1,1,1
RU_HIN_002555,SRC_000005,1,1,1,1,1
RU_HIN_002556,SRC_000001,1,1,1,1,1
RU_HIN_002557,SRC_000001,0,0,0,0,0
RU_HIN_002558,SRC_000004,1,1,1,1,1
RU_HIN_002559,SRC_000005,1,1,1,1,1
RU_HIN_002560,SRC_000004,1,1,1,1,1
RU_HIN_002561,SRC_000004,1,1,1,1,1
RU_HIN_002562,SRC_000005,1,1,1,1,1
RU_HIN_002563,SRC_000005,1,1,1,1,1
RU_HIN_002564,SRC_000005,0,0,0,0,0
RU_HIN_002565,SRC_000002,1,1,1,1,1
RU_HIN_002566,SRC_000003,0,0,0,0,0
RU_HIN_002567,SRC_000004,1,1,1,1,1
RU_HIN_002568,SRC_000002,1,1,1,1,1
RU_HIN_002569,SRC_000002,1,1,1,1,1
RU_HIN_002570,SRC_000005,1,1,1,1,1
RU_HIN_002571,SRC_000001,1,1,1,1,1
RU_HIN_002572,SRC_000004,1,1,1,1,1
RU_HIN_002573,SRC_000001,1,1,1,1,1
RU_HIN_002574,SRC_000003,0,0,0,0,0
RU_HIN_002575,SRC_000005,1,1,1,1,1
RU_HIN_002576,SRC_000005,1,1,1,1,1
RU_HIN_002577,SRC_000003,1,1,1,1,1
RU_HIN_002578,SRC_000001,1,1,1,1,1
RU_HIN_002579,SRC_000001,1,1,1,1,1
RU_HIN_002580,SRC_000004,1,1,1,1,1
RU_HIN_002581,SRC_000003,1,1,1,1,1
RU_HIN_002582,SRC_000003,1,1,1,1,1
RU_HIN_002583,SRC_000004,1,1,1,1,1
RU_HIN_002584,SRC_000001,1,1,1,1,1
RU_HIN_002585,SRC_000001,1,1,1,1,1
RU_HIN_002586,SRC_000001,1,1,1,1,1
RU_HIN_002587,SRC_000005,0,0,0,0,0
RU_HIN_002588,SRC_000005,1,1,1,1,1
RU_HIN_002589,SRC_000005,0,0,0,0,0
RU_HIN_002590,SRC_000001,0,0,0,0,0
RU_HIN_002591,SRC_000002,0,0,0,0,0
RU_HIN_002592,SRC_000004,1,1,1,1,1
RU_HIN_002593,SRC_000004,1,1,1,1,1
RU_HIN_002594,SRC_000004,1,1,1,1,1
RU_HIN_002595,SRC_000002,1,1,1,1,1
RU_HIN_002596,SRC_000003,1,1,1,1,1
RU_HIN_002597,SRC_000001,1,1,1,1,1
RU_HIN_002598,SRC_000001,1,1,1,1,1
RU_HIN_002599,SRC_000004,1,1,1,1,1
RU_HIN_002600,SRC_000005,1,1,1,1,1
RU_HIN_002601,SRC_000003,1,1,1,1,1
RU_HIN_002602,SRC_000005,1,1,1,1,1
RU_HIN_002603,SRC_000004,1,1,1,1,1
RU_HIN_002604,SRC_000004,0,0,0,0,0
RU_HIN_002605,SRC_000003,1,1,1,1,1
RU_HIN_002606,SRC_000003,1,1,1,1,1
RU_HIN_002607,SRC_000002,1,1,1,1,1
RU_HIN_002608,SRC_000002,1,1,1,1,1
RU_HIN_002609,SRC_000002,0,0,0,0,0
RU_HIN_002610,SRC_000003,1,1,1,1,1
RU_HIN_002611,SRC_000002,1,1,1,1,1
RU_HIN_002612,SRC_000001,1,1,1,1,1
RU_HIN_002613,SRC_000005,1,1,1,1,1
RU_HIN_002614,SRC_000003,1,1,1,1,1
RU_HIN_002615,SRC_000004,1,1,1,1,1
RU_HIN_002616,SRC_000003,1,1,1,1,1
RU_HIN_002617,SRC_000005,1,1,1,1,1
RU_HIN_002618,SRC_000003,1,1,1,1,1
RU_HIN_002619,SRC_000002,1,1,1,1,1
RU_HIN_002620,SRC_000004,0,0,0,0,0
RU_HIN_002621,SRC_000005,1,1,1,1,1
RU_HIN_002622,SRC_000005,1,1,1,1,1
RU_HIN_002623,SRC_000004,1,1,1,1,1
RU_HIN_002624,SRC_000002,0,0,0,0,0
RU_HIN_002625,SRC_000005,1,1,1,1,1
RU_HIN_002626,SRC_000005,1,1,1,1,1
RU_HIN_002627,SRC_000003,1,1,1,1,1
RU_HIN_002628,SRC_000004,0,0,0,0,0
RU_HIN_002629,SRC_000004,0,0,0,0,0
RU_HIN_002630,SRC_000003,1,1,1,1,1
RU_HIN_002631,SRC_000002,0,0,0,0,0
RU_HIN_002632,SRC_000004,1,1,1,1,1
RU_HIN_002633,SRC_000002,1,1,1,1,1
RU_HIN_002634,SRC_000001,1,1,1,1,1
RU_HIN_002635,SRC_000001,1,1,1,1,1
RU_HIN_002636,SRC_000002,1,1,1,1,1
RU_HIN_002637,SRC_000004,0,0,0,0,0
RU_HIN_002638,SRC_000003,0,0,0,0,0
RU_HIN_002639,SRC_000004,1,1,1,1,1
RU_HIN_002640,SRC_000002,1,1,1,1,1
RU_HIN_002641,SRC_000002,1,1,1,1,1
RU_HIN_002642,SRC_000001,1,1,1,1,1
RU_HIN_002643,SRC_000001,1,0,1,1,0
RU_HIN_002644,SRC_000005,1,1,1,1,1
RU_HIN_002645,SRC_000004,0,0,0,0,0
RU_HIN_002646,SRC_000003,0,0,0,0,0
RU_HIN_002647,SRC_000003,1,1,1,1,1
RU_HIN_002648,SRC_000001,1,1,1,1,1
RU_HIN_002649,SRC_000002,1,1,1,1,1
RU_HIN_002650,SRC_000002,1,1,1,1,1
RU_HIN_002651,SRC_000001,0,0,0,0,0
RU_HIN_002652,SRC_000003,1,1,1,1,1
RU_HIN_002653,SRC_000004,1,1,1,1,1
RU_HIN_002654,SRC_000002,1,1,1,1,1
RU_HIN_002655,SRC_000003,1,1,1,1,1
RU_HIN_002656,SRC_000002,1,1,1,1,1
RU_HIN_002657,SRC_000003,0,0,0,0,0
RU_HIN_002658,SRC_000002,1,1,1,1,1
RU_HIN_002659,SRC_000002,0,0,0,0,0
RU_HIN_002660,SRC_000002,1,1,1,1,1
RU_HIN_002661,SRC_000004,0,0,0,0,0
RU_HIN_002662,SRC_000005,1,1,1,1,1
RU_HIN_002663,SRC_000004,1,1,1,1,1
RU_HIN_002664,SRC_000004,1,1,1,1,1
RU_HIN_002665,SRC_000002,1,1,1,1,1
RU_HIN_002666,SRC_000005,0,0,0,0,0
RU_HIN_002667,SRC_000003,1,1,1,1,1
RU_HIN_002668,SRC_000002,1,1,1,1,1
RU_HIN_002669,SRC_000003,1,1,1,1,1
RU_HIN_002670,SRC_000004,1,1,1,1,1
RU_HIN_002671,SRC_000002,0,0,0,0,0
RU_HIN_002672,SRC_000004,1,1,1,1,1
RU_HIN_002673,SRC_000001,1,1,1,1,1
RU_HIN_002674,SRC_000005,1,1,1,1,1
RU_HIN_002675,SRC_000005,1,1,1,1,1
RU_HIN_002676,SRC_000003,1,1,1,1,1
RU_HIN_002677,SRC_000004,1,1,1,1,1
RU_HIN_002678,SRC_000005,1,1,1,1,1
RU_HIN_002679,SRC_000001,0,0,0,0,0
RU_HIN_002680,SRC_000001,0,0,0,0,0
RU_HIN_002681,SRC_000004,1,1,1,1,1
RU_HIN_002682,SRC_000003,0,0,0,0,0
RU_HIN_002683,SRC_000003,1,1,1,1,1
RU_HIN_002684,SRC_000001,1,1,1,1,1
RU_HIN_002685,SRC_000004,1,1,1,1,1
RU_HIN_002686,SRC_000001,1,1,1,1,1
RU_HIN_002687,SRC_000001,1,1,1,1,1
RU_HIN_002688,SRC_000005,1,1,1,1,1
RU_HIN_002689,SRC_000005,1,1,1,1,1
RU_HIN_002690,SRC_000004,0,0,0,0,0
RU_HIN_002691,SRC_000003,1,0,1,1,1
RU_HIN_002692,SRC_000003,0,0,0,0,0
RU_HIN_002693,SRC_000003,1,1,1,1,1
RU_HIN_002694,SRC_000004,1,1,1,1,1
RU_HIN_002695,SRC_000001,1,1,1,1,1
RU_HIN_002696,SRC_000002,0,0,0,0,0
RU_HIN_002697,SRC_000002,1,1,1,1,1
RU_HIN_002698,SRC_000003,1,1,1,1,1
RU_HIN_002699,SRC_000005,1,1,1,1,1
RU_HIN_002700,SRC_000003,1,1,1,1,1
RU_HIN_002701,SRC_000004,1,1,1,1,1
RU_HIN_002702,SRC_000004,1,1,1,1,1
RU_HIN_002703,SRC_000001,1,1,1,1,1
RU_HIN_002704,SRC_000004,1,1,1,1,1
RU_HIN_002705,SRC_000003,1,1,1,1,1
RU_HIN_002706,SRC_000005,1,1,1,1,1
RU_HIN_002707,SRC_000002,1,1,1,1,1
RU_HIN_002708,SRC_000001,0,0,0,0,0
RU_HIN_002709,SRC_000003,0,0,0,0,0
RU_HIN_002710,SRC_000002,1,1,1,1,1
RU_HIN_002711,SRC_000003,1,1,1,1,1
RU_HIN_002712,SRC_000005,0,0,0,0,0
RU_HIN_002713,SRC_000004,1,1,1,1,1
RU_HIN_002714,SRC_000005,0,0,0,0,0
RU_HIN_002715,SRC_000001,1,1,1,1,1
RU_HIN_002716,SRC_000005,1,1,1,1,1
RU_HIN_002717,SRC_000001,1,1,1,1,1
RU_HIN_002718,SRC_000005,1,1,1,1,1
RU_HIN_002719,SRC_000001,1,1,1,1,1
RU_HIN_002720,SRC_000004,1,1,1,1,1
RU_HIN_002721,SRC_000002,1,1,1,1,1
RU_HIN_002722,SRC_000001,1,1,1,1,1
RU_HIN_002723,SRC_000001,1,1,1,1,1
RU_HIN_002724,SRC_000003,1,1,1,1,1
RU_HIN_002725,SRC_000002,0,0,0,0,0
RU_HIN_002726,SRC_000002,1,1,1,1,1
RU_HIN_002727,SRC_000001,1,1,1,1,1
RU_HIN_002728,SRC_000005,1,0,1,1,1
RU_HIN_002729,SRC_000003,1,1,1,1,1
RU_HIN_002730,SRC_000002,1,1,1,1,1
RU_HIN_002731,SRC_000002,1,1,1,1,1
RU_HIN_002732,SRC_000004,1,1,1,1,1
RU_HIN_002733,SRC_000001,1,1,1,1,1
RU_HIN_002734,SRC_000004,0,0,0,0,0
RU_HIN_002735,SRC_000002,0,0,0,0,0
RU_HIN_002736,SRC_000002,1,1,1,1,1
RU_HIN_002737,SRC_000003,1,1,1,1,1
RU_HIN_002738,SRC_000004,1,1,1,1,1
RU_HIN_002739,SRC_000001,0,0,0,0,0
RU_HIN_002740,SRC_000001,1,1,1,1,1
RU_HIN_002741,SRC_000004,1,1,1,1,1
RU_HIN_002742,SRC_000004,1,0,1,1,0
RU_HIN_002743,SRC_000003,1,1,1,1,1
RU_HIN_002744,SRC_000005,1,1,1,1,1
RU_HIN_002745,SRC_000004,1,1,1,1,1
RU_HIN_002746,SRC_000003,1,1,1,1,1
RU_HIN_002747,SRC_000002,0,0,0,0,0
RU_HIN_002748,SRC_000003,0,0,0,0,0
RU_HIN_002749,SRC_000004,1,1,1,1,1
RU_HIN_002750,SRC_000005,1,1,1,1,1
RU_HIN_002751,SRC_000001,1,1,1,1,1
RU_HIN_002752,SRC_000001,1,1,1,1,1
RU_HIN_002753,SRC_000001,1,1,1,1,1
RU_HIN_002754,SRC_000004,1,1,1,1,1
RU_HIN_002755,SRC_000004,1,1,1,1,1
RU_HIN_002756,SRC_000004,0,0,0,0,0
RU_HIN_002757,SRC_000003,1,1,1,1,1
RU_HIN_002758,SRC_000004,0,0,0,0,0
RU_HIN_002759,SRC_000002,1,1,1,1,1
RU_HIN_002760,SRC_000001,1,1,1,1,1
RU_HIN_002761,SRC_000005,1,1,1,1,1
RU_HIN_002762,SRC_000003,1,1,1,1,1
RU_HIN_002763,SRC_000002,1,1,1,1,1
RU_HIN_002764,SRC_000004,1,1,1,1,1
RU_HIN_002765,SRC_000001,1,1,1,1,1
RU_HIN_002766,SRC_000004,1,1,1,1,1
RU_HIN_002767,SRC_000003,1,1,1,1,1
RU_HIN_002768,SRC_000002,1,1,1,1,1
RU_HIN_002769,SRC_000003,0,0,0,0,0
RU_HIN_002770,SRC_000003,1,1,1,1,1
RU_HIN_002771,SRC_000001,0,0,0,0,0
RU_HIN_002772,SRC_000001,1,1,1,1,1
RU_HIN_002773,SRC_000001,1,0,1,1,1
RU_HIN_002774,SRC_000001,1,1,1,1,1
RU_HIN_002775,SRC_000003,1,1,1,1,1
RU_HIN_002776,SRC_000004,1,1,1,1,1
RU_HIN_002777,SRC_000002,0,0,0,0,0
RU_HIN_002778,SRC_000005,1,1,1,1,1
RU_HIN_002779,SRC_000005,1,1,1,1,1
RU_HIN_002780,SRC_000005,0,0,0,0,0
RU_HIN_002781,SRC_000005,1,1,1,1,1
RU_HIN_002782,SRC_000001,1,1,1,1,1
RU_HIN_002783,SRC_000004,1,1,1,1,1
RU_HIN_002784,SRC_000001,1,1,1,1,1
RU_HIN_002785,SRC_000005,1,0,1,1,1
RU_HIN_002786,SRC_000004,1,1,1,1,1
RU_HIN_002787,SRC_000004,1,1,1,1,1
RU_HIN_002788,SRC_000002,1,1,1,1,1
RU_HIN_002789,SRC_000004,1,1,1,1,1
RU_HIN_002790,SRC_000004,1,1,1,1,1
RU_HIN_002791,SRC_000001,1,1,1,1,1
RU_HIN_002792,SRC_000002,1,1,1,1,1
RU_HIN_002793,SRC_000002,0,0,0,0,0
RU_HIN_002794,SRC_000001,0,0,0,0,0
RU_HIN_002795,SRC_000001,1,1,1,1,1
RU_HIN_002796,SRC_000003,1,1,1,1,1
RU_HIN_002797,SRC_000002,1,1,1,1,1
RU_HIN_002798,SRC_000001,1,1,1,1,1
RU_HIN_002799,SRC_000003,1,1,1,1,1
RU_HIN_002800,SRC_000003,1,1,1,1,1
RU_HIN_002801,SRC_000005,1,1,1,1,1
RU_HIN_002802,SRC_000001,1,1,1,1,1
RU_HIN_002803,SRC_000001,1,1,1,1,1
RU_HIN_002804,SRC_000001,1,1,1,1,1
RU_HIN_002805,SRC_000001,1,1,1,1,1
RU_HIN_002806,SRC_000005,1,1,1,1,1
RU_HIN_002807,SRC_000001,1,1,1,1,1
RU_HIN_002808,SRC_000001,0,0,0,0,0
RU_HIN_002809,SRC_000003,0,0,0,0,0
RU_HIN_002810,SRC_000003,1,1,1,1,1
RU_HIN_002811,SRC_000004,1,1,1,1,1
RU_HIN_002812,SRC_000002,1,1,1,1,1
RU_HIN_002813,SRC_000003,0,0,0,0,0
RU_HIN_002814,SRC_000003,1,1,1,1,1
RU_HIN_002815,SRC_000003,0,0,0,0,0
RU_HIN_002816,SRC_000003,1,1,1,1,1
RU_HIN_002817,SRC_000002,0,0,0,0,0
RU_HIN_002818,SRC_000003,0,0,0,0,0
RU_HIN_002819,SRC_000002,1,1,1,1,1
RU_HIN_002820,SRC_000005,0,0,0,0,0
RU_HIN_002821,SRC_000005,1,1,1,1,1
RU_HIN_002822,SRC_000001,1,1,1,1,1
RU_HIN_002823,SRC_000002,1,1,1,1,1
RU_HIN_002824,SRC_000002,1,1,1,1,1
RU_HIN_002825,SRC_000003,1,1,1,1,1
RU_HIN_002826,SRC_000005,1,1,1,1,1
RU_HIN_002827,SRC_000004,0,0,0,0,0
RU_HIN_002828,SRC_000002,1,1,1,1,1
RU_HIN_002829,SRC_000001,1,1,1,1,1
RU_HIN_002830,SRC_000004,1,1,1,1,1
RU_HIN_002831,SRC_000002,1,1,1,1,1
RU_HIN_002832,SRC_000003,1,1,1,1,1
RU_HIN_002833,SRC_000003,1,1,1,1,1
RU_HIN_002834,SRC_000002,1,1,1,1,1
RU_HIN_002835,SRC_000005,1,1,1,1,1
RU_HIN_002836,SRC_000005,1,1,1,1,1
RU_HIN_002837,SRC_000005,1,1,1,1,1
RU_HIN_002838,SRC_000002,1,1,1,1,1
RU_HIN_002839,SRC_000004,1,1,1,1,1
RU_HIN_002840,SRC_000003,1,1,1,1,1
RU_HIN_002841,SRC_000004,0,0,0,0,0
RU_HIN_002842,SRC_000004,1,1,1,1,1
RU_HIN_002843,SRC_000003,1,1,1,1,1
RU_HIN_002844,SRC_000005,1,1,1,1,1
RU_HIN_002845,SRC_000003,1,1,1,1,1
RU_HIN_002846,SRC_000005,1,1,1,1,1
RU_HIN_002847,SRC_000005,0,0,0,0,0
RU_HIN_002848,SRC_000004,1,1,1,1,1
RU_HIN_002849,SRC_000004,1,1,1,1,1
RU_HIN_002850,SRC_000004,1,1,1,1,1
RU_HIN_002851,SRC_000001,1,1,1,1,1
RU_HIN_002852,SRC_000004,1,1,1,1,1
RU_HIN_002853,SRC_000002,1,0,1,1,1
RU_HIN_002854,SRC_000003,0,0,0,0,0
RU_HIN_002855,SRC_000001,1,1,1,1,1
RU_HIN_002856,SRC_000001,1,1,1,1,1
RU_HIN_002857,SRC_000003,1,1,1,1,1
RU_HIN_002858,SRC_000002,1,1,1,1,1
RU_HIN_002859,SRC_000005,1,0,1,1,1
RU_HIN_002860,SRC_000002,1,1,1,1,1
RU_HIN_002861,SRC_000002,1,1,1,1,1
RU_HIN_002862,SRC_000005,0,0,0,0,0
RU_HIN_002863,SRC_000003,1,1,1,1,1
RU_HIN_002864,SRC_000001,1,1,1,1,1
RU_HIN_002865,SRC_000004,1,1,1,1,1
RU_HIN_002866,SRC_000001,1,1,1,1,1
RU_HIN_002867,SRC_000003,1,1,1,1,1
RU_HIN_002868,SRC_000004,1,1,1,1,1
RU_HIN_002869,SRC_000005,1,1,1,1,1
RU_HIN_002870,SRC_000005,1,1,1,1,1
RU_HIN_002871,SRC_000004,1,1,1,1,1
RU_HIN_002872,SRC_000004,1,1,1,1,1
RU_HIN_002873,SRC_000001,1,1,1,1,1
RU_HIN_002874,SRC_000004,0,0,0,0,0
RU_HIN_002875,SRC_000005,1,1,1,1,1
RU_HIN_002876,SRC_000005,0,0,0,0,0
RU_HIN_002877,SRC_000003,1,1,1,1,1
RU_HIN_002878,SRC_000003,1,1,1,1,1
RU_HIN_002879,SRC_000005,0,0,0,0,0
RU_HIN_002880,SRC_000001,1,1,1,1,1
RU_HIN_002881,SRC_000003,1,1,1,1,1
RU_HIN_002882,SRC_000005,1,1,1,1,1
RU_HIN_002883,SRC_000002,1,1,1,1,1
RU_HIN_002884,SRC_000002,0,0,0,0,0
RU_HIN_002885,SRC_000002,0,0,0,0,0
RU_HIN_002886,SRC_000004,1,1,1,1,1
RU_HIN_002887,SRC_000004,1,1,1,1,1
RU_HIN_002888,SRC_000003,1,1,1,1,1
RU_HIN_002889,SRC_000004,0,0,0,0,0
RU_HIN_002890,SRC_000004,1,1,1,1,1
RU_HIN_002891,SRC_000004,1,1,1,1,1
RU_HIN_002892,SRC_000001,1,1,1,1,1
RU_HIN_002893,SRC_000002,1,1,1,1,1
RU_HIN_002894,SRC_000003,1,1,1,1,1
RU_HIN_002895,SRC_000001,0,0,0,0,0
RU_HIN_002896,SRC_000001,0,0,0,0,0
RU_HIN_002897,SRC_000002,1,0,1,1,1
RU_HIN_002898,SRC_000004,1,1,1,1,1
RU_HIN_002899,SRC_000002,0,0,0,0,0
RU_HIN_002900,SRC_000002,1,1,1,1,1
RU_HIN_002901,SRC_000004,0,0,0,0,0
RU_HIN_002902,SRC_000002,1,1,1,1,1
RU_HIN_002903,SRC_000003,0,0,0,0,0
RU_HIN_002904,SRC_000002,1,1,1,1,1
RU_HIN_002905,SRC_000003,1,1,1,1,1
RU_HIN_002906,SRC_000003,1,1,1,1,1
RU_HIN_002907,SRC_000001,1,1,1,1,1
RU_HIN_002908,SRC_000002,1,0,1,1,1
RU_HIN_002909,SRC_000001,1,1,1,1,1
RU_HIN_002910,SRC_000003,1,1,1,1,1
RU_HIN_002911,SRC_000001,1,1,1,1,1
RU_HIN_002912,SRC_000005,0,0,0,0,0
RU_HIN_002913,SRC_000005,1,1,1,1,1
RU_HIN_002914,SRC_000003,1,1,1,1,1
RU_HIN_002915,SRC_000004,1,1,1,1,1
RU_HIN_002916,SRC_000002,1,1,1,1,1
RU_HIN_002917,SRC_000002,1,1,1,1,1
RU_HIN_002918,SRC_000003,1,1,1,1,1
RU_HIN_002919,SRC_000003,1,1,1,1,1
RU_HIN_002920,SRC_000004,0,0,0,0,0
RU_HIN_002921,SRC_000002,1,1,1,1,1
RU_HIN_002922,SRC_000004,1,0,1,1,0
RU_HIN_002923,SRC_000003,1,1,1,1,1
RU_HIN_002924,SRC_000005,1,1,1,1,1
RU_HIN_002925,SRC_000005,0,0,0,0,0
RU_HIN_002926,SRC_000003,1,1,1,1,1
RU_HIN_002927,SRC_000004,1,1,1,1,1
RU_HIN_002928,SRC_000005,1,1,1,1,1
RU_HIN_002929,SRC_000005,1,1,1,1,1
RU_HIN_002930,SRC_000004,1,1,1,1,1
RU_HIN_002931,SRC_000003,1,1,1,1,1
RU_HIN_002932,SRC_000005,1,1,1,1,1
RU_HIN_002933,SRC_000002,1,1,1,1,1
RU_HIN_002934,SRC_000005,1,1,1,1,1
RU_HIN_002935,SRC_000001,1,1,1,1,1
RU_HIN_002936,SRC_000001,0,0,0,0,0
RU_HIN_002937,SRC_000002,1,1,1,1,1
RU_HIN_002938,SRC_000005,1,1,1,1,1
RU_HIN_002939,SRC_000003,1,1,1,1,1
RU_HIN_002940,SRC_000005,0,0,0,0,0
RU_HIN_002941,SRC_000004,1,1,1,1,1
RU_HIN_002942,SRC_000005,1,1,1,1,1
RU_HIN_002943,SRC_000001,0,0,0,0,0
RU_HIN_002944,SRC_000001,0,0,0,0,0
RU_HIN_002945,SRC_000004,0,0,0,0,0
RU_HIN_002946,SRC_000004,1,1,1,1,1
RU_HIN_002947,SRC_000004,1,1,1,1,1
RU_HIN_002948,SRC_000003,1,1,1,1,1
RU_HIN_002949,SRC_000002,1,0,1,1,0
RU_HIN_002950,SRC_000003,1,1,1,1,1
RU_HIN_002951,SRC_000005,1,1,1,1,1
RU_HIN_002952,SRC_000003,1,1,1,1,1
RU_HIN_002953,SRC_000004,0,0,0,0,0
RU_HIN_002954,SRC_000003,1,1,1,1,1
RU_HIN_002955,SRC_000001,0,0,0,0,0
RU_HIN_002956,SRC_000001,1,1,1,1,1
RU_HIN_002957,SRC_000005,1,1,1,1,1
RU_HIN_002958,SRC_000004,1,1,1,1,1
RU_HIN_002959,SRC_000003,0,0,0,0,0
RU_HIN_002960,SRC_000004,1,1,1,1,1
RU_HIN_002961,SRC_000005,1,1,1,1,1
RU_HIN_002962,SRC_000004,1,1,1,1,1
RU_HIN_002963,SRC_000001,0,0,0,0,0
RU_HIN_002964,SRC_000002,1,1,1,1,1
RU_HIN_002965,SRC_000005,0,0,0,0,0
RU_HIN_002966,SRC_000001,1,1,1,1,1
RU_HIN_002967,SRC_000002,1,1,1,1,1
RU_HIN_002968,SRC_000001,1,1,1,1,1
RU_HIN_002969,SRC_000001,1,1,1,1,1
RU_HIN_002970,SRC_000004,1,1,1,1,1
RU_HIN_002971,SRC_000004,1,1,1,1,1
RU_HIN_002972,SRC_000002,1,0,1,1,0
RU_HIN_002973,SRC_000004,1,1,1,1,1
RU_HIN_002974,SRC_000002,1,1,1,1,1
RU_HIN_002975,SRC_000003,0,0,0,0,0
RU_HIN_002976,SRC_000001,0,0,0,0,0
RU_HIN_002977,SRC_000002,0,0,0,0,0
RU_HIN_002978,SRC_000002,1,1,1,1,1
RU_HIN_002979,SRC_000005,1,1,1,1,1
RU_HIN_002980,SRC_000003,1,1,1,1,1
RU_HIN_002981,SRC_000003,1,1,1,1,1
RU_HIN_002982,SRC_000003,1,1,1,1,1
RU_HIN_002983,SRC_000004,1,1,1,1,1
RU_HIN_002984,SRC_000003,0,0,0,0,0
RU_HIN_002985,SRC_000005,1,1,1,1,1
RU_HIN_002986,SRC_000003,1,1,1,1,1
RU_HIN_002987,SRC_000004,0,0,0,0,0
RU_HIN_002988,SRC_000005,1,1,1,1,1
RU_HIN_002989,SRC_000003,1,1,1,1,1
RU_HIN_002990,SRC_000004,0,0,0,0,0
RU_HIN_002991,SRC_000002,1,1,1,1,1
RU_HIN_002992,SRC_000001,0,0,0,0,0
RU_HIN_002993,SRC_000002,1,1,1,1,1
RU_HIN_002994,SRC_000002,0,0,0,0,0
RU_HIN_002995,SRC_000001,1,1,1,1,1
RU_HIN_002996,SRC_000002,1,1,1,1,1
RU_HIN_002997,SRC_000005,1,1,1,1,1
RU_HIN_002998,SRC_000004,0,0,0,0,0
RU_HIN_002999,SRC_000001,1,0,1,1,0
RU_HIN_003000,SRC_000003,1,1,1,1,1
RU_HIN_003001,SRC_000002,0,0,0,0,0
RU_HIN_003002,SRC_000004,1,1,1,1,1
RU_HIN_003003,SRC_000002,1,1,1,1,1
RU_HIN_003004,SRC_000001,1,1,1,1,1
RU_HIN_003005,SRC_000003,0,0,0,0,0
RU_HIN_003006,SRC_000004,1,1,1,1,1
RU_HIN_003007,SRC_000002,0,0,0,0,0
RU_HIN_003008,SRC_000004,1,1,1,1,1
RU_HIN_003009,SRC_000002,1,0,1,1,1
RU_HIN_003010,SRC_000005,1,1,1,1,1
RU_HIN_003011,SRC_000004,1,1,1,1,1
RU_HIN_003012,SRC_000005,1,1,1,1,1
RU_HIN_003013,SRC_000003,1,1,1,1,1
RU_HIN_003014,SRC_000003,1,1,1,1,1
RU_HIN_003015,SRC_000002,0,0,0,0,0
RU_HIN_003016,SRC_000004,1,1,1,1,1
RU_HIN_003017,SRC_000003,1,1,1,1,1
RU_HIN_003018,SRC_000003,1,1,1,1,1
RU_HIN_003019,SRC_000005,0,0,0,0,0
RU_HIN_003020,SRC_000002,1,1,1,1,1
RU_HIN_003021,SRC_000001,0,0,0,0,0
RU_HIN_003022,SRC_000003,0,0,0,0,0
RU_HIN_003023,SRC_000001,1,1,1,1,1
RU_HIN_003024,SRC_000001,1,1,1,1,1
RU_HIN_003025,SRC_000003,0,0,0,0,0
RU_HIN_003026,SRC_000004,1,1,1,1,1
RU_HIN_003027,SRC_000004,1,1,1,1,1
RU_HIN_003028,SRC_000003,1,1,1,1,1
RU_HIN_003029,SRC_000002,1,1,1,1,1
RU_HIN_003030,SRC_000001,1,1,1,1,1
RU_HIN_003031,SRC_000003,1,1,1,1,1
RU_HIN_003032,SRC_000004,1,1,1,1,1
RU_HIN_003033,SRC_000005,1,1,1,1,1
RU_HIN_003034,SRC_000005,0,0,0,0,0
RU_HIN_003035,SRC_000002,1,1,1,1,1
RU_HIN_003036,SRC_000002,1,1,1,1,1
RU_HIN_003037,SRC_000003,1,1,1,1,1
RU_HIN_003038,SRC_000001,1,1,1,1,1
RU_HIN_003039,SRC_000004,0,0,0,0,0
RU_HIN_003040,SRC_000002,0,0,0,0,0
RU_HIN_003041,SRC_000004,1,1,1,1,1
RU_HIN_003042,SRC_000002,1,1,1,1,1
RU_HIN_003043,SRC_000002,1,1,1,1,1
RU_HIN_003044,SRC_000002,1,1,1,1,1
RU_HIN_003045,SRC_000004,1,1,1,1,1
RU_HIN_003046,SRC_000001,1,1,1,1,1
RU_HIN_003047,SRC_000001,1,1,1,1,1
RU_HIN_003048,SRC_000002,1,1,1,1,1
RU_HIN_003049,SRC_000001,0,0,0,0,0
RU_HIN_003050,SRC_000004,1,1,1,1,1
RU_HIN_003051,SRC_000005,1,1,1,1,1
RU_HIN_003052,SRC_000004,0,0,0,0,0
RU_HIN_003053,SRC_000003,1,1,1,1,1
RU_HIN_003054,SRC_000001,1,1,1,1,1
RU_HIN_003055,SRC_000005,1,1,1,1,1
RU_HIN_003056,SRC_000002,1,1,1,1,1
RU_HIN_003057,SRC_000002,0,0,0,0,0
RU_HIN_003058,SRC_000003,1,1,1,1,1
RU_HIN_003059,SRC_000004,1,1,1,1,1
RU_HIN_003060,SRC_000003,1,1,1,1,1
RU_HIN_003061,SRC_000002,0,0,0,0,0
RU_HIN_003062,SRC_000004,1,1,1,1,1
RU_HIN_003063,SRC_000002,1,1,1,1,1
RU_HIN_003064,SRC_000002,1,1,1,1,1
RU_HIN_003065,SRC_000005,0,0,0,0,0
RU_HIN_003066,SRC_000001,1,1,1,1,1
RU_HIN_003067,SRC_000001,1,1,1,1,1
RU_HIN_003068,SRC_000003,1,1,1,1,1
RU_HIN_003069,SRC_000001,1,1,1,1,1
RU_HIN_003070,SRC_000002,0,0,0,0,0
RU_HIN_003071,SRC_000002,1,1,1,1,1
RU_HIN_003072,SRC_000005,1,1,1,1,1
RU_HIN_003073,SRC_000005,1,1,1,1,1
RU_HIN_003074,SRC_000001,1,1,1,1,1
RU_HIN_003075,SRC_000004,0,0,0,0,0
RU_HIN_003076,SRC_000002,1,1,1,1,1
RU_HIN_003077,SRC_000001,1,1,1,1,1
RU_HIN_003078,SRC_000003,1,1,1,1,1
RU_HIN_003079,SRC_000004,1,1,1,1,1
RU_HIN_003080,SRC_000005,1,1,1,1,1
RU_HIN_003081,SRC_000001,1,1,1,1,1
RU_HIN_003082,SRC_000004,1,1,1,1,1
RU_HIN_003083,SRC_000005,1,1,1,1,1
RU_HIN_003084,SRC_000002,1,1,1,1,1
RU_HIN_003085,SRC_000003,0,0,0,0,0
RU_HIN_003086,SRC_000005,1,1,1,1,1
RU_HIN_003087,SRC_000005,0,0,0,0,0
RU_HIN_003088,SRC_000004,0,0,0,0,0
RU_HIN_003089,SRC_000002,1,1,1,1,1
RU_HIN_003090,SRC_000003,1,1,1,1,1
RU_HIN_003091,SRC_000002,0,0,0,0,0
RU_HIN_003092,SRC_000001,0,0,0,0,0
RU_HIN_003093,SRC_000001,1,1,1,1,1
RU_HIN_003094,SRC_000005,0,0,0,0,0
RU_HIN_003095,SRC_000003,1,1,1,1,1
RU_HIN_003096,SRC_000004,1,1,1,1,1
RU_HIN_003097,SRC_000005,0,0,0,0,0
RU_HIN_003098,SRC_000001,1,1,1,1,1
RU_HIN_003099,SRC_000002,1,1,1,1,1
RU_HIN_003100,SRC_000002,1,1,1,1,1
RU_HIN_003101,SRC_000004,0,0,0,0,0
RU_HIN_003102,SRC_000001,1,1,1,1,1
RU_HIN_003103,SRC_000001,1,1,1,1,1
RU_HIN_003104,SRC_000003,1,1,1,1,1
RU_HIN_003105,SRC_000003,1,1,1,1,1
RU_HIN_003106,SRC_000004,1,1,1,1,1
RU_HIN_003107,SRC_000005,1,1,1,1,1
RU_HIN_003108,SRC_000004,1,1,1,1,1
RU_HIN_003109,SRC_000003,1,1,1,1,1
RU_HIN_003110,SRC_000001,1,1,1,1,1
RU_HIN_003111,SRC_000004,1,1,1,1,1
RU_HIN_003112,SRC_000004,1,1,1,1,1
RU_HIN_003113,SRC_000001,1,1,1,1,1
RU_HIN_003114,SRC_000005,1,1,1,1,1
RU_HIN_003115,SRC_000004,1,1,1,1,1
RU_HIN_003116,SRC_000002,0,0,0,0,0
RU_HIN_003117,SRC_000004,1,1,1,1,1
RU_HIN_003118,SRC_000005,0,0,0,0,0
RU_HIN_003119,SRC_000001,1,1,1,1,1
RU_HIN_003120,SRC_000004,0,0,0,0,0
RU_HIN_003121,SRC_000003,1,1,1,1,1
RU_HIN_003122,SRC_000002,1,1,1,1,1
RU_HIN_003123,SRC_000001,0,0,0,0,0
RU_HIN_003124,SRC_000002,1,1,1,1,1
RU_HIN_003125,SRC_000003,1,1,1,1,1
RU_HIN_003126,SRC_000004,0,0,0,0,0
RU_HIN_003127,SRC_000002,1,1,1,1,1
RU_HIN_003128,SRC_000004,0,0,0,0,0
RU_HIN_003129,SRC_000001,1,1,1,1,1
RU_HIN_003130,SRC_000005,1,1,1,1,1
RU_HIN_003131,SRC_000004,1,1,1,1,1
RU_HIN_003132,SRC_000001,0,0,0,0,0
RU_HIN_003133,SRC_000004,0,0,0,0,0
RU_HIN_003134,SRC_000001,1,1,1,1,1
RU_HIN_003135,SRC_000002,1,1,1,1,1
RU_HIN_003136,SRC_000003,1,1,1,1,1
RU_HIN_003137,SRC_000004,1,1,1,1,1
RU_HIN_003138,SRC_000002,1,1,1,1,1
RU_HIN_003139,SRC_000003,1,1,1,1,1
RU_HIN_003140,SRC_000005,1,1,1,1,1
RU_HIN_003141,SRC_000002,0,0,0,0,0
RU_HIN_003142,SRC_000002,1,1,1,1,1
RU_HIN_003143,SRC_000001,1,1,1,1,1
RU_HIN_003144,SRC_000002,1,1,1,1,1
RU_HIN_003145,SRC_000005,1,1,1,1,1
RU_HIN_003146,SRC_000004,1,1,1,1,1
RU_HIN_003147,SRC_000004,0,0,0,0,0
RU_HIN_003148,SRC_000003,1,1,1,1,1
RU_HIN_003149,SRC_000004,0,0,0,0,0
RU_HIN_003150,SRC_000002,1,1,1,1,1
RU_HIN_003151,SRC_000002,1,1,1,1,1
RU_HIN_003152,SRC_000001,1,1,1,1,1
RU_HIN_003153,SRC_000005,1,1,1,1,1
RU_HIN_003154,SRC_000001,1,1,1,1,1
RU_HIN_003155,SRC_000003,0,0,0,0,0
RU_HIN_003156,SRC_000003,0,0,0,0,0
RU_HIN_003157,SRC_000005,1,1,1,1,1
RU_HIN_003158,SRC_000003,1,1,1,1,1
RU_HIN_003159,SRC_000005,1,1,1,1,1
RU_HIN_003160,SRC_000003,0,0,0,0,0
RU_HIN_003161,SRC_000002,0,0,0,0,0
RU_HIN_003162,SRC_000005,1,1,1,1,1
RU_HIN_003163,SRC_000003,1,1,1,1,1
RU_HIN_003164,SRC_000005,1,1,1,1,1
RU_HIN_003165,SRC_000002,1,1,1,1,1
RU_HIN_003166,SRC_000005,1,1,1,1,1
RU_HIN_003167,SRC_000005,1,1,1,1,1
RU_HIN_003168,SRC_000002,1,1,1,1,1
RU_HIN_003169,SRC_000004,1,1,1,1,1
RU_HIN_003170,SRC_000003,1,1,1,1,1
RU_HIN_003171,SRC_000003,1,1,1,1,1
RU_HIN_003172,SRC_000005,1,1,1,1,1
RU_HIN_003173,SRC_000004,0,0,0,0,0
RU_HIN_003174,SRC_000003,1,1,1,1,1
RU_HIN_003175,SRC_000001,1,1,1,1,1
RU_HIN_003176,SRC_000001,1,1,1,1,1
RU_HIN_003177,SRC_000002,1,1,1,1,1
RU_HIN_003178,SRC_000001,1,1,1,1,1
RU_HIN_003179,SRC_000001,1,1,1,1,1
RU_HIN_003180,SRC_000005,1,1,1,1,1
RU_HIN_003181,SRC_000003,1,1,1,1,1
RU_HIN_003182,SRC_000005,1,1,1,1,1
RU_HIN_003183,SRC_000003,1,1,1,1,1
RU_HIN_003184,SRC_000002,1,1,1,1,1
RU_HIN_003185,SRC_000001,0,0,0,0,0
RU_HIN_003186,SRC_000004,1,1,1,1,1
RU_HIN_003187,SRC_000002,1,1,1,1,1
RU_HIN_003188,SRC_000003,1,1,1,1,1
RU_HIN_003189,SRC_000005,0,0,0,0,0
RU_HIN_003190,SRC_000002,1,1,1,1,1
RU_HIN_003191,SRC_000004,1,1,1,1,1
RU_HIN_003192,SRC_000004,1,1,1,1,1
RU_HIN_003193,SRC_000004,0,0,0,0,0
RU_HIN_003194,SRC_000003,1,1,1,1,1
RU_HIN_003195,SRC_000005,1,1,1,1,1
RU_HIN_003196,SRC_000004,0,0,0,0,0
RU_HIN_003197,SRC_000002,1,1,1,1,1
RU_HIN_003198,SRC_000003,1,1,1,1,1
RU_HIN_003199,SRC_000005,1,1,1,1,1
RU_HIN_003200,SRC_000001,1,1,1,1,1
RU_HIN_003201,SRC_000001,1,1,1,1,1
RU_HIN_003202,SRC_000001,1,1,1,1,1
RU_HIN_003203,SRC_000003,1,1,1,1,1
RU_HIN_003204,SRC_000005,1,1,1,1,1
RU_HIN_003205,SRC_000004,1,1,1,1,1
RU_HIN_003206,SRC_000002,1,1,1,1,1
RU_HIN_003207,SRC_000001,0,0,0,0,0
RU_HIN_003208,SRC_000003,0,0,0,0,0
RU_HIN_003209,SRC_000002,1,1,1,1,1
RU_HIN_003210,SRC_000001,0,0,0,0,0
RU_HIN_003211,SRC_000005,0,0,0,0,0
RU_HIN_003212,SRC_000002,1,1,1,1,1
RU_HIN_003213,SRC_000002,0,0,0,0,0
RU_HIN_003214,SRC_000005,1,1,1,1,1
RU_HIN_003215,SRC_000002,1,1,1,1,1
RU_HIN_003216,SRC_000003,1,1,1,1,1
RU_HIN_003217,SRC_000001,0,0,0,0,0
RU_HIN_003218,SRC_000005,1,1,1,1,1
RU_HIN_003219,SRC_000002,1,1,1,1,1
RU_HIN_003220,SRC_000002,0,0,0,0,0
RU_HIN_003221,SRC_000003,1,1,1,1,1
RU_HIN_003222,SRC_000001,1,1,1,1,1
RU_HIN_003223,SRC_000004,1,1,1,1,1
RU_HIN_003224,SRC_000004,0,0,0,0,0
RU_HIN_003225,SRC_000005,1,1,1,1,1
RU_HIN_003226,SRC_000005,0,0,0,0,0
RU_HIN_003227,SRC_000004,1,1,1,1,1
RU_HIN_003228,SRC_000005,1,1,1,1,1
RU_HIN_003229,SRC_000001,1,1,1,1,1
RU_HIN_003230,SRC_000001,0,0,0,0,0
RU_HIN_003231,SRC_000003,1,1,1,1,1
RU_HIN_003232,SRC_000001,1,1,1,1,1
RU_HIN_003233,SRC_000005,1,1,1,1,1
RU_HIN_003234,SRC_000002,1,1,1,1,1
RU_HIN_003235,SRC_000003,1,1,1,1,1
RU_HIN_003236,SRC_000002,1,1,1,1,1
RU_HIN_003237,SRC_000002,0,0,0,0,0
RU_HIN_003238,SRC_000001,1,1,1,1,1
RU_HIN_003239,SRC_000004,1,1,1,1,1
RU_HIN_003240,SRC_000005,1,1,1,1,1
RU_HIN_003241,SRC_000003,1,1,1,1,1
RU_HIN_003242,SRC_000001,0,0,0,0,0
RU_HIN_003243,SRC_000003,1,1,1,1,1
RU_HIN_003244,SRC_000005,1,1,1,1,1
RU_HIN_003245,SRC_000005,1,1,1,1,1
RU_HIN_003246,SRC_000003,0,0,0,0,0
RU_HIN_003247,SRC_000001,0,0,0,0,0
RU_HIN_003248,SRC_000005,1,1,1,1,1
RU_HIN_003249,SRC_000004,1,1,1,1,1
RU_HIN_003250,SRC_000003,1,1,1,1,1
RU_HIN_003251,SRC_000005,1,1,1,1,1
RU_HIN_003252,SRC_000001,1,1,1,1,1
RU_HIN_003253,SRC_000004,1,1,1,1,1
RU_HIN_003254,SRC_000005,1,1,1,1,1
RU_HIN_003255,SRC_000001,0,0,0,0,0
RU_HIN_003256,SRC_000004,1,1,1,1,1
RU_HIN_003257,SRC_000004,1,1,1,1,1
RU_HIN_003258,SRC_000005,1,1,1,1,1
RU_HIN_003259,SRC_000003,1,1,1,1,1
RU_HIN_003260,SRC_000003,1,1,1,1,1
RU_HIN_003261,SRC_000002,0,0,0,0,0
RU_HIN_003262,SRC_000004,1,1,1,1,1
RU_HIN_003263,SRC_000004,1,1,1,1,1
RU_HIN_003264,SRC_000003,0,0,0,0,0
RU_HIN_003265,SRC_000002,0,0,0,0,0
RU_HIN_003266,SRC_000002,1,1,1,1,1
RU_HIN_003267,SRC_000004,1,1,1,1,1
RU_HIN_003268,SRC_000002,1,1,1,1,1
RU_HIN_003269,SRC_000001,1,1,1,1,1
RU_HIN_003270,SRC_000004,1,1,1,1,1
RU_HIN_003271,SRC_000003,1,1,1,1,1
RU_HIN_003272,SRC_000004,1,1,1,1,1
RU_HIN_003273,SRC_000003,1,1,1,1,1
RU_HIN_003274,SRC_000002,1,1,1,1,1
RU_HIN_003275,SRC_000001,1,1,1,1,1
RU_HIN_003276,SRC_000005,1,1,1,1,1
RU_HIN_003277,SRC_000002,1,1,1,1,1
RU_HIN_003278,SRC_000002,1,1,1,1,1
RU_HIN_003279,SRC_000003,1,1,1,1,1
RU_HIN_003280,SRC_000003,1,1,1,1,1
RU_HIN_003281,SRC_000005,0,0,0,0,0
RU_HIN_003282,SRC_000002,0,0,0,0,0
RU_HIN_003283,SRC_000001,1,1,1,1,1
RU_HIN_003284,SRC_000003,1,1,1,1,1
RU_HIN_003285,SRC_000005,1,1,1,1,1
RU_HIN_003286,SRC_000003,1,1,1,1,1
RU_HIN_003287,SRC_000002,1,1,1,1,1
RU_HIN_003288,SRC_000005,1,1,1,1,1
RU_HIN_003289,SRC_000002,1,1,1,1,1
RU_HIN_003290,SRC_000004,1,1,1,1,1
RU_HIN_003291,SRC_000001,0,0,0,0,0
RU_HIN_003292,SRC_000004,1,1,1,1,1
RU_HIN_003293,SRC_000003,1,1,1,1,1
RU_HIN_003294,SRC_000004,1,1,1,1,1
RU_HIN_003295,SRC_000002,1,1,1,1,1
RU_HIN_003296,SRC_000004,1,1,1,1,1
RU_HIN_003297,SRC_000003,1,1,1,1,1
RU_HIN_003298,SRC_000004,0,0,0,0,0
RU_HIN_003299,SRC_000003,1,1,1,1,1
RU_HIN_003300,SRC_000003,0,0,0,0,0
RU_HIN_003301,SRC_000002,1,1,1,1,1
RU_HIN_003302,SRC_000002,0,0,0,0,0
RU_HIN_003303,SRC_000005,1,0,1,1,1
RU_HIN_003304,SRC_000002,1,1,1,1,1
RU_HIN_003305,SRC_000003,1,1,1,1,1
RU_HIN_003306,SRC_000001,1,1,1,1,1
RU_HIN_003307,SRC_000002,1,1,1,1,1
RU_HIN_003308,SRC_000004,1,0,1,1,1
RU_HIN_003309,SRC_000005,1,1,1,1,1
RU_HIN_003310,SRC_000005,1,1,1,1,1
RU_HIN_003311,SRC_000003,1,1,1,1,1
RU_HIN_003312,SRC_000004,0,0,0,0,0
RU_HIN_003313,SRC_000002,0,0,0,0,0
RU_HIN_003314,SRC_000004,1,1,1,1,1
RU_HIN_003315,SRC_000005,1,1,1,1,1
RU_HIN_003316,SRC_000002,1,1,1,1,1
RU_HIN_003317,SRC_000004,1,1,1,1,1
RU_HIN_003318,SRC_000005,0,0,0,0,0
RU_HIN_003319,SRC_000003,1,1,1,1,1
RU_HIN_003320,SRC_000002,1,1,1,1,1
RU_HIN_003321,SRC_000002,1,1,1,1,1
RU_HIN_003322,SRC_000005,1,1,1,1,1
RU_HIN_003323,SRC_000003,1,1,1,1,1
RU_HIN_003324,SRC_000001,0,0,0,0,0
RU_HIN_003325,SRC_000003,1,1,1,1,1
RU_HIN_003326,SRC_000002,1,1,1,1,1
RU_HIN_003327,SRC_000003,1,1,1,1,1
RU_HIN_003328,SRC_000002,0,0,0,0,0
RU_HIN_003329,SRC_000002,0,0,0,0,0
RU_HIN_003330,SRC_000002,0,0,0,0,0
RU_HIN_003331,SRC_000001,0,0,0,0,0
RU_HIN_003332,SRC_000004,1,1,1,1,1
RU_HIN_003333,SRC_000003,1,1,1,1,1
RU_HIN_003334,SRC_000005,1,1,1,1,1
RU_HIN_003335,SRC_000002,1,1,1,1,1
RU_HIN_003336,SRC_000003,1,1,1,1,1
RU_HIN_003337,SRC_000001,0,0,0,0,0
RU_HIN_003338,SRC_000002,1,1,1,1,1
RU_HIN_003339,SRC_000001,1,1,1,1,1
RU_HIN_003340,SRC_000004,1,1,1,1,1
RU_HIN_003341,SRC_000001,1,1,1,1,1
RU_HIN_003342,SRC_000003,1,0,1,1,1
RU_HIN_003343,SRC_000003,0,0,0,0,0
RU_HIN_003344,SRC_000003,1,1,1,1,1
RU_HIN_003345,SRC_000005,0,0,0,0,0
RU_HIN_003346,SRC_000002,1,1,1,1,1
RU_HIN_003347,SRC_000005,0,0,0,0,0
RU_HIN_003348,SRC_000003,1,1,1,1,1
RU_HIN_003349,SRC_000001,1,1,1,1,1
RU_HIN_003350,SRC_000002,1,1,1,1,1
RU_HIN_003351,SRC_000003,0,0,0,0,0
RU_HIN_003352,SRC_000005,1,1,1,1,1
RU_HIN_003353,SRC_000003,1,1,1,1,1
RU_HIN_003354,SRC_000002,1,1,1,1,1
RU_HIN_003355,SRC_000005,0,0,0,0,0
RU_HIN_003356,SRC_000001,1,1,1,1,1
RU_HIN_003357,SRC_000003,1,1,1,1,1
RU_HIN_003358,SRC_000001,1,1,1,1,1
RU_HIN_003359,SRC_000005,0,0,0,0,0
RU_HIN_003360,SRC_000005,1,1,1,1,1
RU_HIN_003361,SRC_000004,1,1,1,1,1
RU_HIN_003362,SRC_000003,0,0,0,0,0
RU_HIN_003363,SRC_000001,0,0,0,0,0
RU_HIN_003364,SRC_000001,1,1,1,1,1
RU_HIN_003365,SRC_000005,1,1,1,1,1
RU_HIN_003366,SRC_000003,1,1,1,1,1
RU_HIN_003367,SRC_000001,1,1,1,1,1
RU_HIN_003368,SRC_000005,1,1,1,1,1
RU_HIN_003369,SRC_000005,1,1,1,1,1
RU_HIN_003370,SRC_000005,1,1,1,1,1
RU_HIN_003371,SRC_000004,0,0,0,0,0
RU_HIN_003372,SRC_000003,1,1,1,1,1
RU_HIN_003373,SRC_000003,1,1,1,1,1
RU_HIN_003374,SRC_000004,1,1,1,1,1
RU_HIN_003375,SRC_000001,1,1,1,1,1
RU_HIN_003376,SRC_000002,1,1,1,1,1
RU_HIN_003377,SRC_000002,1,1,1,1,1
RU_HIN_003378,SRC_000001,1,1,1,1,1
RU_HIN_003379,SRC_000002,1,1,1,1,1
RU_HIN_003380,SRC_000001,1,1,1,1,1
RU_HIN_003381,SRC_000001,1,1,1,1,1
RU_HIN_003382,SRC_000002,1,1,1,1,1
RU_HIN_003383,SRC_000003,1,1,1,1,1
RU_HIN_003384,SRC_000002,1,1,1,1,1
RU_HIN_003385,SRC_000002,0,0,0,0,0
RU_HIN_003386,SRC_000002,1,1,1,1,1
RU_HIN_003387,SRC_000001,1,1,1,1,1
RU_HIN_003388,SRC_000001,0,0,0,0,0
RU_HIN_003389,SRC_000003,1,1,1,1,1
RU_HIN_003390,SRC_000003,1,1,1,1,1
RU_HIN_003391,SRC_000005,1,1,1,1,1
RU_HIN_003392,SRC_000002,1,1,1,1,1
RU_HIN_003393,SRC_000004,1,1,1,1,1
RU_HIN_003394,SRC_000002,0,0,0,0,0
RU_HIN_003395,SRC_000004,1,1,1,1,1
RU_HIN_003396,SRC_000003,1,1,1,1,1
RU_HIN_003397,SRC_000001,0,0,0,0,0
RU_HIN_003398,SRC_000004,1,1,1,1,1
RU_HIN_003399,SRC_000003,0,0,0,0,0
RU_HIN_003400,SRC_000005,1,1,1,1,1
RU_HIN_003401,SRC_000004,1,1,1,1,1
RU_HIN_003402,SRC_000005,1,1,1,1,1
RU_HIN_003403,SRC_000002,1,1,1,1,1
RU_HIN_003404,SRC_000004,1,1,1,1,1
RU_HIN_003405,SRC_000002,1,1,1,1,1
RU_HIN_003406,SRC_000004,1,1,1,1,1
RU_HIN_003407,SRC_000001,1,1,1,1,1
RU_HIN_003408,SRC_000003,1,1,1,1,1
RU_HIN_003409,SRC_000001,1,1,1,1,1
RU_HIN_003410,SRC_000004,1,1,1,1,1
RU_HIN_003411,SRC_000001,1,1,1,1,1
RU_HIN_003412,SRC_000002,1,1,1,1,1
RU_HIN_003413,SRC_000001,1,1,1,1,1
RU_HIN_003414,SRC_000003,1,1,1,1,1
RU_HIN_003415,SRC_000001,0,0,0,0,0
RU_HIN_003416,SRC_000001,0,0,0,0,0
RU_HIN_003417,SRC_000002,1,1,1,1,1
RU_HIN_003418,SRC_000002,0,0,0,0,0
RU_HIN_003419,SRC_000001,0,0,0,0,0
RU_HIN_003420,SRC_000004,1,1,1,1,1
RU_HIN_003421,SRC_000003,1,1,1,1,1
RU_HIN_003422,SRC_000004,1,1,1,1,1
RU_HIN_003423,SRC_000001,1,1,1,1,1
RU_HIN_003424,SRC_000002,1,1,1,1,1
RU_HIN_003425,SRC_000002,0,0,0,0,0
RU_HIN_003426,SRC_000002,1,1,1,1,1
RU_HIN_003427,SRC_000005,1,1,1,1,1
RU_HIN_003428,SRC_000003,1,1,1,1,1
RU_HIN_003429,SRC_000004,1,1,1,1,1
RU_HIN_003430,SRC_000005,1,1,1,1,1
RU_HIN_003431,SRC_000001,1,1,1,1,1
RU_HIN_003432,SRC_000001,1,1,1,1,1
RU_HIN_003433,SRC_000005,1,1,1,1,1
RU_HIN_003434,SRC_000002,1,1,1,1,1
RU_HIN_003435,SRC_000004,1,1,1,1,1
RU_HIN_003436,SRC_000003,1,1,1,1,1
RU_HIN_003437,SRC_000004,1,1,1,1,1
RU_HIN_003438,SRC_000005,0,0,0,0,0
RU_HIN_003439,SRC_000001,1,1,1,1,1
RU_HIN_003440,SRC_000004,0,0,0,0,0
RU_HIN_003441,SRC_000002,1,1,1,1,1
RU_HIN_003442,SRC_000002,1,1,1,1,1
RU_HIN_003443,SRC_000005,1,1,1,1,1
RU_HIN_003444,SRC_000003,1,1,1,1,1
RU_HIN_003445,SRC_000004,0,0,0,0,0
RU_HIN_003446,SRC_000002,1,1,1,1,1
RU_HIN_003447,SRC_000002,1,1,1,1,1
RU_HIN_003448,SRC_000005,1,1,1,1,1
RU_HIN_003449,SRC_000002,1,1,1,1,1
RU_HIN_003450,SRC_000001,0,0,0,0,0
RU_HIN_003451,SRC_000001,1,1,1,1,1
RU_HIN_003452,SRC_000005,1,1,1,1,1
RU_HIN_003453,SRC_000001,0,0,0,0,0
RU_HIN_003454,SRC_000003,0,0,0,0,0
RU_HIN_003455,SRC_000005,1,1,1,1,1
RU_HIN_003456,SRC_000004,1,1,1,1,1
RU_HIN_003457,SRC_000003,1,1,1,1,1
RU_HIN_003458,SRC_000005,1,1,1,1,1
RU_HIN_003459,SRC_000001,1,1,1,1,1
RU_HIN_003460,SRC_000005,1,1,1,1,1
RU_HIN_003461,SRC_000005,1,1,1,1,1
RU_HIN_003462,SRC_000001,1,1,1,1,1
RU_HIN_003463,SRC_000003,1,1,1,1,1
RU_HIN_003464,SRC_000005,1,1,1,1,1
RU_HIN_003465,SRC_000005,1,1,1,1,1
RU_HIN_003466,SRC_000005,1,1,1,1,1
RU_HIN_003467,SRC_000001,1,1,1,1,1
RU_HIN_003468,SRC_000004,1,1,1,1,1
RU_HIN_003469,SRC_000004,1,1,1,1,1
RU_HIN_003470,SRC_000005,1,1,1,1,1
RU_HIN_003471,SRC_000005,1,1,1,1,1
RU_HIN_003472,SRC_000002,1,1,1,1,1
RU_HIN_003473,SRC_000001,1,1,1,1,1
RU_HIN_003474,SRC_000005,1,1,1,1,1
RU_HIN_003475,SRC_000002,0,0,0,0,0
RU_HIN_003476,SRC_000005,1,1,1,1,1
RU_HIN_003477,SRC_000001,1,1,1,1,1
RU_HIN_003478,SRC_000001,1,1,1,1,1
RU_HIN_003479,SRC_000002,1,1,1,1,1
RU_HIN_003480,SRC_000003,1,1,1,1,1
RU_HIN_003481,SRC_000002,1,1,1,1,1
RU_HIN_003482,SRC_000001,1,1,1,1,1
RU_HIN_003483,SRC_000001,0,0,0,0,0
RU_HIN_003484,SRC_000004,1,1,1,1,1
RU_HIN_003485,SRC_000001,1,1,1,1,1
RU_HIN_003486,SRC_000003,1,1,1,1,1
RU_HIN_003487,SRC_000002,1,1,1,1,1
RU_HIN_003488,SRC_000004,1,1,1,1,1
RU_HIN_003489,SRC_000005,1,1,1,1,1
RU_HIN_003490,SRC_000005,0,0,0,0,0
RU_HIN_003491,SRC_000001,1,1,1,1,1
RU_HIN_003492,SRC_000003,1,1,1,1,1
RU_HIN_003493,SRC_000005,1,1,1,1,1
RU_HIN_003494,SRC_000003,1,1,1,1,1
RU_HIN_003495,SRC_000002,1,1,1,1,1
RU_HIN_003496,SRC_000005,1,1,1,1,1
RU_HIN_003497,SRC_000002,0,0,0,0,0
RU_HIN_003498,SRC_000001,1,1,1,1,1
RU_HIN_003499,SRC_000001,1,1,1,1,1
RU_HIN_003500,SRC_000005,1,1,1,1,1
RU_HIN_003501,SRC_000002,1,1,1,1,1
RU_HIN_003502,SRC_000001,0,0,0,0,0
RU_HIN_003503,SRC_000001,0,0,0,0,0
RU_HIN_003504,SRC_000004,1,0,1,1,1
RU_HIN_003505,SRC_000004,0,0,0,0,0
RU_HIN_003506,SRC_000005,1,1,1,1,1
RU_HIN_003507,SRC_000001,1,1,1,1,1
RU_HIN_003508,SRC_000001,1,1,1,1,1
RU_HIN_003509,SRC_000004,1,1,1,1,1
RU_HIN_003510,SRC_000003,1,1,1,1,1
RU_HIN_003511,SRC_000005,1,1,1,1,1
RU_HIN_003512,SRC_000003,0,0,0,0,0
RU_HIN_003513,SRC_000005,0,0,0,0,0
RU_HIN_003514,SRC_000005,1,1,1,1,1
RU_HIN_003515,SRC_000002,1,1,1,1,1
RU_HIN_003516,SRC_000005,0,0,0,0,0
RU_HIN_003517,SRC_000002,0,0,0,0,0
RU_HIN_003518,SRC_000002,1,1,1,1,1
RU_HIN_003519,SRC_000002,1,1,1,1,1
RU_HIN_003520,SRC_000001,1,1,1,1,1
RU_HIN_003521,SRC_000003,1,1,1,1,1
RU_HIN_003522,SRC_000001,1,1,1,1,1
RU_HIN_003523,SRC_000004,1,1,1,1,1
RU_HIN_003524,SRC_000001,0,0,0,0,0
RU_HIN_003525,SRC_000001,0,0,0,0,0
RU_HIN_003526,SRC_000002,1,1,1,1,1
RU_HIN_003527,SRC_000004,1,1,1,1,1
RU_HIN_003528,SRC_000002,1,1,1,1,1
RU_HIN_003529,SRC_000003,1,1,1,1,1
RU_HIN_003530,SRC_000005,1,1,1,1,1
RU_HIN_003531,SRC_000004,0,0,0,0,0
RU_HIN_003532,SRC_000002,1,1,1,1,1
RU_HIN_003533,SRC_000001,1,1,1,1,1
RU_HIN_003534,SRC_000004,1,1,1,1,1
RU_HIN_003535,SRC_000005,0,0,0,0,0
RU_HIN_003536,SRC_000001,1,1,1,1,1
RU_HIN_003537,SRC_000001,1,1,1,1,1
RU_HIN_003538,SRC_000001,0,0,0,0,0
RU_HIN_003539,SRC_000003,1,1,1,1,1
RU_HIN_003540,SRC_000003,1,1,1,1,1
RU_HIN_003541,SRC_000004,1,1,1,1,1
RU_HIN_003542,SRC_000005,1,1,1,1,1
RU_HIN_003543,SRC_000005,0,0,0,0,0
RU_HIN_003544,SRC_000005,0,0,0,0,0
RU_HIN_003545,SRC_000004,0,0,0,0,0
RU_HIN_003546,SRC_000005,1,1,1,1,1
RU_HIN_003547,SRC_000003,1,1,1,1,1
RU_HIN_003548,SRC_000003,1,1,1,1,1
RU_HIN_003549,SRC_000002,1,1,1,1,1
RU_HIN_003550,SRC_000002,1,1,1,1,1
RU_HIN_003551,SRC_000005,1,1,1,1,1
RU_HIN_003552,SRC_000004,1,1,1,1,1
RU_HIN_003553,SRC_000004,0,0,0,0,0
RU_HIN_003554,SRC_000005,1,1,1,1,1
RU_HIN_003555,SRC_000005,1,1,1,1,1
RU_HIN_003556,SRC_000005,0,0,0,0,0
RU_HIN_003557,SRC_000001,1,1,1,1,1
RU_HIN_003558,SRC_000001,0,0,0,0,0
RU_HIN_003559,SRC_000004,1,1,1,1,1
RU_HIN_003560,SRC_000005,1,1,1,1,1
RU_HIN_003561,SRC_000003,0,0,0,0,0
RU_HIN_003562,SRC_000005,1,1,1,1,1
RU_HIN_003563,SRC_000001,1,1,1,1,1
RU_HIN_003564,SRC_000002,0,0,0,0,0
RU_HIN_003565,SRC_000005,1,1,1,1,1
RU_HIN_003566,SRC_000003,0,0,0,0,0
RU_HIN_003567,SRC_000005,1,1,1,1,1
RU_HIN_003568,SRC_000003,0,0,0,0,0
RU_HIN_003569,SRC_000004,1,1,1,1,1
RU_HIN_003570,SRC_000004,1,1,1,1,1
RU_HIN_003571,SRC_000004,1,1,1,1,1
RU_HIN_003572,SRC_000002,1,1,1,1,1
RU_HIN_003573,SRC_000001,1,1,1,1,1
RU_HIN_003574,SRC_000003,1,1,1,1,1
RU_HIN_003575,SRC_000004,0,0,0,0,0
RU_HIN_003576,SRC_000005,0,0,0,0,0
RU_HIN_003577,SRC_000004,1,1,1,1,1
RU_HIN_003578,SRC_000003,1,1,1,1,1
RU_HIN_003579,SRC_000004,1,1,1,1,1
RU_HIN_003580,SRC_000004,1,1,1,1,1
RU_HIN_003581,SRC_000002,1,1,1,1,1
RU_HIN_003582,SRC_000001,0,0,0,0,0
RU_HIN_003583,SRC_000001,1,1,1,1,1
RU_HIN_003584,SRC_000001,0,0,0,0,0
RU_HIN_003585,SRC_000001,1,1,1,1,1
RU_HIN_003586,SRC_000001,1,1,1,1,1
RU_HIN_003587,SRC_000003,0,0,0,0,0
RU_HIN_003588,SRC_000004,1,1,1,1,1
RU_HIN_003589,SRC_000001,0,0,0,0,0
RU_HIN_003590,SRC_000001,1,1,1,1,1
RU_HIN_003591,SRC_000001,0,0,0,0,0
RU_HIN_003592,SRC_000005,1,1,1,1,1
RU_HIN_003593,SRC_000005,1,1,1,1,1
RU_HIN_003594,SRC_000001,1,1,1,1,1
RU_HIN_003595,SRC_000005,1,1,1,1,1
RU_HIN_003596,SRC_000002,1,1,1,1,1
RU_HIN_003597,SRC_000003,1,1,1,1,1
RU_HIN_003598,SRC_000003,1,1,1,1,1
RU_HIN_003599,SRC_000004,1,1,1,1,1
RU_HIN_003600,SRC_000004,1,1,1,1,1
RU_HIN_003601,SRC_000004,1,1,1,1,1
RU_HIN_003602,SRC_000001,1,1,1,1,1
RU_HIN_003603,SRC_000005,1,1,1,1,1
RU_HIN_003604,SRC_000005,1,1,1,1,1
RU_HIN_003605,SRC_000004,1,1,1,1,1
RU_HIN_003606,SRC_000004,0,0,0,0,0
RU_HIN_003607,SRC_000001,1,1,1,1,1
RU_HIN_003608,SRC_000001,1,1,1,1,1
RU_HIN_003609,SRC_000001,0,0,0,0,0
RU_HIN_003610,SRC_000005,1,1,1,1,1
RU_HIN_003611,SRC_000001,1,1,1,1,1
RU_HIN_003612,SRC_000004,0,0,0,0,0
RU_HIN_003613,SRC_000001,0,0,0,0,0
RU_HIN_003614,SRC_000005,1,1,1,1,1
RU_HIN_003615,SRC_000002,1,1,1,1,1
RU_HIN_003616,SRC_000004,0,0,0,0,0
RU_HIN_003617,SRC_000003,1,1,1,1,1
RU_HIN_003618,SRC_000003,1,1,1,1,1
RU_HIN_003619,SRC_000002,1,0,1,1,1
RU_HIN_003620,SRC_000003,1,1,1,1,1
RU_HIN_003621,SRC_000001,1,1,1,1,1
RU_HIN_003622,SRC_000004,1,1,1,1,1
RU_HIN_003623,SRC_000001,1,1,1,1,1
RU_HIN_003624,SRC_000001,1,1,1,1,1
RU_HIN_003625,SRC_000005,1,0,1,1,1
RU_HIN_003626,SRC_000003,1,0,1,1,1
RU_HIN_003627,SRC_000002,0,0,0,0,0
RU_HIN_003628,SRC_000005,1,1,1,1,1
RU_HIN_003629,SRC_000001,1,1,1,1,1
RU_HIN_003630,SRC_000004,1,1,1,1,1
RU_HIN_003631,SRC_000005,1,1,1,1,1
RU_HIN_003632,SRC_000005,1,1,1,1,1
RU_HIN_003633,SRC_000004,1,1,1,1,1
RU_HIN_003634,SRC_000004,1,1,1,1,1
RU_HIN_003635,SRC_000005,0,0,0,0,0
RU_HIN_003636,SRC_000004,1,1,1,1,1
RU_HIN_003637,SRC_000003,1,1,1,1,1
RU_HIN_003638,SRC_000001,1,1,1,1,1
RU_HIN_003639,SRC_000002,1,1,1,1,1
RU_HIN_003640,SRC_000001,1,1,1,1,1
RU_HIN_003641,SRC_000003,1,1,1,1,1
RU_HIN_003642,SRC_000004,1,1,1,1,1
RU_HIN_003643,SRC_000003,1,1,1,1,1
RU_HIN_003644,SRC_000003,1,1,1,1,1
RU_HIN_003645,SRC_000005,1,1,1,1,1
RU_HIN_003646,SRC_000003,1,1,1,1,1
RU_HIN_003647,SRC_000005,1,1,1,1,1
RU_HIN_003648,SRC_000002,1,1,1,1,1
RU_HIN_003649,SRC_000004,1,1,1,1,1
RU_HIN_003650,SRC_000005,1,1,1,1,1
RU_HIN_003651,SRC_000003,1,1,1,1,1
RU_HIN_003652,SRC_000005,0,0,0,0,0
RU_HIN_003653,SRC_000005,0,0,0,0,0
RU_HIN_003654,SRC_000001,0,0,0,0,0
RU_HIN_003655,SRC_000005,1,1,1,1,1
RU_HIN_003656,SRC_000004,1,1,1,1,1
RU_HIN_003657,SRC_000003,1,1,1,1,1
RU_HIN_003658,SRC_000003,1,1,1,1,1
RU_HIN_003659,SRC_000005,0,0,0,0,0
RU_HIN_003660,SRC_000001,0,0,0,0,0
RU_HIN_003661,SRC_000002,1,1,1,1,1
RU_HIN_003662,SRC_000002,0,0,0,0,0
RU_HIN_003663,SRC_000003,1,1,1,1,1
RU_HIN_003664,SRC_000003,1,1,1,1,1
RU_HIN_003665,SRC_000001,1,1,1,1,1
RU_HIN_003666,SRC_000002,1,1,1,1,1
RU_HIN_003667,SRC_000004,0,0,0,0,0
RU_HIN_003668,SRC_000001,1,1,1,1,1
RU_HIN_003669,SRC_000001,1,0,1,1,1
RU_HIN_003670,SRC_000001,1,1,1,1,1
RU_HIN_003671,SRC_000005,1,1,1,1,1
RU_HIN_003672,SRC_000001,1,1,1,1,1
RU_HIN_003673,SRC_000001,1,1,1,1,1
RU_HIN_003674,SRC_000005,0,0,0,0,0
RU_HIN_003675,SRC_000004,0,0,0,0,0
RU_HIN_003676,SRC_000004,1,1,1,1,1
RU_HIN_003677,SRC_000005,0,0,0,0,0
RU_HIN_003678,SRC_000005,1,1,1,1,1
RU_HIN_003679,SRC_000004,1,1,1,1,1
RU_HIN_003680,SRC_000003,1,1,1,1,1
RU_HIN_003681,SRC_000003,0,0,0,0,0
RU_HIN_003682,SRC_000002,1,1,1,1,1
RU_HIN_003683,SRC_000004,1,1,1,1,1
RU_HIN_003684,SRC_000001,0,0,0,0,0
RU_HIN_003685,SRC_000002,1,1,1,1,1
RU_HIN_003686,SRC_000002,1,1,1,1,1
RU_HIN_003687,SRC_000003,1,1,1,1,1
RU_HIN_003688,SRC_000004,1,1,1,1,1
RU_HIN_003689,SRC_000002,1,1,1,1,1
RU_HIN_003690,SRC_000005,1,1,1,1,1
RU_HIN_003691,SRC_000005,1,1,1,1,1
RU_HIN_003692,SRC_000002,1,1,1,1,1
RU_HIN_003693,SRC_000003,1,1,1,1,1
RU_HIN_003694,SRC_000003,1,1,1,1,1
RU_HIN_003695,SRC_000002,1,1,1,1,1
RU_HIN_003696,SRC_000002,1,1,1,1,1
RU_HIN_003697,SRC_000002,0,0,0,0,0
RU_HIN_003698,SRC_000002,1,1,1,1,1
RU_HIN_003699,SRC_000003,1,1,1,1,1
RU_HIN_003700,SRC_000001,1,1,1,1,1
RU_HIN_003701,SRC_000004,1,1,1,1,1
RU_HIN_003702,SRC_000001,1,1,1,1,1
RU_HIN_003703,SRC_000005,1,1,1,1,1
RU_HIN_003704,SRC_000002,1,1,1,1,1
RU_HIN_003705,SRC_000003,1,1,1,1,1
RU_HIN_003706,SRC_000004,0,0,0,0,0
RU_HIN_003707,SRC_000002,1,1,1,1,1
RU_HIN_003708,SRC_000005,1,1,1,1,1
RU_HIN_003709,SRC_000005,1,1,1,1,1
RU_HIN_003710,SRC_000004,1,1,1,1,1
RU_HIN_003711,SRC_000004,1,1,1,1,1
RU_HIN_003712,SRC_000003,1,1,1,1,1
RU_HIN_003713,SRC_000004,1,0,1,1,1
RU_HIN_003714,SRC_000004,1,1,1,1,1
RU_HIN_003715,SRC_000003,1,1,1,1,1
RU_HIN_003716,SRC_000002,1,1,1,1,1
RU_HIN_003717,SRC_000005,1,1,1,1,1
RU_HIN_003718,SRC_000004,1,1,1,1,1
RU_HIN_003719,SRC_000004,1,1,1,1,1
RU_HIN_003720,SRC_000002,1,1,1,1,1
RU_HIN_003721,SRC_000005,1,1,1,1,1
RU_HIN_003722,SRC_000004,0,0,0,0,0
RU_HIN_003723,SRC_000004,1,1,1,1,1
RU_HIN_003724,SRC_000001,1,1,1,1,1
RU_HIN_003725,SRC_000005,0,0,0,0,0
RU_HIN_003726,SRC_000001,1,1,1,1,1
RU_HIN_003727,SRC_000005,0,0,0,0,0
RU_HIN_003728,SRC_000002,1,1,1,1,1
RU_HIN_003729,SRC_000003,1,1,1,1,1
RU_HIN_003730,SRC_000002,1,1,1,1,1
RU_HIN_003731,SRC_000005,1,1,1,1,1
RU_HIN_003732,SRC_000005,0,0,0,0,0
RU_HIN_003733,SRC_000002,1,1,1,1,1
RU_HIN_003734,SRC_000005,1,1,1,1,1
RU_HIN_003735,SRC_000001,1,1,1,1,1
RU_HIN_003736,SRC_000004,1,1,1,1,1
RU_HIN_003737,SRC_000004,1,1,1,1,1
RU_HIN_003738,SRC_000005,1,1,1,1,1
RU_HIN_003739,SRC_000005,0,0,0,0,0
RU_HIN_003740,SRC_000005,1,1,1,1,1
RU_HIN_003741,SRC_000003,1,1,1,1,1
RU_HIN_003742,SRC_000005,0,0,0,0,0
RU_HIN_003743,SRC_000004,1,1,1,1,1
RU_HIN_003744,SRC_000005,1,1,1,1,1
RU_HIN_003745,SRC_000002,1,1,1,1,1
RU_HIN_003746,SRC_000001,0,0,0,0,0
RU_HIN_003747,SRC_000004,1,1,1,1,1
RU_HIN_003748,SRC_000001,1,1,1,1,1
RU_HIN_003749,SRC_000002,1,1,1,1,1
RU_HIN_003750,SRC_000002,1,1,1,1,1
RU_HIN_003751,SRC_000002,0,0,0,0,0
RU_HIN_003752,SRC_000001,1,1,1,1,1
RU_HIN_003753,SRC_000003,1,1,1,1,1
RU_HIN_003754,SRC_000003,1,1,1,1,1
RU_HIN_003755,SRC_000001,1,1,1,1,1
RU_HIN_003756,SRC_000005,0,0,0,0,0
RU_HIN_003757,SRC_000003,1,1,1,1,1
RU_HIN_003758,SRC_000002,0,0,0,0,0
RU_HIN_003759,SRC_000002,0,0,0,0,0
RU_HIN_003760,SRC_000004,0,0,0,0,0
RU_HIN_003761,SRC_000001,1,1,1,1,1
RU_HIN_003762,SRC_000005,0,0,0,0,0
RU_HIN_003763,SRC_000002,1,1,1,1,1
RU_HIN_003764,SRC_000004,1,1,1,1,1
RU_HIN_003765,SRC_000003,1,1,1,1,1
RU_HIN_003766,SRC_000001,0,0,0,0,0
RU_HIN_003767,SRC_000002,0,0,0,0,0
RU_HIN_003768,SRC_000003,1,1,1,1,1
RU_HIN_003769,SRC_000004,1,1,1,1,1
RU_HIN_003770,SRC_000001,1,1,1,1,1
RU_HIN_003771,SRC_000002,1,1,1,1,1
RU_HIN_003772,SRC_000001,1,1,1,1,1
RU_HIN_003773,SRC_000001,1,1,1,1,1
RU_HIN_003774,SRC_000002,1,1,1,1,1
RU_HIN_003775,SRC_000004,0,0,0,0,0
RU_HIN_003776,SRC_000004,1,1,1,1,1
RU_HIN_003777,SRC_000005,0,0,0,0,0
RU_HIN_003778,SRC_000003,1,1,1,1,1
RU_HIN_003779,SRC_000003,0,0,0,0,0
RU_HIN_003780,SRC_000003,1,1,1,1,1
RU_HIN_003781,SRC_000005,0,0,0,0,0
RU_HIN_003782,SRC_000001,1,1,1,1,1
RU_HIN_003783,SRC_000002,1,1,1,1,1
RU_HIN_003784,SRC_000004,1,1,1,1,1
RU_HIN_003785,SRC_000001,1,1,1,1,1
RU_HIN_003786,SRC_000001,1,1,1,1,1
RU_HIN_003787,SRC_000001,1,1,1,1,1
RU_HIN_003788,SRC_000004,1,1,1,1,1
RU_HIN_003789,SRC_000002,1,1,1,1,1
RU_HIN_003790,SRC_000003,1,1,1,1,1
RU_HIN_003791,SRC_000003,0,0,0,0,0
RU_HIN_003792,SRC_000001,1,1,1,1,1
RU_HIN_003793,SRC_000004,1,1,1,1,1
RU_HIN_003794,SRC_000004,1,1,1,1,1
RU_HIN_003795,SRC_000001,1,1,1,1,1
RU_HIN_003796,SRC_000002,0,0,0,0,0
RU_HIN_003797,SRC_000005,1,1,1,1,1
RU_HIN_003798,SRC_000004,1,1,1,1,1
RU_HIN_003799,SRC_000003,1,1,1,1,1
RU_HIN_003800,SRC_000004,1,1,1,1,1
RU_HIN_003801,SRC_000004,1,1,1,1,1
RU_HIN_003802,SRC_000005,0,0,0,0,0
RU_HIN_003803,SRC_000001,1,1,1,1,1
RU_HIN_003804,SRC_000003,1,1,1,1,1
RU_HIN_003805,SRC_000002,0,0,0,0,0
RU_HIN_003806,SRC_000001,1,1,1,1,1
RU_HIN_003807,SRC_000001,1,1,1,1,1
RU_HIN_003808,SRC_000002,1,1,1,1,1
RU_HIN_003809,SRC_000003,0,0,0,0,0
RU_HIN_003810,SRC_000004,1,1,1,1,1
RU_HIN_003811,SRC_000002,1,1,1,1,1
RU_HIN_003812,SRC_000004,1,1,1,1,1
RU_HIN_003813,SRC_000005,0,0,0,0,0
RU_HIN_003814,SRC_000004,1,1,1,1,1
RU_HIN_003815,SRC_000002,1,1,1,1,1
RU_HIN_003816,SRC_000004,1,1,1,1,1
RU_HIN_003817,SRC_000003,1,1,1,1,1
RU_HIN_003818,SRC_000005,1,0,1,1,1
RU_HIN_003819,SRC_000001,1,1,1,1,1
RU_HIN_003820,SRC_000004,1,1,1,1,1
RU_HIN_003821,SRC_000001,1,1,1,1,1
RU_HIN_003822,SRC_000001,1,1,1,1,1
RU_HIN_003823,SRC_000001,0,0,0,0,0
RU_HIN_003824,SRC_000003,0,0,0,0,0
RU_HIN_003825,SRC_000001,1,1,1,1,1
RU_HIN_003826,SRC_000001,1,1,1,1,1
RU_HIN_003827,SRC_000005,1,1,1,1,1
RU_HIN_003828,SRC_000005,0,0,0,0,0
RU_HIN_003829,SRC_000005,0,0,0,0,0
RU_HIN_003830,SRC_000002,0,0,0,0,0
RU_HIN_003831,SRC_000003,1,1,1,1,1
RU_HIN_003832,SRC_000004,1,1,1,1,1
RU_HIN_003833,SRC_000002,0,0,0,0,0
RU_HIN_003834,SRC_000005,1,1,1,1,1
RU_HIN_003835,SRC_000001,0,0,0,0,0
RU_HIN_003836,SRC_000005,1,1,1,1,1
RU_HIN_003837,SRC_000001,1,1,1,1,1
RU_HIN_003838,SRC_000005,0,0,0,0,0
RU_HIN_003839,SRC_000004,0,0,0,0,0
RU_HIN_003840,SRC_000004,0,0,0,0,0
RU_HIN_003841,SRC_000001,1,1,1,1,1
RU_HIN_003842,SRC_000001,0,0,0,0,0
RU_HIN_003843,SRC_000004,1,1,1,1,1
RU_HIN_003844,SRC_000005,1,1,1,1,1
RU_HIN_003845,SRC_000005,1,1,1,1,1
RU_HIN_003846,SRC_000001,1,1,1,1,1
RU_HIN_003847,SRC_000003,1,1,1,1,1
RU_HIN_003848,SRC_000003,1,1,1,1,1
RU_HIN_003849,SRC_000003,1,1,1,1,1
RU_HIN_003850,SRC_000005,1,1,1,1,1
RU_HIN_003851,SRC_000002,1,1,1,1,1
RU_HIN_003852,SRC_000002,1,1,1,1,1
RU_HIN_003853,SRC_000004,1,1,1,1,1
RU_HIN_003854,SRC_000005,1,1,1,1,1
RU_HIN_003855,SRC_000003,1,1,1,1,1
RU_HIN_003856,SRC_000001,1,1,1,1,1
RU_HIN_003857,SRC_000004,1,1,1,1,1
RU_HIN_003858,SRC_000004,1,1,1,1,1
RU_HIN_003859,SRC_000005,1,1,1,1,1
RU_HIN_003860,SRC_000001,0,0,0,0,0
RU_HIN_003861,SRC_000005,0,0,0,0,0
RU_HIN_003862,SRC_000004,1,1,1,1,1
RU_HIN_003863,SRC_000004,1,1,1,1,1
RU_HIN_003864,SRC_000003,1,1,1,1,1
RU_HIN_003865,SRC_000003,1,1,1,1,1
RU_HIN_003866,SRC_000003,1,1,1,1,1
RU_HIN_003867,SRC_000005,1,1,1,1,1
RU_HIN_003868,SRC_000003,1,1,1,1,1
RU_HIN_003869,SRC_000001,0,0,0,0,0
RU_HIN_003870,SRC_000001,1,1,1,1,1
RU_HIN_003871,SRC_000005,0,0,0,0,0
RU_HIN_003872,SRC_000001,1,1,1,1,1
RU_HIN_003873,SRC_000004,1,1,1,1,1
RU_HIN_003874,SRC_000004,1,1,1,1,1
RU_HIN_003875,SRC_000003,1,1,1,1,1
RU_HIN_003876,SRC_000004,1,1,1,1,1
RU_HIN_003877,SRC_000005,1,1,1,1,1
RU_HIN_003878,SRC_000005,1,1,1,1,1
RU_HIN_003879,SRC_000003,1,1,1,1,1
RU_HIN_003880,SRC_000001,1,1,1,1,1
RU_HIN_003881,SRC_000005,1,1,1,1,1
RU_HIN_003882,SRC_000002,0,0,0,0,0
RU_HIN_003883,SRC_000001,1,1,1,1,1
RU_HIN_003884,SRC_000001,0,0,0,0,0
RU_HIN_003885,SRC_000005,1,1,1,1,1
RU_HIN_003886,SRC_000004,1,1,1,1,1
RU_HIN_003887,SRC_000005,1,1,1,1,1
RU_HIN_003888,SRC_000004,1,1,1,1,1
RU_HIN_003889,SRC_000003,1,1,1,1,1
RU_HIN_003890,SRC_000002,1,1,1,1,1
RU_HIN_003891,SRC_000003,0,0,0,0,0
RU_HIN_003892,SRC_000004,1,1,1,1,1
RU_HIN_003893,SRC_000003,1,1,1,1,1
RU_HIN_003894,SRC_000004,1,1,1,1,1
RU_HIN_003895,SRC_000005,1,1,1,1,1
RU_HIN_003896,SRC_000002,0,0,0,0,0
RU_HIN_003897,SRC_000001,1,1,1,1,1
RU_HIN_003898,SRC_000004,0,0,0,0,0
RU_HIN_003899,SRC_000002,1,1,1,1,1
RU_HIN_003900,SRC_000001,1,1,1,1,1
RU_HIN_003901,SRC_000001,1,1,1,1,1
RU_HIN_003902,SRC_000002,1,1,1,1,1
RU_HIN_003903,SRC_000004,1,1,1,1,1
RU_HIN_003904,SRC_000004,1,1,1,1,1
RU_HIN_003905,SRC_000001,1,1,1,1,1
RU_HIN_003906,SRC_000003,1,1,1,1,1
RU_HIN_003907,SRC_000003,0,0,0,0,0
RU_HIN_003908,SRC_000005,1,1,1,1,1
RU_HIN_003909,SRC_000005,1,1,1,1,1
RU_HIN_003910,SRC_000004,1,1,1,1,1
RU_HIN_003911,SRC_000005,0,0,0,0,0
RU_HIN_003912,SRC_000001,1,1,1,1,1
RU_HIN_003913,SRC_000002,0,0,0,0,0
RU_HIN_003914,SRC_000002,1,1,1,1,1
RU_HIN_003915,SRC_000002,1,1,1,1,1
RU_HIN_003916,SRC_000002,1,1,1,1,1
RU_HIN_003917,SRC_000001,1,1,1,1,1
RU_HIN_003918,SRC_000003,1,1,1,1,1
RU_HIN_003919,SRC_000005,0,0,0,0,0
RU_HIN_003920,SRC_000003,1,1,1,1,1
RU_HIN_003921,SRC_000001,0,0,0,0,0
RU_HIN_003922,SRC_000003,1,1,1,1,1
RU_HIN_003923,SRC_000002,0,0,0,0,0
RU_HIN_003924,SRC_000001,0,0,0,0,0
RU_HIN_003925,SRC_000004,0,0,0,0,0
RU_HIN_003926,SRC_000004,0,0,0,0,0
RU_HIN_003927,SRC_000004,0,0,0,0,0
RU_HIN_003928,SRC_000003,1,1,1,1,1
RU_HIN_003929,SRC_000002,1,1,1,1,1
RU_HIN_003930,SRC_000002,0,0,0,0,0
RU_HIN_003931,SRC_000001,1,1,1,1,1
RU_HIN_003932,SRC_000004,0,0,0,0,0
RU_HIN_003933,SRC_000003,1,1,1,1,1
RU_HIN_003934,SRC_000005,1,1,1,1,1
RU_HIN_003935,SRC_000005,1,1,1,1,1
RU_HIN_003936,SRC_000001,0,0,0,0,0
RU_HIN_003937,SRC_000001,1,1,1,1,1
RU_HIN_003938,SRC_000004,1,1,1,1,1
RU_HIN_003939,SRC_000003,1,1,1,1,1
RU_HIN_003940,SRC_000003,1,1,1,1,1
RU_HIN_003941,SRC_000002,0,0,0,0,0
RU_HIN_003942,SRC_000005,1,1,1,1,1
RU_HIN_003943,SRC_000003,1,1,1,1,1
RU_HIN_003944,SRC_000005,1,1,1,1,1
RU_HIN_003945,SRC_000003,1,1,1,1,1
RU_HIN_003946,SRC_000005,0,0,0,0,0
RU_HIN_003947,SRC_000005,1,1,1,1,1
RU_HIN_003948,SRC_000005,1,1,1,1,1
RU_HIN_003949,SRC_000003,1,1,1,1,1
RU_HIN_003950,SRC_000002,0,0,0,0,0
RU_HIN_003951,SRC_000005,0,0,0,0,0
RU_HIN_003952,SRC_000003,1,1,1,1,1
RU_HIN_003953,SRC_000002,1,1,1,1,1
RU_HIN_003954,SRC_000005,1,1,1,1,1
RU_HIN_003955,SRC_000005,1,1,1,1,1
RU_HIN_003956,SRC_000002,1,1,1,1,1
RU_HIN_003957,SRC_000005,0,0,0,0,0
RU_HIN_003958,SRC_000001,0,0,0,0,0
RU_HIN_003959,SRC_000002,1,1,1,1,1
RU_HIN_003960,SRC_000001,1,1,1,1,1
RU_HIN_003961,SRC_000004,1,1,1,1,1
RU_HIN_003962,SRC_000005,0,0,0,0,0
RU_HIN_003963,SRC_000004,1,1,1,1,1
RU_HIN_003964,SRC_000002,1,1,1,1,1
RU_HIN_003965,SRC_000001,1,1,1,1,1
RU_HIN_003966,SRC_000002,0,0,0,0,0
RU_HIN_003967,SRC_000001,1,1,1,1,1
RU_HIN_003968,SRC_000003,1,1,1,1,1
RU_HIN_003969,SRC_000001,1,1,1,1,1
RU_HIN_003970,SRC_000004,1,1,1,1,1
RU_HIN_003971,SRC_000005,1,1,1,1,1
RU_HIN_003972,SRC_000001,1,1,1,1,1
RU_HIN_003973,SRC_000004,1,1,1,1,1
RU_HIN_003974,SRC_000004,1,1,1,1,1
RU_HIN_003975,SRC_000001,0,0,0,0,0
RU_HIN_003976,SRC_000003,0,0,0,0,0
RU_HIN_003977,SRC_000003,1,1,1,1,1
RU_HIN_003978,SRC_000004,1,1,1,1,1
RU_HIN_003979,SRC_000005,1,1,1,1,1
RU_HIN_003980,SRC_000005,1,1,1,1,1
RU_HIN_003981,SRC_000004,1,1,1,1,1
RU_HIN_003982,SRC_000002,1,1,1,1,1
RU_HIN_003983,SRC_000005,1,1,1,1,1
RU_HIN_003984,SRC_000001,1,1,1,1,1
RU_HIN_003985,SRC_000003,0,0,0,0,0
RU_HIN_003986,SRC_000004,1,1,1,1,1
RU_HIN_003987,SRC_000001,1,1,1,1,1
RU_HIN_003988,SRC_000005,1,1,1,1,1
RU_HIN_003989,SRC_000001,1,1,1,1,1
RU_HIN_003990,SRC_000001,1,1,1,1,1
RU_HIN_003991,SRC_000004,1,1,1,1,1
RU_HIN_003992,SRC_000004,1,1,1,1,1
RU_HIN_003993,SRC_000002,1,1,1,1,1
RU_HIN_003994,SRC_000001,1,1,1,1,1
RU_HIN_003995,SRC_000001,1,1,1,1,1
RU_HIN_003996,SRC_000004,1,1,1,1,1
RU_HIN_003997,SRC_000004,1,1,1,1,1
RU_HIN_003998,SRC_000001,0,0,0,0,0
RU_HIN_003999,SRC_000003,0,0,0,0,0
RU_HIN_004000,SRC_000003,1,1,1,1,1
RU_HIN_004001,SRC_000003,0,0,0,0,0
RU_HIN_004002,SRC_000001,1,1,1,1,1
RU_HIN_004003,SRC_000001,1,1,1,1,1
RU_HIN_004004,SRC_000004,0,0,0,0,0
RU_HIN_004005,SRC_000003,1,1,1,1,1
RU_HIN_004006,SRC_000003,1,1,1,1,1
RU_HIN_004007,SRC_000002,1,1,1,1,1
RU_HIN_004008,SRC_000001,1,1,1,1,1
RU_HIN_004009,SRC_000003,1,1,1,1,1
RU_HIN_004010,SRC_000004,1,1,1,1,1
RU_HIN_004011,SRC_000004,1,1,1,1,1
RU_HIN_004012,SRC_000001,1,1,1,1,1
RU_HIN_004013,SRC_000005,0,0,0,0,0
RU_HIN_004014,SRC_000001,1,1,1,1,1
RU_HIN_004015,SRC_000001,1,1,1,1,1
RU_HIN_004016,SRC_000005,1,1,1,1,1
RU_HIN_004017,SRC_000001,1,1,1,1,1
RU_HIN_004018,SRC_000004,0,0,0,0,0
RU_HIN_004019,SRC_000005,1,1,1,1,1
RU_HIN_004020,SRC_000003,0,0,0,0,0
RU_HIN_004021,SRC_000005,1,1,1,1,1
RU_HIN_004022,SRC_000003,1,1,1,1,1
RU_HIN_004023,SRC_000001,0,0,0,0,0
RU_HIN_004024,SRC_000005,1,1,1,1,1
RU_HIN_004025,SRC_000002,0,0,0,0,0
RU_HIN_004026,SRC_000002,0,0,0,0,0
RU_HIN_004027,SRC_000003,1,1,1,1,1
RU_HIN_004028,SRC_000005,1,1,1,1,1
RU_HIN_004029,SRC_000004,1,1,1,1,1
RU_HIN_004030,SRC_000003,0,0,0,0,0
RU_HIN_004031,SRC_000003,1,1,1,1,1
RU_HIN_004032,SRC_000003,1,1,1,1,1
RU_HIN_004033,SRC_000002,1,1,1,1,1
RU_HIN_004034,SRC_000005,1,1,1,1,1
RU_HIN_004035,SRC_000003,1,1,1,1,1
RU_HIN_004036,SRC_000002,1,1,1,1,1
RU_HIN_004037,SRC_000004,0,0,0,0,0
RU_HIN_004038,SRC_000003,1,1,1,1,1
RU_HIN_004039,SRC_000003,1,1,1,1,1
RU_HIN_004040,SRC_000001,1,1,1,1,1
RU_HIN_004041,SRC_000001,1,1,1,1,1
RU_HIN_004042,SRC_000001,1,0,1,1,1
RU_HIN_004043,SRC_000002,1,1,1,1,1
RU_HIN_004044,SRC_000004,0,0,0,0,0
RU_HIN_004045,SRC_000001,1,1,1,1,1
RU_HIN_004046,SRC_000004,1,1,1,1,1
RU_HIN_004047,SRC_000001,1,1,1,1,1
RU_HIN_004048,SRC_000003,1,1,1,1,1
RU_HIN_004049,SRC_000002,0,0,0,0,0
RU_HIN_004050,SRC_000004,0,0,0,0,0
RU_HIN_004051,SRC_000003,1,1,1,1,1
RU_HIN_004052,SRC_000001,1,1,1,1,1
RU_HIN_004053,SRC_000002,1,1,1,1,1
RU_HIN_004054,SRC_000005,1,1,1,1,1
RU_HIN_004055,SRC_000004,1,1,1,1,1
RU_HIN_004056,SRC_000004,1,1,1,1,1
RU_HIN_004057,SRC_000005,1,1,1,1,1
RU_HIN_004058,SRC_000005,1,1,1,1,1
RU_HIN_004059,SRC_000001,1,1,1,1,1
RU_HIN_004060,SRC_000005,1,1,1,1,1
RU_HIN_004061,SRC_000001,1,1,1,1,1
RU_HIN_004062,SRC_000003,1,1,1,1,1
RU_HIN_004063,SRC_000004,1,1,1,1,1
RU_HIN_004064,SRC_000001,1,1,1,1,1
RU_HIN_004065,SRC_000003,1,1,1,1,1
RU_HIN_004066,SRC_000003,0,0,0,0,0
RU_HIN_004067,SRC_000003,1,1,1,1,1
RU_HIN_004068,SRC_000003,1,1,1,1,1
RU_HIN_004069,SRC_000004,0,0,0,0,0
RU_HIN_004070,SRC_000001,1,1,1,1,1
RU_HIN_004071,SRC_000005,1,1,1,1,1
RU_HIN_004072,SRC_000001,0,0,0,0,0
RU_HIN_004073,SRC_000003,1,1,1,1,1
RU_HIN_004074,SRC_000002,0,0,0,0,0
RU_HIN_004075,SRC_000005,1,1,1,1,1
RU_HIN_004076,SRC_000002,1,1,1,1,1
RU_HIN_004077,SRC_000004,1,1,1,1,1
RU_HIN_004078,SRC_000002,1,1,1,1,1
RU_HIN_004079,SRC_000004,1,1,1,1,1
RU_HIN_004080,SRC_000003,0,0,0,0,0
RU_HIN_004081,SRC_000001,1,1,1,1,1
RU_HIN_004082,SRC_000001,1,1,1,1,1
RU_HIN_004083,SRC_000002,1,1,1,1,1
RU_HIN_004084,SRC_000001,0,0,0,0,0
RU_HIN_004085,SRC_000001,0,0,0,0,0
RU_HIN_004086,SRC_000001,1,1,1,1,1
RU_HIN_004087,SRC_000003,1,1,1,1,1
RU_HIN_004088,SRC_000004,1,1,1,1,1
RU_HIN_004089,SRC_000001,0,0,0,0,0
RU_HIN_004090,SRC_000003,1,1,1,1,1
RU_HIN_004091,SRC_000005,1,1,1,1,1
RU_HIN_004092,SRC_000002,1,1,1,1,1
RU_HIN_004093,SRC_000002,0,0,0,0,0
RU_HIN_004094,SRC_000003,1,1,1,1,1
RU_HIN_004095,SRC_000004,0,0,0,0,0
RU_HIN_004096,SRC_000001,1,1,1,1,1
RU_HIN_004097,SRC_000002,0,0,0,0,0
RU_HIN_004098,SRC_000002,1,1,1,1,1
RU_HIN_004099,SRC_000005,1,1,1,1,1
RU_HIN_004100,SRC_000005,1,1,1,1,1
RU_HIN_004101,SRC_000001,1,1,1,1,1
RU_HIN_004102,SRC_000001,1,1,1,1,1
RU_HIN_004103,SRC_000003,1,1,1,1,1
RU_HIN_004104,SRC_000005,1,1,1,1,1
RU_HIN_004105,SRC_000004,1,1,1,1,1
RU_HIN_004106,SRC_000005,1,1,1,1,1
RU_HIN_004107,SRC_000002,1,1,1,1,1
RU_HIN_004108,SRC_000005,1,1,1,1,1
RU_HIN_004109,SRC_000005,0,0,0,0,0
RU_HIN_004110,SRC_000003,0,0,0,0,0
RU_HIN_004111,SRC_000002,1,1,1,1,1
RU_HIN_004112,SRC_000001,1,1,1,1,1
RU_HIN_004113,SRC_000003,1,1,1,1,1
RU_HIN_004114,SRC_000002,1,1,1,1,1
RU_HIN_004115,SRC_000004,1,1,1,1,1
RU_HIN_004116,SRC_000005,1,1,1,1,1
RU_HIN_004117,SRC_000005,1,1,1,1,1
RU_HIN_004118,SRC_000002,1,1,1,1,1
RU_HIN_004119,SRC_000001,1,1,1,1,1
RU_HIN_004120,SRC_000002,0,0,0,0,0
RU_HIN_004121,SRC_000004,1,1,1,1,1
RU_HIN_004122,SRC_000001,1,1,1,1,1
RU_HIN_004123,SRC_000002,1,1,1,1,1
RU_HIN_004124,SRC_000004,1,1,1,1,1
RU_HIN_004125,SRC_000001,1,1,1,1,1
RU_HIN_004126,SRC_000004,1,1,1,1,1
RU_HIN_004127,SRC_000005,1,1,1,1,1
RU_HIN_004128,SRC_000001,1,1,1,1,1
RU_HIN_004129,SRC_000001,1,1,1,1,1
RU_HIN_004130,SRC_000005,1,1,1,1,1
RU_HIN_004131,SRC_000001,1,1,1,1,1
RU_HIN_004132,SRC_000005,1,1,1,1,1
RU_HIN_004133,SRC_000001,0,0,0,0,0
RU_HIN_004134,SRC_000001,1,1,1,1,1
RU_HIN_004135,SRC_000003,0,0,0,0,0
RU_HIN_004136,SRC_000004,1,1,1,1,1
RU_HIN_004137,SRC_000001,1,1,1,1,1
RU_HIN_004138,SRC_000003,1,1,1,1,1
RU_HIN_004139,SRC_000003,1,1,1,1,1
RU_HIN_004140,SRC_000002,1,1,1,1,1
RU_HIN_004141,SRC_000002,1,1,1,1,1
RU_HIN_004142,SRC_000005,1,1,1,1,1
RU_HIN_004143,SRC_000002,1,1,1,1,1
RU_HIN_004144,SRC_000003,1,1,1,1,1
RU_HIN_004145,SRC_000002,1,1,1,1,1
RU_HIN_004146,SRC_000002,1,1,1,1,1
RU_HIN_004147,SRC_000004,1,0,1,1,1
RU_HIN_004148,SRC_000001,1,1,1,1,1
RU_HIN_004149,SRC_000002,1,1,1,1,1
RU_HIN_004150,SRC_000005,1,1,1,1,1
RU_HIN_004151,SRC_000002,1,1,1,1,1
RU_HIN_004152,SRC_000003,1,1,1,1,1
RU_HIN_004153,SRC_000003,1,1,1,1,1
RU_HIN_004154,SRC_000002,0,0,0,0,0
RU_HIN_004155,SRC_000002,1,1,1,1,1
RU_HIN_004156,SRC_000005,1,1,1,1,1
RU_HIN_004157,SRC_000003,0,0,0,0,0
RU_HIN_004158,SRC_000005,1,1,1,1,1
RU_HIN_004159,SRC_000004,1,1,1,1,1
RU_HIN_004160,SRC_000003,1,1,1,1,1
RU_HIN_004161,SRC_000003,1,1,1,1,1
RU_HIN_004162,SRC_000004,1,1,1,1,1
RU_HIN_004163,SRC_000004,0,0,0,0,0
RU_HIN_004164,SRC_000002,1,1,1,1,1
RU_HIN_004165,SRC_000001,1,1,1,1,1
RU_HIN_004166,SRC_000001,1,1,1,1,1
RU_HIN_004167,SRC_000002,0,0,0,0,0
RU_HIN_004168,SRC_000005,1,1,1,1,1
RU_HIN_004169,SRC_000001,1,1,1,1,1
RU_HIN_004170,SRC_000002,0,0,0,0,0
RU_HIN_004171,SRC_000001,1,1,1,1,1
RU_HIN_004172,SRC_000001,1,1,1,1,1
RU_HIN_004173,SRC_000005,1,1,1,1,1
RU_HIN_004174,SRC_000001,0,0,0,0,0
RU_HIN_004175,SRC_000002,0,0,0,0,0
RU_HIN_004176,SRC_000005,1,1,1,1,1
RU_HIN_004177,SRC_000001,0,0,0,0,0
RU_HIN_004178,SRC_000001,0,0,0,0,0
RU_HIN_004179,SRC_000002,1,1,1,1,1
RU_HIN_004180,SRC_000005,1,1,1,1,1
RU_HIN_004181,SRC_000003,0,0,0,0,0
RU_HIN_004182,SRC_000004,1,1,1,1,1
RU_HIN_004183,SRC_000001,1,1,1,1,1
RU_HIN_004184,SRC_000001,1,1,1,1,1
RU_HIN_004185,SRC_000002,0,0,0,0,0
RU_HIN_004186,SRC_000002,1,1,1,1,1
RU_HIN_004187,SRC_000002,1,1,1,1,1
RU_HIN_004188,SRC_000001,0,0,0,0,0
RU_HIN_004189,SRC_000003,0,0,0,0,0
RU_HIN_004190,SRC_000001,0,0,0,0,0
RU_HIN_004191,SRC_000005,1,1,1,1,1
RU_HIN_004192,SRC_000001,1,1,1,1,1
RU_HIN_004193,SRC_000002,1,1,1,1,1
RU_HIN_004194,SRC_000002,1,1,1,1,1
RU_HIN_004195,SRC_000005,0,0,0,0,0
RU_HIN_004196,SRC_000004,0,0,0,0,0
RU_HIN_004197,SRC_000001,1,0,1,1,1
RU_HIN_004198,SRC_000002,1,1,1,1,1
RU_HIN_004199,SRC_000002,0,0,0,0,0
RU_HIN_004200,SRC_000001,1,1,1,1,1
RU_HIN_004201,SRC_000003,1,1,1,1,1
RU_HIN_004202,SRC_000002,1,1,1,1,1
RU_HIN_004203,SRC_000004,1,1,1,1,1
RU_HIN_004204,SRC_000005,1,1,1,1,1
RU_HIN_004205,SRC_000004,1,1,1,1,1
RU_HIN_004206,SRC_000002,1,1,1,1,1
RU_HIN_004207,SRC_000005,1,1,1,1,1
RU_HIN_004208,SRC_000004,0,0,0,0,0
RU_HIN_004209,SRC_000001,1,1,1,1,1
RU_HIN_004210,SRC_000005,0,0,0,0,0
RU_HIN_004211,SRC_000004,1,1,1,1,1
RU_HIN_004212,SRC_000002,1,1,1,1,1
RU_HIN_004213,SRC_000005,1,0,1,1,1
RU_HIN_004214,SRC_000001,1,1,1,1,1
RU_HIN_004215,SRC_000003,0,0,0,0,0
RU_HIN_004216,SRC_000004,1,1,1,1,1
RU_HIN_004217,SRC_000002,1,1,1,1,1
RU_HIN_004218,SRC_000002,1,1,1,1,1
RU_HIN_004219,SRC_000005,1,1,1,1,1
RU_HIN_004220,SRC_000002,1,1,1,1,1
RU_HIN_004221,SRC_000002,1,1,1,1,1
RU_HIN_004222,SRC_000001,1,1,1,1,1
RU_HIN_004223,SRC_000003,1,1,1,1,1
RU_HIN_004224,SRC_000004,1,1,1,1,1
RU_HIN_004225,SRC_000001,1,1,1,1,1
RU_HIN_004226,SRC_000001,1,1,1,1,1
RU_HIN_004227,SRC_000005,0,0,0,0,0
RU_HIN_004228,SRC_000005,1,1,1,1,1
RU_HIN_004229,SRC_000004,1,1,1,1,1
RU_HIN_004230,SRC_000003,1,1,1,1,1
RU_HIN_004231,SRC_000003,1,1,1,1,1
RU_HIN_004232,SRC_000001,1,1,1,1,1
RU_HIN_004233,SRC_000001,1,1,1,1,1
RU_HIN_004234,SRC_000001,0,0,0,0,0
RU_HIN_004235,SRC_000003,1,1,1,1,1
RU_HIN_004236,SRC_000001,1,1,1,1,1
RU_HIN_004237,SRC_000003,1,1,1,1,1
RU_HIN_004238,SRC_000001,0,0,0,0,0
RU_HIN_004239,SRC_000001,1,1,1,1,1
RU_HIN_004240,SRC_000001,1,1,1,1,1
RU_HIN_004241,SRC_000002,1,1,1,1,1
RU_HIN_004242,SRC_000001,1,1,1,1,1
RU_HIN_004243,SRC_000004,1,1,1,1,1
RU_HIN_004244,SRC_000001,1,1,1,1,1
RU_HIN_004245,SRC_000002,1,1,1,1,1
RU_HIN_004246,SRC_000002,0,0,0,0,0
RU_HIN_004247,SRC_000002,1,1,1,1,1
RU_HIN_004248,SRC_000003,1,1,1,1,1
RU_HIN_004249,SRC_000005,1,1,1,1,1
RU_HIN_004250,SRC_000005,1,1,1,1,1
RU_HIN_004251,SRC_000005,1,1,1,1,1
RU_HIN_004252,SRC_000003,1,1,1,1,1
RU_HIN_004253,SRC_000002,1,1,1,1,1
RU_HIN_004254,SRC_000005,1,1,1,1,1
RU_HIN_004255,SRC_000004,1,1,1,1,1
RU_HIN_004256,SRC_000004,1,1,1,1,1
RU_HIN_004257,SRC_000002,1,1,1,1,1
RU_HIN_004258,SRC_000004,1,1,1,1,1
RU_HIN_004259,SRC_000004,1,1,1,1,1
RU_HIN_004260,SRC_000001,0,0,0,0,0
RU_HIN_004261,SRC_000003,1,1,1,1,1
RU_HIN_004262,SRC_000003,1,1,1,1,1
RU_HIN_004263,SRC_000003,1,1,1,1,1
RU_HIN_004264,SRC_000005,1,1,1,1,1
RU_HIN_004265,SRC_000004,1,1,1,1,1
RU_HIN_004266,SRC_000001,0,0,0,0,0
RU_HIN_004267,SRC_000003,1,1,1,1,1
RU_HIN_004268,SRC_000003,1,1,1,1,1
RU_HIN_004269,SRC_000004,1,1,1,1,1
RU_HIN_004270,SRC_000001,1,1,1,1,1
RU_HIN_004271,SRC_000002,1,1,1,1,1
RU_HIN_004272,SRC_000005,0,0,0,0,0
RU_HIN_004273,SRC_000005,1,1,1,1,1
RU_HIN_004274,SRC_000004,1,1,1,1,1
RU_HIN_004275,SRC_000003,0,0,0,0,0
RU_HIN_004276,SRC_000003,0,0,0,0,0
RU_HIN_004277,SRC_000005,1,1,1,1,1
RU_HIN_004278,SRC_000002,0,0,0,0,0
RU_HIN_004279,SRC_000005,1,1,1,1,1
RU_HIN_004280,SRC_000003,1,1,1,1,1
RU_HIN_004281,SRC_000002,1,1,1,1,1
RU_HIN_004282,SRC_000005,1,1,1,1,1
RU_HIN_004283,SRC_000005,0,0,0,0,0
RU_HIN_004284,SRC_000005,1,1,1,1,1
RU_HIN_004285,SRC_000001,1,1,1,1,1
RU_HIN_004286,SRC_000002,0,0,0,0,0
RU_HIN_004287,SRC_000003,0,0,0,0,0
RU_HIN_004288,SRC_000002,1,1,1,1,1
RU_HIN_004289,SRC_000003,0,0,0,0,0
RU_HIN_004290,SRC_000002,1,1,1,1,1
RU_HIN_004291,SRC_000003,1,1,1,1,1
RU_HIN_004292,SRC_000001,1,1,1,1,1
RU_HIN_004293,SRC_000001,1,1,1,1,1
RU_HIN_004294,SRC_000002,1,1,1,1,1
RU_HIN_004295,SRC_000004,1,1,1,1,1
RU_HIN_004296,SRC_000003,1,1,1,1,1
RU_HIN_004297,SRC_000005,1,1,1,1,1
RU_HIN_004298,SRC_000005,1,1,1,1,1
RU_HIN_004299,SRC_000003,1,1,1,1,1
RU_HIN_004300,SRC_000003,1,1,1,1,1
RU_HIN_004301,SRC_000002,1,1,1,1,1
RU_HIN_004302,SRC_000003,1,1,1,1,1
RU_HIN_004303,SRC_000002,0,0,0,0,0
RU_HIN_004304,SRC_000003,1,1,1,1,1
RU_HIN_004305,SRC_000002,1,1,1,1,1
RU_HIN_004306,SRC_000004,1,1,1,1,1
RU_HIN_004307,SRC_000001,1,1,1,1,1
RU_HIN_004308,SRC_000002,0,0,0,0,0
RU_HIN_004309,SRC_000001,0,0,0,0,0
RU_HIN_004310,SRC_000004,0,0,0,0,0
RU_HIN_004311,SRC_000003,1,1,1,1,1
RU_HIN_004312,SRC_000002,1,1,1,1,1
RU_HIN_004313,SRC_000003,1,1,1,1,1
RU_HIN_004314,SRC_000004,1,1,1,1,1
RU_HIN_004315,SRC_000002,1,1,1,1,1
RU_HIN_004316,SRC_000002,1,1,1,1,1
RU_HIN_004317,SRC_000004,1,1,1,1,1
RU_HIN_004318,SRC_000002,1,1,1,1,1
RU_HIN_004319,SRC_000003,1,1,1,1,1
RU_HIN_004320,SRC_000001,0,0,0,0,0
RU_HIN_004321,SRC_000001,0,0,0,0,0
RU_HIN_004322,SRC_000004,1,1,1,1,1
RU_HIN_004323,SRC_000001,1,1,1,1,1
RU_HIN_004324,SRC_000001,0,0,0,0,0
RU_HIN_004325,SRC_000005,0,0,0,0,0
RU_HIN_004326,SRC_000002,1,1,1,1,1
RU_HIN_004327,SRC_000002,1,1,1,1,1
RU_HIN_004328,SRC_000001,0,0,0,0,0
RU_HIN_004329,SRC_000001,1,1,1,1,1
RU_HIN_004330,SRC_000002,1,1,1,1,1
RU_HIN_004331,SRC_000004,1,1,1,1,1
RU_HIN_004332,SRC_000005,1,1,1,1,1
RU_HIN_004333,SRC_000004,0,0,0,0,0
RU_HIN_004334,SRC_000001,0,0,0,0,0
RU_HIN_004335,SRC_000002,1,1,1,1,1
RU_HIN_004336,SRC_000005,1,1,1,1,1
RU_HIN_004337,SRC_000004,1,1,1,1,1
RU_HIN_004338,SRC_000002,1,1,1,1,1
RU_HIN_004339,SRC_000004,1,1,1,1,1
RU_HIN_004340,SRC_000002,1,1,1,1,1
RU_HIN_004341,SRC_000005,0,0,0,0,0
RU_HIN_004342,SRC_000002,1,1,1,1,1
RU_HIN_004343,SRC_000005,1,1,1,1,1
RU_HIN_004344,SRC_000002,1,1,1,1,1
RU_HIN_004345,SRC_000005,1,1,1,1,1
RU_HIN_004346,SRC_000001,1,1,1,1,1
RU_HIN_004347,SRC_000002,1,1,1,1,1
RU_HIN_004348,SRC_000005,1,1,1,1,1
RU_HIN_004349,SRC_000005,1,1,1,1,1
RU_HIN_004350,SRC_000001,1,1,1,1,1
RU_HIN_004351,SRC_000003,1,1,1,1,1
RU_HIN_004352,SRC_000002,1,1,1,1,1
RU_HIN_004353,SRC_000002,1,1,1,1,1
RU_HIN_004354,SRC_000003,0,0,0,0,0
RU_HIN_004355,SRC_000004,0,0,0,0,0
RU_HIN_004356,SRC_000005,1,1,1,1,1
RU_HIN_004357,SRC_000003,0,0,0,0,0
RU_HIN_004358,SRC_000005,1,1,1,1,1
RU_HIN_004359,SRC_000003,1,1,1,1,1
RU_HIN_004360,SRC_000003,1,1,1,1,1
RU_HIN_004361,SRC_000005,1,1,1,1,1
RU_HIN_004362,SRC_000003,1,1,1,1,1
RU_HIN_004363,SRC_000004,1,1,1,1,1
RU_HIN_004364,SRC_000003,1,1,1,1,1
RU_HIN_004365,SRC_000004,1,1,1,1,1
RU_HIN_004366,SRC_000003,1,1,1,1,1
RU_HIN_004367,SRC_000004,1,1,1,1,1
RU_HIN_004368,SRC_000002,1,1,1,1,1
RU_HIN_004369,SRC_000005,1,1,1,1,1
RU_HIN_004370,SRC_000002,1,1,1,1,1
RU_HIN_004371,SRC_000005,1,1,1,1,1
RU_HIN_004372,SRC_000002,1,1,1,1,1
RU_HIN_004373,SRC_000002,1,1,1,1,1
RU_HIN_004374,SRC_000003,1,1,1,1,1
RU_HIN_004375,SRC_000002,1,1,1,1,1
RU_HIN_004376,SRC_000005,1,1,1,1,1
RU_HIN_004377,SRC_000002,0,0,0,0,0
RU_HIN_004378,SRC_000002,1,1,1,1,1
RU_HIN_004379,SRC_000003,1,1,1,1,1
RU_HIN_004380,SRC_000003,1,1,1,1,1
RU_HIN_004381,SRC_000004,1,1,1,1,1
RU_HIN_004382,SRC_000001,0,0,0,0,0
RU_HIN_004383,SRC_000005,1,1,1,1,1
RU_HIN_004384,SRC_000003,0,0,0,0,0
RU_HIN_004385,SRC_000001,0,0,0,0,0
RU_HIN_004386,SRC_000005,0,0,0,0,0
RU_HIN_004387,SRC_000005,1,1,1,1,1
RU_HIN_004388,SRC_000003,1,0,1,1,1
RU_HIN_004389,SRC_000004,0,0,0,0,0
RU_HIN_004390,SRC_000003,1,1,1,1,1
RU_HIN_004391,SRC_000002,1,1,1,1,1
RU_HIN_004392,SRC_000005,1,1,1,1,1
RU_HIN_004393,SRC_000002,1,1,1,1,1
RU_HIN_004394,SRC_000001,1,1,1,1,1
RU_HIN_004395,SRC_000002,1,1,1,1,1
RU_HIN_004396,SRC_000005,0,0,0,0,0
RU_HIN_004397,SRC_000005,1,1,1,1,1
RU_HIN_004398,SRC_000005,1,0,1,1,1
RU_HIN_004399,SRC_000005,1,1,1,1,1
RU_HIN_004400,SRC_000002,1,1,1,1,1
RU_HIN_004401,SRC_000002,1,1,1,1,1
RU_HIN_004402,SRC_000002,1,1,1,1,1
RU_HIN_004403,SRC_000002,1,1,1,1,1
RU_HIN_004404,SRC_000005,1,1,1,1,1
RU_HIN_004405,SRC_000003,1,1,1,1,1
RU_HIN_004406,SRC_000002,0,0,0,0,0
RU_HIN_004407,SRC_000001,1,1,1,1,1
RU_HIN_004408,SRC_000005,1,1,1,1,1
RU_HIN_004409,SRC_000004,1,1,1,1,1
RU_HIN_004410,SRC_000004,0,0,0,0,0
RU_HIN_004411,SRC_000005,0,0,0,0,0
RU_HIN_004412,SRC_000004,0,0,0,0,0
RU_HIN_004413,SRC_000002,1,1,1,1,1
RU_HIN_004414,SRC_000003,1,1,1,1,1
RU_HIN_004415,SRC_000004,1,1,1,1,1
RU_HIN_004416,SRC_000003,1,1,1,1,1
RU_HIN_004417,SRC_000002,1,1,1,1,1
RU_HIN_004418,SRC_000002,1,1,1,1,1
RU_HIN_004419,SRC_000005,1,1,1,1,1
RU_HIN_004420,SRC_000002,1,1,1,1,1
RU_HIN_004421,SRC_000004,1,1,1,1,1
RU_HIN_004422,SRC_000004,1,1,1,1,1
RU_HIN_004423,SRC_000003,1,1,1,1,1
RU_HIN_004424,SRC_000003,0,0,0,0,0
RU_HIN_004425,SRC_000002,1,1,1,1,1
RU_HIN_004426,SRC_000004,1,1,1,1,1
RU_HIN_004427,SRC_000004,0,0,0,0,0
RU_HIN_004428,SRC_000002,1,1,1,1,1
RU_HIN_004429,SRC_000004,1,1,1,1,1
RU_HIN_004430,SRC_000002,1,1,1,1,1
RU_HIN_004431,SRC_000004,1,1,1,1,1
RU_HIN_004432,SRC_000003,0,0,0,0,0
RU_HIN_004433,SRC_000003,1,1,1,1,1
RU_HIN_004434,SRC_000003,1,1,1,1,1
RU_HIN_004435,SRC_000001,1,1,1,1,1
RU_HIN_004436,SRC_000005,1,1,1,1,1
RU_HIN_004437,SRC_000005,1,1,1,1,1
RU_HIN_004438,SRC_000004,1,1,1,1,1
RU_HIN_004439,SRC_000005,1,1,1,1,1
RU_HIN_004440,SRC_000004,1,1,1,1,1
RU_HIN_004441,SRC_000003,1,1,1,1,1
RU_HIN_004442,SRC_000005,0,0,0,0,0
RU_HIN_004443,SRC_000004,1,1,1,1,1
RU_HIN_004444,SRC_000003,1,1,1,1,1
RU_HIN_004445,SRC_000003,1,1,1,1,1
RU_HIN_004446,SRC_000003,0,0,0,0,0
RU_HIN_004447,SRC_000005,0,0,0,0,0
RU_HIN_004448,SRC_000001,1,1,1,1,1
RU_HIN_004449,SRC_000001,1,1,1,1,1
RU_HIN_004450,SRC_000005,1,1,1,1,1
RU_HIN_004451,SRC_000005,0,0,0,0,0
RU_HIN_004452,SRC_000005,1,1,1,1,1
RU_HIN_004453,SRC_000001,1,1,1,1,1
RU_HIN_004454,SRC_000005,1,1,1,1,1
RU_HIN_004455,SRC_000003,1,0,1,1,1
RU_HIN_004456,SRC_000001,0,0,0,0,0
RU_HIN_004457,SRC_000001,1,1,1,1,1
RU_HIN_004458,SRC_000003,1,1,1,1,1
RU_HIN_004459,SRC_000005,1,1,1,1,1
RU_HIN_004460,SRC_000003,1,1,1,1,1
RU_HIN_004461,SRC_000002,1,0,1,1,1
RU_HIN_004462,SRC_000003,1,1,1,1,1
RU_HIN_004463,SRC_000004,0,0,0,0,0
RU_HIN_004464,SRC_000004,1,1,1,1,1
RU_HIN_004465,SRC_000001,0,0,0,0,0
RU_HIN_004466,SRC_000003,1,1,1,1,1
RU_HIN_004467,SRC_000003,0,0,0,0,0
RU_HIN_004468,SRC_000005,0,0,0,0,0
RU_HIN_004469,SRC_000003,1,1,1,1,1
RU_HIN_004470,SRC_000004,1,1,1,1,1
RU_HIN_004471,SRC_000002,1,1,1,1,1
RU_HIN_004472,SRC_000005,0,0,0,0,0
RU_HIN_004473,SRC_000004,1,1,1,1,1
RU_HIN_004474,SRC_000005,1,1,1,1,1
RU_HIN_004475,SRC_000003,0,0,0,0,0
RU_HIN_004476,SRC_000004,1,1,1,1,1
RU_HIN_004477,SRC_000005,1,1,1,1,1
RU_HIN_004478,SRC_000005,1,1,1,1,1
RU_HIN_004479,SRC_000001,1,1,1,1,1
RU_HIN_004480,SRC_000004,1,1,1,1,1
RU_HIN_004481,SRC_000003,1,1,1,1,1
RU_HIN_004482,SRC_000005,1,1,1,1,1
RU_HIN_004483,SRC_000002,1,1,1,1,1
RU_HIN_004484,SRC_000004,0,0,0,0,0
RU_HIN_004485,SRC_000004,1,1,1,1,1
RU_HIN_004486,SRC_000005,1,1,1,1,1
RU_HIN_004487,SRC_000003,1,1,1,1,1
RU_HIN_004488,SRC_000002,1,1,1,1,1
RU_HIN_004489,SRC_000003,1,1,1,1,1
RU_HIN_004490,SRC_000004,1,1,1,1,1
RU_HIN_004491,SRC_000004,1,1,1,1,1
RU_HIN_004492,SRC_000001,0,0,0,0,0
RU_HIN_004493,SRC_000001,1,1,1,1,1
RU_HIN_004494,SRC_000004,1,1,1,1,1
RU_HIN_004495,SRC_000003,1,1,1,1,1
RU_HIN_004496,SRC_000004,1,1,1,1,1
RU_HIN_004497,SRC_000004,1,1,1,1,1
RU_HIN_004498,SRC_000005,1,1,1,1,1
RU_HIN_004499,SRC_000002,1,1,1,1,1
RU_HIN_004500,SRC_000005,1,1,1,1,1
RU_HIN_004501,SRC_000002,1,1,1,1,1
RU_HIN_004502,SRC_000002,0,0,0,0,0
RU_HIN_004503,SRC_000005,1,1,1,1,1
RU_HIN_004504,SRC_000004,1,1,1,1,1
RU_HIN_004505,SRC_000001,0,0,0,0,0
RU_HIN_004506,SRC_000005,1,1,1,1,1
RU_HIN_004507,SRC_000004,1,1,1,1,1
RU_HIN_004508,SRC_000002,1,1,1,1,1
RU_HIN_004509,SRC_000003,1,1,1,1,1
RU_HIN_004510,SRC_000002,0,0,0,0,0
RU_HIN_004511,SRC_000001,1,1,1,1,1
RU_HIN_004512,SRC_000004,1,1,1,1,1
RU_HIN_004513,SRC_000004,1,1,1,1,1
RU_HIN_004514,SRC_000004,1,1,1,1,1
RU_HIN_004515,SRC_000001,1,1,1,1,1
RU_HIN_004516,SRC_000005,1,1,1,1,1
RU_HIN_004517,SRC_000004,1,0,1,1,1
RU_HIN_004518,SRC_000001,1,1,1,1,1
RU_HIN_004519,SRC_000001,1,1,1,1,1
RU_HIN_004520,SRC_000002,1,1,1,1,1
RU_HIN_004521,SRC_000003,1,1,1,1,1
RU_HIN_004522,SRC_000005,1,1,1,1,1
RU_HIN_004523,SRC_000002,1,1,1,1,1
RU_HIN_004524,SRC_000005,1,1,1,1,1
RU_HIN_004525,SRC_000003,1,1,1,1,1
RU_HIN_004526,SRC_000003,1,1,1,1,1
RU_HIN_004527,SRC_000002,0,0,0,0,0
RU_HIN_004528,SRC_000001,1,1,1,1,1
RU_HIN_004529,SRC_000005,1,1,1,1,1
RU_HIN_004530,SRC_000003,1,1,1,1,1
RU_HIN_004531,SRC_000004,0,0,0,0,0
RU_HIN_004532,SRC_000003,0,0,0,0,0
RU_HIN_004533,SRC_000002,1,1,1,1,1
RU_HIN_004534,SRC_000004,1,1,1,1,1
RU_HIN_004535,SRC_000002,1,1,1,1,1
RU_HIN_004536,SRC_000005,0,0,0,0,0
RU_HIN_004537,SRC_000002,1,0,1,1,1
RU_HIN_004538,SRC_000005,1,1,1,1,1
RU_HIN_004539,SRC_000001,1,1,1,1,1
RU_HIN_004540,SRC_000004,1,1,1,1,1
RU_HIN_004541,SRC_000002,0,0,0,0,0
RU_HIN_004542,SRC_000002,0,0,0,0,0
RU_HIN_004543,SRC_000001,0,0,0,0,0
RU_HIN_004544,SRC_000005,0,0,0,0,0
RU_HIN_004545,SRC_000004,1,1,1,1,1
RU_HIN_004546,SRC_000002,1,1,1,1,1
RU_HIN_004547,SRC_000005,0,0,0,0,0
RU_HIN_004548,SRC_000001,1,1,1,1,1
RU_HIN_004549,SRC_000002,1,0,1,1,1
RU_HIN_004550,SRC_000002,0,0,0,0,0
RU_HIN_004551,SRC_000002,1,1,1,1,1
RU_HIN_004552,SRC_000005,0,0,0,0,0
RU_HIN_004553,SRC_000005,1,1,1,1,1
RU_HIN_004554,SRC_000001,1,1,1,1,1
RU_HIN_004555,SRC_000004,0,0,0,0,0
RU_HIN_004556,SRC_000002,0,0,0,0,0
RU_HIN_004557,SRC_000004,1,1,1,1,1
RU_HIN_004558,SRC_000005,1,1,1,1,1
RU_HIN_004559,SRC_000002,1,1,1,1,1
RU_HIN_004560,SRC_000003,1,1,1,1,1
RU_HIN_004561,SRC_000003,1,1,1,1,1
RU_HIN_004562,SRC_000002,1,1,1,1,1
RU_HIN_004563,SRC_000002,1,1,1,1,1
RU_HIN_004564,SRC_000003,1,1,1,1,1
RU_HIN_004565,SRC_000004,1,1,1,1,1
RU_HIN_004566,SRC_000002,1,1,1,1,1
RU_HIN_004567,SRC_000002,1,1,1,1,1
RU_HIN_004568,SRC_000001,0,0,0,0,0
RU_HIN_004569,SRC_000005,1,1,1,1,1
RU_HIN_004570,SRC_000001,1,1,1,1,1
RU_HIN_004571,SRC_000001,1,1,1,1,1
RU_HIN_004572,SRC_000003,0,0,0,0,0
RU_HIN_004573,SRC_000003,0,0,0,0,0
RU_HIN_004574,SRC_000003,1,1,1,1,1
RU_HIN_004575,SRC_000004,1,1,1,1,1
RU_HIN_004576,SRC_000004,1,1,1,1,1
RU_HIN_004577,SRC_000003,1,1,1,1,1
RU_HIN_004578,SRC_000005,1,1,1,1,1
RU_HIN_004579,SRC_000005,1,1,1,1,1
RU_HIN_004580,SRC_000004,1,1,1,1,1
RU_HIN_004581,SRC_000002,1,1,1,1,1
RU_HIN_004582,SRC_000005,0,0,0,0,0
RU_HIN_004583,SRC_000003,0,0,0,0,0
RU_HIN_004584,SRC_000003,0,0,0,0,0
RU_HIN_004585,SRC_000002,1,1,1,1,1
RU_HIN_004586,SRC_000001,1,1,1,1,1
RU_HIN_004587,SRC_000005,0,0,0,0,0
RU_HIN_004588,SRC_000003,0,0,0,0,0
RU_HIN_004589,SRC_000002,0,0,0,0,0
RU_HIN_004590,SRC_000005,1,1,1,1,1
RU_HIN_004591,SRC_000004,1,1,1,1,1
RU_HIN_004592,SRC_000002,1,1,1,1,1
RU_HIN_004593,SRC_000004,1,1,1,1,1
RU_HIN_004594,SRC_000002,1,1,1,1,1
RU_HIN_004595,SRC_000001,1,1,1,1,1
RU_HIN_004596,SRC_000002,1,1,1,1,1
RU_HIN_004597,SRC_000003,1,0,1,1,1
RU_HIN_004598,SRC_000001,0,0,0,0,0
RU_HIN_004599,SRC_000001,1,1,1,1,1
RU_HIN_004600,SRC_000004,1,1,1,1,1
RU_HIN_004601,SRC_000001,1,1,1,1,1
RU_HIN_004602,SRC_000005,1,1,1,1,1
RU_HIN_004603,SRC_000003,1,1,1,1,1
RU_HIN_004604,SRC_000005,1,1,1,1,1
RU_HIN_004605,SRC_000005,1,1,1,1,1
RU_HIN_004606,SRC_000003,1,1,1,1,1
RU_HIN_004607,SRC_000005,1,1,1,1,1
RU_HIN_004608,SRC_000004,0,0,0,0,0
RU_HIN_004609,SRC_000002,1,1,1,1,1
RU_HIN_004610,SRC_000003,1,1,1,1,1
RU_HIN_004611,SRC_000002,1,1,1,1,1
RU_HIN_004612,SRC_000005,1,1,1,1,1
RU_HIN_004613,SRC_000005,1,1,1,1,1
RU_HIN_004614,SRC_000001,1,1,1,1,1
RU_HIN_004615,SRC_000002,0,0,0,0,0
RU_HIN_004616,SRC_000001,1,1,1,1,1
RU_HIN_004617,SRC_000004,1,1,1,1,1
RU_HIN_004618,SRC_000004,1,1,1,1,1
RU_HIN_004619,SRC_000004,1,1,1,1,1
RU_HIN_004620,SRC_000001,1,1,1,1,1
RU_HIN_004621,SRC_000001,0,0,0,0,0
RU_HIN_004622,SRC_000005,1,1,1,1,1
RU_HIN_004623,SRC_000004,1,1,1,1,1
RU_HIN_004624,SRC_000005,1,1,1,1,1
RU_HIN_004625,SRC_000004,1,1,1,1,1
RU_HIN_004626,SRC_000003,0,0,0,0,0
RU_HIN_004627,SRC_000004,1,0,1,1,1
RU_HIN_004628,SRC_000005,1,1,1,1,1
RU_HIN_004629,SRC_000001,1,1,1,1,1
RU_HIN_004630,SRC_000001,0,0,0,0,0
RU_HIN_004631,SRC_000003,1,1,1,1,1
RU_HIN_004632,SRC_000004,1,1,1,1,1
RU_HIN_004633,SRC_000005,0,0,0,0,0
RU_HIN_004634,SRC_000001,1,1,1,1,1
RU_HIN_004635,SRC_000002,1,1,1,1,1
RU_HIN_004636,SRC_000002,1,1,1,1,1
RU_HIN_004637,SRC_000001,0,0,0,0,0
RU_HIN_004638,SRC_000001,1,1,1,1,1
RU_HIN_004639,SRC_000005,1,0,1,1,1
RU_HIN_004640,SRC_000002,0,0,0,0,0
RU_HIN_004641,SRC_000005,1,1,1,1,1
RU_HIN_004642,SRC_000001,1,1,1,1,1
RU_HIN_004643,SRC_000005,0,0,0,0,0
RU_HIN_004644,SRC_000004,0,0,0,0,0
RU_HIN_004645,SRC_000005,0,0,0,0,0
RU_HIN_004646,SRC_000005,0,0,0,0,0
RU_HIN_004647,SRC_000004,1,1,1,1,1
RU_HIN_004648,SRC_000001,1,1,1,1,1
RU_HIN_004649,SRC_000003,1,1,1,1,1
RU_HIN_004650,SRC_000005,1,0,1,1,1
RU_HIN_004651,SRC_000005,1,1,1,1,1
RU_HIN_004652,SRC_000004,1,1,1,1,1
RU_HIN_004653,SRC_000005,1,1,1,1,1
RU_HIN_004654,SRC_000003,1,1,1,1,1
RU_HIN_004655,SRC_000004,1,1,1,1,1
RU_HIN_004656,SRC_000002,1,1,1,1,1
RU_HIN_004657,SRC_000003,1,1,1,1,1
RU_HIN_004658,SRC_000001,1,1,1,1,1
RU_HIN_004659,SRC_000002,1,1,1,1,1
RU_HIN_004660,SRC_000002,1,1,1,1,1
RU_HIN_004661,SRC_000005,1,1,1,1,1
RU_HIN_004662,SRC_000004,1,1,1,1,1
RU_HIN_004663,SRC_000001,1,1,1,1,1
RU_HIN_004664,SRC_000003,1,1,1,1,1
RU_HIN_004665,SRC_000005,1,1,1,1,1
RU_HIN_004666,SRC_000002,1,1,1,1,1
RU_HIN_004667,SRC_000005,1,1,1,1,1
RU_HIN_004668,SRC_000005,1,1,1,1,1
RU_HIN_004669,SRC_000005,0,0,0,0,0
RU_HIN_004670,SRC_000004,1,1,1,1,1
RU_HIN_004671,SRC_000001,0,0,0,0,0
RU_HIN_004672,SRC_000005,1,1,1,1,1
RU_HIN_004673,SRC_000001,1,1,1,1,1
RU_HIN_004674,SRC_000001,1,1,1,1,1
RU_HIN_004675,SRC_000001,1,1,1,1,1
RU_HIN_004676,SRC_000003,1,1,1,1,1
RU_HIN_004677,SRC_000001,1,1,1,1,1
RU_HIN_004678,SRC_000003,1,1,1,1,1
RU_HIN_004679,SRC_000004,1,1,1,1,1
RU_HIN_004680,SRC_000005,1,1,1,1,1
RU_HIN_004681,SRC_000003,1,1,1,1,1
RU_HIN_004682,SRC_000001,1,1,1,1,1
RU_HIN_004683,SRC_000001,1,1,1,1,1
RU_HIN_004684,SRC_000005,0,0,0,0,0
RU_HIN_004685,SRC_000004,0,0,0,0,0
RU_HIN_004686,SRC_000002,1,1,1,1,1
RU_HIN_004687,SRC_000001,1,1,1,1,1
RU_HIN_004688,SRC_000004,0,0,0,0,0
RU_HIN_004689,SRC_000002,1,1,1,1,1
RU_HIN_004690,SRC_000004,1,1,1,1,1
RU_HIN_004691,SRC_000005,1,1,1,1,1
RU_HIN_004692,SRC_000002,1,1,1,1,1
RU_HIN_004693,SRC_000001,1,1,1,1,1
RU_HIN_004694,SRC_000002,1,0,1,1,1
RU_HIN_004695,SRC_000005,1,1,1,1,1
RU_HIN_004696,SRC_000001,1,1,1,1,1
RU_HIN_004697,SRC_000001,1,1,1,1,1
RU_HIN_004698,SRC_000001,1,1,1,1,1
RU_HIN_004699,SRC_000001,1,1,1,1,1
RU_HIN_004700,SRC_000002,1,1,1,1,1
RU_HIN_004701,SRC_000003,1,1,1,1,1
RU_HIN_004702,SRC_000003,1,1,1,1,1
RU_HIN_004703,SRC_000003,1,0,1,1,1
RU_HIN_004704,SRC_000003,1,1,1,1,1
RU_HIN_004705,SRC_000002,1,0,1,1,1
RU_HIN_004706,SRC_000002,1,1,1,1,1
RU_HIN_004707,SRC_000005,1,1,1,1,1
RU_HIN_004708,SRC_000004,0,0,0,0,0
RU_HIN_004709,SRC_000002,1,1,1,1,1
RU_HIN_004710,SRC_000002,1,1,1,1,1
RU_HIN_004711,SRC_000004,1,1,1,1,1
RU_HIN_004712,SRC_000001,1,1,1,1,1
RU_HIN_004713,SRC_000002,1,1,1,1,1
RU_HIN_004714,SRC_000004,1,1,1,1,1
RU_HIN_004715,SRC_000004,0,0,0,0,0
RU_HIN_004716,SRC_000001,0,0,0,0,0
RU_HIN_004717,SRC_000004,0,0,0,0,0
RU_HIN_004718,SRC_000005,1,1,1,1,1
RU_HIN_004719,SRC_000002,1,1,1,1,1
RU_HIN_004720,SRC_000001,1,1,1,1,1
RU_HIN_004721,SRC_000003,1,1,1,1,1
RU_HIN_004722,SRC_000002,1,1,1,1,1
RU_HIN_004723,SRC_000003,1,1,1,1,1
RU_HIN_004724,SRC_000004,1,1,1,1,1
RU_HIN_004725,SRC_000001,0,0,0,0,0
RU_HIN_004726,SRC_000003,1,1,1,1,1
RU_HIN_004727,SRC_000003,1,1,1,1,1
RU_HIN_004728,SRC_000004,1,1,1,1,1
RU_HIN_004729,SRC_000001,1,1,1,1,1
RU_HIN_004730,SRC_000005,1,1,1,1,1
RU_HIN_004731,SRC_000002,0,0,0,0,0
RU_HIN_004732,SRC_000002,1,1,1,1,1
RU_HIN_004733,SRC_000005,1,1,1,1,1
RU_HIN_004734,SRC_000004,1,1,1,1,1
RU_HIN_004735,SRC_000003,1,1,1,1,1
RU_HIN_004736,SRC_000001,1,1,1,1,1
RU_HIN_004737,SRC_000002,0,0,0,0,0
RU_HIN_004738,SRC_000002,0,0,0,0,0
RU_HIN_004739,SRC_000004,1,1,1,1,1
RU_HIN_004740,SRC_000002,1,1,1,1,1
RU_HIN_004741,SRC_000001,1,1,1,1,1
RU_HIN_004742,SRC_000005,1,1,1,1,1
RU_HIN_004743,SRC_000001,1,1,1,1,1
RU_HIN_004744,SRC_000003,0,0,0,0,0
RU_HIN_004745,SRC_000001,1,1,1,1,1
RU_HIN_004746,SRC_000004,1,1,1,1,1
RU_HIN_004747,SRC_000001,0,0,0,0,0
RU_HIN_004748,SRC_000003,1,1,1,1,1
RU_HIN_004749,SRC_000005,1,1,1,1,1
RU_HIN_004750,SRC_000004,1,1,1,1,1
RU_HIN_004751,SRC_000001,1,1,1,1,1
RU_HIN_004752,SRC_000002,1,1,1,1,1
RU_HIN_004753,SRC_000004,1,1,1,1,1
RU_HIN_004754,SRC_000001,1,1,1,1,1
RU_HIN_004755,SRC_000001,1,1,1,1,1
RU_HIN_004756,SRC_000001,1,1,1,1,1
RU_HIN_004757,SRC_000004,1,1,1,1,1
RU_HIN_004758,SRC_000005,1,1,1,1,1
RU_HIN_004759,SRC_000004,0,0,0,0,0
RU_HIN_004760,SRC_000002,1,1,1,1,1
RU_HIN_004761,SRC_000004,1,1,1,1,1
RU_HIN_004762,SRC_000002,1,1,1,1,1
RU_HIN_004763,SRC_000004,1,1,1,1,1
RU_HIN_004764,SRC_000003,0,0,0,0,0
RU_HIN_004765,SRC_000002,1,1,1,1,1
RU_HIN_004766,SRC_000001,1,1,1,1,1
RU_HIN_004767,SRC_000004,1,1,1,1,1
RU_HIN_004768,SRC_000004,1,1,1,1,1
RU_HIN_004769,SRC_000003,1,1,1,1,1
RU_HIN_004770,SRC_000005,1,1,1,1,1
RU_HIN_004771,SRC_000003,1,1,1,1,1
RU_HIN_004772,SRC_000002,1,1,1,1,1
RU_HIN_004773,SRC_000002,1,1,1,1,1
RU_HIN_004774,SRC_000003,1,1,1,1,1
RU_HIN_004775,SRC_000005,1,1,1,1,1
RU_HIN_004776,SRC_000003,1,1,1,1,1
RU_HIN_004777,SRC_000003,1,1,1,1,1
RU_HIN_004778,SRC_000003,1,1,1,1,1
RU_HIN_004779,SRC_000001,1,1,1,1,1
RU_HIN_004780,SRC_000005,1,1,1,1,1
RU_HIN_004781,SRC_000002,1,1,1,1,1
RU_HIN_004782,SRC_000003,1,1,1,1,1
RU_HIN_004783,SRC_000001,0,0,0,0,0
RU_HIN_004784,SRC_000004,0,0,0,0,0
RU_HIN_004785,SRC_000004,0,0,0,0,0
RU_HIN_004786,SRC_000004,1,1,1,1,1
RU_HIN_004787,SRC_000003,0,0,0,0,0
RU_HIN_004788,SRC_000002,0,0,0,0,0
RU_HIN_004789,SRC_000004,0,0,0,0,0
RU_HIN_004790,SRC_000002,1,1,1,1,1
RU_HIN_004791,SRC_000001,1,1,1,1,1
RU_HIN_004792,SRC_000001,0,0,0,0,0
RU_HIN_004793,SRC_000002,1,1,1,1,1
RU_HIN_004794,SRC_000003,1,1,1,1,1
RU_HIN_004795,SRC_000004,1,1,1,1,1
RU_HIN_004796,SRC_000001,1,1,1,1,1
RU_HIN_004797,SRC_000001,1,1,1,1,1
RU_HIN_004798,SRC_000003,1,1,1,1,1
RU_HIN_004799,SRC_000001,1,1,1,1,1
RU_HIN_004800,SRC_000002,1,1,1,1,1
RU_HIN_004801,SRC_000003,0,0,0,0,0
RU_HIN_004802,SRC_000003,1,1,1,1,1
RU_HIN_004803,SRC_000001,1,1,1,1,1
RU_HIN_004804,SRC_000004,1,1,1,1,1
RU_HIN_004805,SRC_000002,1,1,1,1,1
RU_HIN_004806,SRC_000004,1,1,1,1,1
RU_HIN_004807,SRC_000004,0,0,0,0,0
RU_HIN_004808,SRC_000004,0,0,0,0,0
RU_HIN_004809,SRC_000002,1,1,1,1,1
RU_HIN_004810,SRC_000004,1,1,1,1,1
RU_HIN_004811,SRC_000005,1,1,1,1,1
RU_HIN_004812,SRC_000001,0,0,0,0,0
RU_HIN_004813,SRC_000005,1,0,1,1,1
RU_HIN_004814,SRC_000002,1,1,1,1,1
RU_HIN_004815,SRC_000002,1,1,1,1,1
RU_HIN_004816,SRC_000005,0,0,0,0,0
RU_HIN_004817,SRC_000002,1,1,1,1,1
RU_HIN_004818,SRC_000005,1,1,1,1,1
RU_HIN_004819,SRC_000003,1,1,1,1,1
RU_HIN_004820,SRC_000004,1,1,1,1,1
RU_HIN_004821,SRC_000003,1,1,1,1,1
RU_HIN_004822,SRC_000005,0,0,0,0,0
RU_HIN_004823,SRC_000003,0,0,0,0,0
RU_HIN_004824,SRC_000002,0,0,0,0,0
RU_HIN_004825,SRC_000004,1,1,1,1,1
RU_HIN_004826,SRC_000002,0,0,0,0,0
RU_HIN_004827,SRC_000001,0,0,0,0,0
RU_HIN_004828,SRC_000003,0,0,0,0,0
RU_HIN_004829,SRC_000001,1,1,1,1,1
RU_HIN_004830,SRC_000003,1,1,1,1,1
RU_HIN_004831,SRC_000003,0,0,0,0,0
RU_HIN_004832,SRC_000005,1,1,1,1,1
RU_HIN_004833,SRC_000001,1,1,1,1,1
RU_HIN_004834,SRC_000002,0,0,0,0,0
RU_HIN_004835,SRC_000002,0,0,0,0,0
RU_HIN_004836,SRC_000005,1,1,1,1,1
RU_HIN_004837,SRC_000004,1,1,1,1,1
RU_HIN_004838,SRC_000004,1,1,1,1,1
RU_HIN_004839,SRC_000004,0,0,0,0,0
RU_HIN_004840,SRC_000002,0,0,0,0,0
RU_HIN_004841,SRC_000001,1,1,1,1,1
RU_HIN_004842,SRC_000002,0,0,0,0,0
RU_HIN_004843,SRC_000003,1,1,1,1,1
RU_HIN_004844,SRC_000004,1,1,1,1,1
RU_HIN_004845,SRC_000002,1,1,1,1,1
RU_HIN_004846,SRC_000001,1,1,1,1,1
RU_HIN_004847,SRC_000001,0,0,0,0,0
RU_HIN_004848,SRC_000005,1,1,1,1,1
RU_HIN_004849,SRC_000005,1,1,1,1,1
RU_HIN_004850,SRC_000002,0,0,0,0,0
RU_HIN_004851,SRC_000001,1,1,1,1,1
RU_HIN_004852,SRC_000005,1,1,1,1,1
RU_HIN_004853,SRC_000004,1,1,1,1,1
RU_HIN_004854,SRC_000004,1,1,1,1,1
RU_HIN_004855,SRC_000002,1,1,1,1,1
RU_HIN_004856,SRC_000004,1,1,1,1,1
RU_HIN_004857,SRC_000001,0,0,0,0,0
RU_HIN_004858,SRC_000004,1,1,1,1,1
RU_HIN_004859,SRC_000001,1,0,1,1,1
RU_HIN_004860,SRC_000005,1,1,1,1,1
RU_HIN_004861,SRC_000003,1,1,1,1,1
RU_HIN_004862,SRC_000005,0,0,0,0,0
RU_HIN_004863,SRC_000002,1,1,1,1,1
RU_HIN_004864,SRC_000002,1,1,1,1,1
RU_HIN_004865,SRC_000003,1,1,1,1,1
RU_HIN_004866,SRC_000003,0,0,0,0,0
RU_HIN_004867,SRC_000001,0,0,0,0,0
RU_HIN_004868,SRC_000003,0,0,0,0,0
RU_HIN_004869,SRC_000001,0,0,0,0,0
RU_HIN_004870,SRC_000005,0,0,0,0,0
RU_HIN_004871,SRC_000002,1,1,1,1,1
RU_HIN_004872,SRC_000002,0,0,0,0,0
RU_HIN_004873,SRC_000002,1,1,1,1,1
RU_HIN_004874,SRC_000001,1,1,1,1,1
RU_HIN_004875,SRC_000002,0,0,0,0,0
RU_HIN_004876,SRC_000002,1,1,1,1,1
RU_HIN_004877,SRC_000004,0,0,0,0,0
RU_HIN_004878,SRC_000005,1,0,1,1,1
RU_HIN_004879,SRC_000002,1,1,1,1,1
RU_HIN_004880,SRC_000002,1,1,1,1,1
RU_HIN_004881,SRC_000003,1,1,1,1,1
RU_HIN_004882,SRC_000002,0,0,0,0,0
RU_HIN_004883,SRC_000001,1,1,1,1,1
RU_HIN_004884,SRC_000005,1,1,1,1,1
RU_HIN_004885,SRC_000004,1,1,1,1,1
RU_HIN_004886,SRC_000003,1,1,1,1,1
RU_HIN_004887,SRC_000003,1,1,1,1,1
RU_HIN_004888,SRC_000004,0,0,0,0,0
RU_HIN_004889,SRC_000001,1,1,1,1,1
RU_HIN_004890,SRC_000001,1,1,1,1,1
RU_HIN_004891,SRC_000005,1,1,1,1,1
RU_HIN_004892,SRC_000001,1,1,1,1,1
RU_HIN_004893,SRC_000003,1,1,1,1,1
RU_HIN_004894,SRC_000001,1,1,1,1,1
RU_HIN_004895,SRC_000002,1,1,1,1,1
RU_HIN_004896,SRC_000002,0,0,0,0,0
RU_HIN_004897,SRC_000004,0,0,0,0,0
RU_HIN_004898,SRC_000002,1,1,1,1,1
RU_HIN_004899,SRC_000003,1,1,1,1,1
RU_HIN_004900,SRC_000005,1,1,1,1,1
RU_HIN_004901,SRC_000003,0,0,0,0,0
RU_HIN_004902,SRC_000002,0,0,0,0,0
RU_HIN_004903,SRC_000005,1,1,1,1,1
RU_HIN_004904,SRC_000004,1,1,1,1,1
RU_HIN_004905,SRC_000002,1,1,1,1,1
RU_HIN_004906,SRC_000001,0,0,0,0,0
RU_HIN_004907,SRC_000003,1,1,1,1,1
RU_HIN_004908,SRC_000003,0,0,0,0,0
RU_HIN_004909,SRC_000005,1,1,1,1,1
RU_HIN_004910,SRC_000005,1,0,1,1,1
RU_HIN_004911,SRC_000004,0,0,0,0,0
RU_HIN_004912,SRC_000004,1,1,1,1,1
RU_HIN_004913,SRC_000004,1,1,1,1,1
RU_HIN_004914,SRC_000003,0,0,0,0,0
RU_HIN_004915,SRC_000003,0,0,0,0,0
RU_HIN_004916,SRC_000002,1,1,1,1,1
RU_HIN_004917,SRC_000001,1,1,1,1,1
RU_HIN_004918,SRC_000004,0,0,0,0,0
RU_HIN_004919,SRC_000004,1,1,1,1,1
RU_HIN_004920,SRC_000003,1,1,1,1,1
RU_HIN_004921,SRC_000002,0,0,0,0,0
RU_HIN_004922,SRC_000005,1,1,1,1,1
RU_HIN_004923,SRC_000005,1,1,1,1,1
RU_HIN_004924,SRC_000004,1,1,1,1,1
RU_HIN_004925,SRC_000003,0,0,0,0,0
RU_HIN_004926,SRC_000005,1,1,1,1,1
RU_HIN_004927,SRC_000004,1,1,1,1,1
RU_HIN_004928,SRC_000002,1,1,1,1,1
RU_HIN_004929,SRC_000002,1,1,1,1,1
RU_HIN_004930,SRC_000005,1,1,1,1,1
RU_HIN_004931,SRC_000001,0,0,0,0,0
RU_HIN_004932,SRC_000001,1,1,1,1,1
RU_HIN_004933,SRC_000002,1,1,1,1,1
RU_HIN_004934,SRC_000004,1,1,1,1,1
RU_HIN_004935,SRC_000004,0,0,0,0,0
RU_HIN_004936,SRC_000002,1,1,1,1,1
RU_HIN_004937,SRC_000001,1,1,1,1,1
RU_HIN_004938,SRC_000002,1,1,1,1,1
RU_HIN_004939,SRC_000002,1,1,1,1,1
RU_HIN_004940,SRC_000004,1,1,1,1,1
RU_HIN_004941,SRC_000001,1,1,1,1,1
RU_HIN_004942,SRC_000001,1,1,1,1,1
RU_HIN_004943,SRC_000002,1,1,1,1,1
RU_HIN_004944,SRC_000004,1,1,1,1,1
RU_HIN_004945,SRC_000004,1,1,1,1,1
RU_HIN_004946,SRC_000003,1,1,1,1,1
RU_HIN_004947,SRC_000004,1,1,1,1,1
RU_HIN_004948,SRC_000005,1,1,1,1,1
RU_HIN_004949,SRC_000005,1,1,1,1,1
RU_HIN_004950,SRC_000002,0,0,0,0,0
RU_HIN_004951,SRC_000002,1,1,1,1,1
RU_HIN_004952,SRC_000004,1,1,1,1,1
RU_HIN_004953,SRC_000003,1,1,1,1,1
RU_HIN_004954,SRC_000003,1,1,1,1,1
RU_HIN_004955,SRC_000003,0,0,0,0,0
RU_HIN_004956,SRC_000002,0,0,0,0,0
RU_HIN_004957,SRC_000004,1,1,1,1,1
RU_HIN_004958,SRC_000004,1,1,1,1,1
RU_HIN_004959,SRC_000003,1,1,1,1,1
RU_HIN_004960,SRC_000003,1,1,1,1,1
RU_HIN_004961,SRC_000003,0,0,0,0,0
RU_HIN_004962,SRC_000002,1,1,1,1,1
RU_HIN_004963,SRC_000003,1,1,1,1,1
RU_HIN_004964,SRC_000002,1,1,1,1,1
RU_HIN_004965,SRC_000004,1,1,1,1,1
RU_HIN_004966,SRC_000001,1,1,1,1,1
RU_HIN_004967,SRC_000002,1,1,1,1,1
RU_HIN_004968,SRC_000005,0,0,0,0,0
RU_HIN_004969,SRC_000004,0,0,0,0,0
RU_HIN_004970,SRC_000004,1,1,1,1,1
RU_HIN_004971,SRC_000003,1,1,1,1,1
RU_HIN_004972,SRC_000005,1,1,1,1,1
RU_HIN_004973,SRC_000004,0,0,0,0,0
RU_HIN_004974,SRC_000001,0,0,0,0,0
RU_HIN_004975,SRC_000003,1,1,1,1,1
RU_HIN_004976,SRC_000003,1,1,1,1,1
RU_HIN_004977,SRC_000003,1,1,1,1,1
RU_HIN_004978,SRC_000003,1,1,1,1,1
RU_HIN_004979,SRC_000001,1,1,1,1,1
RU_HIN_004980,SRC_000002,0,0,0,0,0
RU_HIN_004981,SRC_000001,0,0,0,0,0
RU_HIN_004982,SRC_000002,1,1,1,1,1
RU_HIN_004983,SRC_000003,1,1,1,1,1
RU_HIN_004984,SRC_000005,1,1,1,1,1
RU_HIN_004985,SRC_000005,1,1,1,1,1
RU_HIN_004986,SRC_000004,1,1,1,1,1
RU_HIN_004987,SRC_000005,1,1,1,1,1
RU_HIN_004988,SRC_000001,0,0,0,0,0
RU_HIN_004989,SRC_000003,0,0,0,0,0
RU_HIN_004990,SRC_000003,1,1,1,1,1
RU_HIN_004991,SRC_000004,1,1,1,1,1
RU_HIN_004992,SRC_000001,0,0,0,0,0
RU_HIN_004993,SRC_000004,1,1,1,1,1
RU_HIN_004994,SRC_000004,1,1,1,1,1
RU_HIN_004995,SRC_000002,1,1,1,1,1
RU_HIN_004996,SRC_000005,0,0,0,0,0
RU_HIN_004997,SRC_000005,1,1,1,1,1
RU_HIN_004998,SRC_000002,1,1,1,1,1
RU_HIN_004999,SRC_000004,1,1,1,1,1
RU_HIN_005000,SRC_000005,1,1,1,1,1
RU_HIN_005001,SRC_000005,1,1,1,1,1
RU_HIN_005002,SRC_000002,1,1,1,1,1
RU_HIN_005003,SRC_000003,0,0,0,0,0
RU_HIN_005004,SRC_000004,1,1,1,1,1
RU_HIN_005005,SRC_000002,1,1,1,1,1
RU_HIN_005006,SRC_000001,1,1,1,1,1
RU_HIN_005007,SRC_000002,0,0,0,0,0
RU_HIN_005008,SRC_000002,1,1,1,1,1
RU_HIN_005009,SRC_000005,1,1,1,1,1
RU_HIN_005010,SRC_000004,1,1,1,1,1
RU_HIN_005011,SRC_000001,0,0,0,0,0
RU_HIN_005012,SRC_000001,1,1,1,1,1
RU_HIN_005013,SRC_000002,1,1,1,1,1
RU_HIN_005014,SRC_000002,0,0,0,0,0
RU_HIN_005015,SRC_000004,0,0,0,0,0
RU_HIN_005016,SRC_000003,1,1,1,1,1
RU_HIN_005017,SRC_000001,1,1,1,1,1
RU_HIN_005018,SRC_000001,1,1,1,1,1
RU_HIN_005019,SRC_000002,0,0,0,0,0
RU_HIN_005020,SRC_000003,0,0,0,0,0
RU_HIN_005021,SRC_000001,0,0,0,0,0
RU_HIN_005022,SRC_000002,1,1,1,1,1
RU_HIN_005023,SRC_000002,1,1,1,1,1
RU_HIN_005024,SRC_000001,1,1,1,1,1
RU_HIN_005025,SRC_000001,1,1,1,1,1
RU_HIN_005026,SRC_000002,1,1,1,1,1
RU_HIN_005027,SRC_000005,1,1,1,1,1
RU_HIN_005028,SRC_000005,1,1,1,1,1
RU_HIN_005029,SRC_000002,0,0,0,0,0
RU_HIN_005030,SRC_000003,1,1,1,1,1
RU_HIN_005031,SRC_000002,1,1,1,1,1
RU_HIN_005032,SRC_000001,1,1,1,1,1
RU_HIN_005033,SRC_000002,1,1,1,1,1
RU_HIN_005034,SRC_000004,1,1,1,1,1
RU_HIN_005035,SRC_000002,1,1,1,1,1
RU_HIN_005036,SRC_000005,1,1,1,1,1
RU_HIN_005037,SRC_000001,1,1,1,1,1
RU_HIN_005038,SRC_000002,1,1,1,1,1
RU_HIN_005039,SRC_000003,1,1,1,1,1
RU_HIN_005040,SRC_000004,1,1,1,1,1
RU_HIN_005041,SRC_000005,0,0,0,0,0
RU_HIN_005042,SRC_000001,0,0,0,0,0
RU_HIN_005043,SRC_000005,1,1,1,1,1
RU_HIN_005044,SRC_000002,1,1,1,1,1
RU_HIN_005045,SRC_000002,1,0,1,1,1
RU_HIN_005046,SRC_000004,1,1,1,1,1
RU_HIN_005047,SRC_000005,1,1,1,1,1
RU_HIN_005048,SRC_000003,1,1,1,1,1
RU_HIN_005049,SRC_000002,0,0,0,0,0
RU_HIN_005050,SRC_000002,1,1,1,1,1
RU_HIN_005051,SRC_000004,1,1,1,1,1
RU_HIN_005052,SRC_000004,1,1,1,1,1
RU_HIN_005053,SRC_000005,1,1,1,1,1
RU_HIN_005054,SRC_000005,0,0,0,0,0
RU_HIN_005055,SRC_000002,0,0,0,0,0
RU_HIN_005056,SRC_000005,1,1,1,1,1
RU_HIN_005057,SRC_000005,1,1,1,1,1
RU_HIN_005058,SRC_000005,1,1,1,1,1
RU_HIN_005059,SRC_000003,1,1,1,1,1
RU_HIN_005060,SRC_000005,0,0,0,0,0
RU_HIN_005061,SRC_000003,1,1,1,1,1
RU_HIN_005062,SRC_000001,1,0,1,1,1
RU_HIN_005063,SRC_000001,1,1,1,1,1
RU_HIN_005064,SRC_000003,1,1,1,1,1
RU_HIN_005065,SRC_000002,1,1,1,1,1
RU_HIN_005066,SRC_000002,0,0,0,0,0
RU_HIN_005067,SRC_000002,1,1,1,1,1
RU_HIN_005068,SRC_000005,1,1,1,1,1
RU_HIN_005069,SRC_000001,1,1,1,1,1
RU_HIN_005070,SRC_000003,1,1,1,1,1
RU_HIN_005071,SRC_000002,0,0,0,0,0
RU_HIN_005072,SRC_000002,1,1,1,1,1
RU_HIN_005073,SRC_000002,1,1,1,1,1
RU_HIN_005074,SRC_000004,0,0,0,0,0
RU_HIN_005075,SRC_000003,0,0,0,0,0
RU_HIN_005076,SRC_000005,0,0,0,0,0
RU_HIN_005077,SRC_000003,1,1,1,1,1
RU_HIN_005078,SRC_000004,1,1,1,1,1
RU_HIN_005079,SRC_000005,1,1,1,1,1
RU_HIN_005080,SRC_000003,1,1,1,1,1
RU_HIN_005081,SRC_000003,0,0,0,0,0
RU_HIN_005082,SRC_000004,1,1,1,1,1
RU_HIN_005083,SRC_000002,1,1,1,1,1
RU_HIN_005084,SRC_000005,0,0,0,0,0
RU_HIN_005085,SRC_000001,1,1,1,1,1
RU_HIN_005086,SRC_000002,1,1,1,1,1
RU_HIN_005087,SRC_000002,1,1,1,1,1
RU_HIN_005088,SRC_000002,1,1,1,1,1
RU_HIN_005089,SRC_000002,1,1,1,1,1
RU_HIN_005090,SRC_000001,1,1,1,1,1
RU_HIN_005091,SRC_000003,0,0,0,0,0
RU_HIN_005092,SRC_000005,1,1,1,1,1
RU_HIN_005093,SRC_000004,1,1,1,1,1
RU_HIN_005094,SRC_000002,1,1,1,1,1
RU_HIN_005095,SRC_000004,1,1,1,1,1
RU_HIN_005096,SRC_000001,1,1,1,1,1
RU_HIN_005097,SRC_000004,1,1,1,1,1
RU_HIN_005098,SRC_000005,1,1,1,1,1
RU_HIN_005099,SRC_000002,1,1,1,1,1
RU_HIN_005100,SRC_000003,1,1,1,1,1
RU_HIN_005101,SRC_000001,1,1,1,1,1
RU_HIN_005102,SRC_000004,1,1,1,1,1
RU_HIN_005103,SRC_000003,1,1,1,1,1
RU_HIN_005104,SRC_000001,1,1,1,1,1
RU_HIN_005105,SRC_000001,1,1,1,1,1
RU_HIN_005106,SRC_000003,0,0,0,0,0
RU_HIN_005107,SRC_000003,1,0,1,1,1
RU_HIN_005108,SRC_000005,1,1,1,1,1
RU_HIN_005109,SRC_000005,1,1,1,1,1
RU_HIN_005110,SRC_000002,1,1,1,1,1
RU_HIN_005111,SRC_000003,1,1,1,1,1
RU_HIN_005112,SRC_000001,1,1,1,1,1
RU_HIN_005113,SRC_000004,1,1,1,1,1
RU_HIN_005114,SRC_000004,1,1,1,1,1
RU_HIN_005115,SRC_000002,1,1,1,1,1
RU_HIN_005116,SRC_000001,1,1,1,1,1
RU_HIN_005117,SRC_000003,1,1,1,1,1
RU_HIN_005118,SRC_000004,1,1,1,1,1
RU_HIN_005119,SRC_000005,1,1,1,1,1
RU_HIN_005120,SRC_000005,1,1,1,1,1
RU_HIN_005121,SRC_000001,1,1,1,1,1
RU_HIN_005122,SRC_000004,1,1,1,1,1
RU_HIN_005123,SRC_000003,1,1,1,1,1
RU_HIN_005124,SRC_000002,1,1,1,1,1
RU_HIN_005125,SRC_000004,1,1,1,1,1
RU_HIN_005126,SRC_000002,1,1,1,1,1
RU_HIN_005127,SRC_000004,1,1,1,1,1
RU_HIN_005128,SRC_000003,1,1,1,1,1
RU_HIN_005129,SRC_000001,1,1,1,1,1
RU_HIN_005130,SRC_000002,1,1,1,1,1
RU_HIN_005131,SRC_000004,1,1,1,1,1
RU_HIN_005132,SRC_000002,1,1,1,1,1
RU_HIN_005133,SRC_000004,0,0,0,0,0
RU_HIN_005134,SRC_000003,0,0,0,0,0
RU_HIN_005135,SRC_000001,1,1,1,1,1
RU_HIN_005136,SRC_000004,1,1,1,1,1
RU_HIN_005137,SRC_000002,1,1,1,1,1
RU_HIN_005138,SRC_000002,1,1,1,1,1
RU_HIN_005139,SRC_000001,1,1,1,1,1
RU_HIN_005140,SRC_000002,0,0,0,0,0
RU_HIN_005141,SRC_000001,1,1,1,1,1
RU_HIN_005142,SRC_000004,0,0,0,0,0
RU_HIN_005143,SRC_000005,1,1,1,1,1
RU_HIN_005144,SRC_000001,1,1,1,1,1
RU_HIN_005145,SRC_000002,1,1,1,1,1
RU_HIN_005146,SRC_000001,1,1,1,1,1
RU_HIN_005147,SRC_000002,0,0,0,0,0
RU_HIN_005148,SRC_000004,1,1,1,1,1
RU_HIN_005149,SRC_000005,0,0,0,0,0
RU_HIN_005150,SRC_000001,1,1,1,1,1
RU_HIN_005151,SRC_000002,1,1,1,1,1
RU_HIN_005152,SRC_000003,0,0,0,0,0
RU_HIN_005153,SRC_000005,1,1,1,1,1
RU_HIN_005154,SRC_000005,1,1,1,1,1
RU_HIN_005155,SRC_000002,1,1,1,1,1
RU_HIN_005156,SRC_000005,1,1,1,1,1
RU_HIN_005157,SRC_000003,1,1,1,1,1
RU_HIN_005158,SRC_000004,1,1,1,1,1
RU_HIN_005159,SRC_000003,1,1,1,1,1
RU_HIN_005160,SRC_000003,1,1,1,1,1
RU_HIN_005161,SRC_000004,0,0,0,0,0
RU_HIN_005162,SRC_000003,1,1,1,1,1
RU_HIN_005163,SRC_000003,0,0,0,0,0
RU_HIN_005164,SRC_000004,1,1,1,1,1
RU_HIN_005165,SRC_000003,1,1,1,1,1
RU_HIN_005166,SRC_000002,1,1,1,1,1
RU_HIN_005167,SRC_000001,1,1,1,1,1
RU_HIN_005168,SRC_000004,1,1,1,1,1
RU_HIN_005169,SRC_000001,1,1,1,1,1
RU_HIN_005170,SRC_000001,1,1,1,1,1
RU_HIN_005171,SRC_000004,1,1,1,1,1
RU_HIN_005172,SRC_000003,1,1,1,1,1
RU_HIN_005173,SRC_000004,1,1,1,1,1
RU_HIN_005174,SRC_000005,1,1,1,1,1
RU_HIN_005175,SRC_000003,1,1,1,1,1
RU_HIN_005176,SRC_000003,0,0,0,0,0
RU_HIN_005177,SRC_000002,1,1,1,1,1
RU_HIN_005178,SRC_000005,1,1,1,1,1
RU_HIN_005179,SRC_000004,0,0,0,0,0
RU_HIN_005180,SRC_000004,0,0,0,0,0
RU_HIN_005181,SRC_000005,1,1,1,1,1
RU_HIN_005182,SRC_000001,1,1,1,1,1
RU_HIN_005183,SRC_000003,1,1,1,1,1
RU_HIN_005184,SRC_000002,1,1,1,1,1
RU_HIN_005185,SRC_000002,1,1,1,1,1
RU_HIN_005186,SRC_000003,1,1,1,1,1
RU_HIN_005187,SRC_000002,0,0,0,0,0
RU_HIN_005188,SRC_000004,0,0,0,0,0
RU_HIN_005189,SRC_000002,1,1,1,1,1
RU_HIN_005190,SRC_000005,1,1,1,1,1
RU_HIN_005191,SRC_000002,1,1,1,1,1
RU_HIN_005192,SRC_000005,1,1,1,1,1
RU_HIN_005193,SRC_000004,1,1,1,1,1
RU_HIN_005194,SRC_000003,1,1,1,1,1
RU_HIN_005195,SRC_000001,1,1,1,1,1
RU_HIN_005196,SRC_000001,1,1,1,1,1
RU_HIN_005197,SRC_000003,1,1,1,1,1
RU_HIN_005198,SRC_000001,1,1,1,1,1
RU_HIN_005199,SRC_000005,1,1,1,1,1
RU_HIN_005200,SRC_000004,1,0,1,1,1
RU_HIN_005201,SRC_000002,0,0,0,0,0
RU_HIN_005202,SRC_000002,1,1,1,1,1
RU_HIN_005203,SRC_000002,0,0,0,0,0
RU_HIN_005204,SRC_000005,1,0,1,1,1
RU_HIN_005205,SRC_000004,1,1,1,1,1
RU_HIN_005206,SRC_000001,1,1,1,1,1
RU_HIN_005207,SRC_000004,1,1,1,1,1
RU_HIN_005208,SRC_000005,0,0,0,0,0
RU_HIN_005209,SRC_000003,1,1,1,1,1
RU_HIN_005210,SRC_000004,1,1,1,1,1
RU_HIN_005211,SRC_000004,1,1,1,1,1
RU_HIN_005212,SRC_000003,1,1,1,1,1
RU_HIN_005213,SRC_000002,1,1,1,1,1
RU_HIN_005214,SRC_000002,0,0,0,0,0
RU_HIN_005215,SRC_000004,0,0,0,0,0
RU_HIN_005216,SRC_000003,0,0,0,0,0
RU_HIN_005217,SRC_000003,1,1,1,1,1
RU_HIN_005218,SRC_000004,1,1,1,1,1
RU_HIN_005219,SRC_000005,1,1,1,1,1
RU_HIN_005220,SRC_000005,1,1,1,1,1
RU_HIN_005221,SRC_000001,1,1,1,1,1
RU_HIN_005222,SRC_000005,1,1,1,1,1
RU_HIN_005223,SRC_000001,1,1,1,1,1
RU_HIN_005224,SRC_000004,1,1,1,1,1
RU_HIN_005225,SRC_000002,1,1,1,1,1
RU_HIN_005226,SRC_000002,1,1,1,1,1
RU_HIN_005227,SRC_000001,1,1,1,1,1
RU_HIN_005228,SRC_000003,1,1,1,1,1
RU_HIN_005229,SRC_000004,0,0,0,0,0
RU_HIN_005230,SRC_000002,0,0,0,0,0
RU_HIN_005231,SRC_000003,1,1,1,1,1
RU_HIN_005232,SRC_000004,1,1,1,1,1
RU_HIN_005233,SRC_000005,1,1,1,1,1
RU_HIN_005234,SRC_000004,1,1,1,1,1
RU_HIN_005235,SRC_000003,1,1,1,1,1
RU_HIN_005236,SRC_000004,1,1,1,1,1
RU_HIN_005237,SRC_000002,1,1,1,1,1
RU_HIN_005238,SRC_000003,0,0,0,0,0
RU_HIN_005239,SRC_000005,1,0,1,1,1
RU_HIN_005240,SRC_000004,0,0,0,0,0
RU_HIN_005241,SRC_000005,1,1,1,1,1
RU_HIN_005242,SRC_000004,0,0,0,0,0
RU_HIN_005243,SRC_000001,0,0,0,0,0
RU_HIN_005244,SRC_000002,1,1,1,1,1
RU_HIN_005245,SRC_000005,1,1,1,1,1
RU_HIN_005246,SRC_000001,1,1,1,1,1
RU_HIN_005247,SRC_000004,1,1,1,1,1
RU_HIN_005248,SRC_000004,1,1,1,1,1
RU_HIN_005249,SRC_000004,0,0,0,0,0
RU_HIN_005250,SRC_000003,0,0,0,0,0
RU_HIN_005251,SRC_000002,1,1,1,1,1
RU_HIN_005252,SRC_000001,1,1,1,1,1
RU_HIN_005253,SRC_000005,0,0,0,0,0
RU_HIN_005254,SRC_000003,1,1,1,1,1
RU_HIN_005255,SRC_000004,1,1,1,1,1
RU_HIN_005256,SRC_000002,0,0,0,0,0
RU_HIN_005257,SRC_000005,1,1,1,1,1
RU_HIN_005258,SRC_000002,1,1,1,1,1
RU_HIN_005259,SRC_000004,1,1,1,1,1
RU_HIN_005260,SRC_000004,1,1,1,1,1
RU_HIN_005261,SRC_000002,1,1,1,1,1
RU_HIN_005262,SRC_000002,1,1,1,1,1
RU_HIN_005263,SRC_000002,0,0,0,0,0
RU_HIN_005264,SRC_000001,1,1,1,1,1
RU_HIN_005265,SRC_000005,0,0,0,0,0
RU_HIN_005266,SRC_000003,1,1,1,1,1
RU_HIN_005267,SRC_000001,1,1,1,1,1
RU_HIN_005268,SRC_000004,0,0,0,0,0
RU_HIN_005269,SRC_000002,1,1,1,1,1
RU_HIN_005270,SRC_000004,1,1,1,1,1
RU_HIN_005271,SRC_000003,1,1,1,1,1
RU_HIN_005272,SRC_000004,1,0,1,1,1
RU_HIN_005273,SRC_000005,1,1,1,1,1
RU_HIN_005274,SRC_000003,1,1,1,1,1
RU_HIN_005275,SRC_000005,1,1,1,1,1
RU_HIN_005276,SRC_000002,1,1,1,1,1
RU_HIN_005277,SRC_000001,1,1,1,1,1
RU_HIN_005278,SRC_000005,1,0,1,1,1
RU_HIN_005279,SRC_000003,1,1,1,1,1
RU_HIN_005280,SRC_000002,1,1,1,1,1
RU_HIN_005281,SRC_000005,1,1,1,1,1
RU_HIN_005282,SRC_000003,1,1,1,1,1
RU_HIN_005283,SRC_000003,1,1,1,1,1
RU_HIN_005284,SRC_000004,1,1,1,1,1
RU_HIN_005285,SRC_000001,1,1,1,1,1
RU_HIN_005286,SRC_000003,1,1,1,1,1
RU_HIN_005287,SRC_000005,1,1,1,1,1
RU_HIN_005288,SRC_000002,0,0,0,0,0
RU_HIN_005289,SRC_000004,1,1,1,1,1
RU_HIN_005290,SRC_000005,1,1,1,1,1
RU_HIN_005291,SRC_000004,0,0,0,0,0
RU_HIN_005292,SRC_000005,1,1,1,1,1
RU_HIN_005293,SRC_000001,1,1,1,1,1
RU_HIN_005294,SRC_000001,1,1,1,1,1
RU_HIN_005295,SRC_000005,1,1,1,1,1
RU_HIN_005296,SRC_000003,1,1,1,1,1
RU_HIN_005297,SRC_000005,0,0,0,0,0
RU_HIN_005298,SRC_000002,1,1,1,1,1
RU_HIN_005299,SRC_000004,1,1,1,1,1
RU_HIN_005300,SRC_000002,1,1,1,1,1
RU_HIN_005301,SRC_000004,0,0,0,0,0
RU_HIN_005302,SRC_000005,1,1,1,1,1
RU_HIN_005303,SRC_000005,0,0,0,0,0
RU_HIN_005304,SRC_000005,1,1,1,1,1
RU_HIN_005305,SRC_000004,1,1,1,1,1
RU_HIN_005306,SRC_000005,1,1,1,1,1
RU_HIN_005307,SRC_000002,1,1,1,1,1
RU_HIN_005308,SRC_000001,1,1,1,1,1
RU_HIN_005309,SRC_000005,1,1,1,1,1
RU_HIN_005310,SRC_000004,1,1,1,1,1
RU_HIN_005311,SRC_000005,1,1,1,1,1
RU_HIN_005312,SRC_000001,1,1,1,1,1
RU_HIN_005313,SRC_000002,1,1,1,1,1
RU_HIN_005314,SRC_000001,0,0,0,0,0
RU_HIN_005315,SRC_000001,0,0,0,0,0
RU_HIN_005316,SRC_000001,0,0,0,0,0
RU_HIN_005317,SRC_000002,1,1,1,1,1
RU_HIN_005318,SRC_000001,0,0,0,0,0
RU_HIN_005319,SRC_000004,0,0,0,0,0
RU_HIN_005320,SRC_000005,0,0,0,0,0
RU_HIN_005321,SRC_000005,1,1,1,1,1
RU_HIN_005322,SRC_000005,1,1,1,1,1
RU_HIN_005323,SRC_000003,1,1,1,1,1
RU_HIN_005324,SRC_000003,0,0,0,0,0
RU_HIN_005325,SRC_000003,1,1,1,1,1
RU_HIN_005326,SRC_000005,1,1,1,1,1
RU_HIN_005327,SRC_000003,1,1,1,1,1
RU_HIN_005328,SRC_000004,1,1,1,1,1
RU_HIN_005329,SRC_000002,1,1,1,1,1
RU_HIN_005330,SRC_000001,0,0,0,0,0
RU_HIN_005331,SRC_000004,0,0,0,0,0
RU_HIN_005332,SRC_000001,1,1,1,1,1
RU_HIN_005333,SRC_000003,0,0,0,0,0
RU_HIN_005334,SRC_000001,1,1,1,1,1
RU_HIN_005335,SRC_000001,1,1,1,1,1
RU_HIN_005336,SRC_000001,0,0,0,0,0
RU_HIN_005337,SRC_000002,1,1,1,1,1
RU_HIN_005338,SRC_000003,0,0,0,0,0
RU_HIN_005339,SRC_000005,0,0,0,0,0
RU_HIN_005340,SRC_000004,1,1,1,1,1
RU_HIN_005341,SRC_000002,1,1,1,1,1
RU_HIN_005342,SRC_000003,1,1,1,1,1
RU_HIN_005343,SRC_000004,1,1,1,1,1
RU_HIN_005344,SRC_000002,1,1,1,1,1
RU_HIN_005345,SRC_000001,1,1,1,1,1
RU_HIN_005346,SRC_000003,1,1,1,1,1
RU_HIN_005347,SRC_000002,1,1,1,1,1
RU_HIN_005348,SRC_000004,0,0,0,0,0
RU_HIN_005349,SRC_000002,1,1,1,1,1
RU_HIN_005350,SRC_000004,0,0,0,0,0
RU_HIN_005351,SRC_000001,1,1,1,1,1
RU_HIN_005352,SRC_000005,0,0,0,0,0
RU_HIN_005353,SRC_000002,1,1,1,1,1
RU_HIN_005354,SRC_000004,1,1,1,1,1
RU_HIN_005355,SRC_000003,1,1,1,1,1
RU_HIN_005356,SRC_000001,0,0,0,0,0
RU_HIN_005357,SRC_000004,1,1,1,1,1
RU_HIN_005358,SRC_000001,0,0,0,0,0
RU_HIN_005359,SRC_000003,1,1,1,1,1
RU_HIN_005360,SRC_000004,0,0,0,0,0
RU_HIN_005361,SRC_000001,1,1,1,1,1
RU_HIN_005362,SRC_000001,0,0,0,0,0
RU_HIN_005363,SRC_000001,1,1,1,1,1
RU_HIN_005364,SRC_000003,1,1,1,1,1
RU_HIN_005365,SRC_000004,1,1,1,1,1
RU_HIN_005366,SRC_000005,0,0,0,0,0
RU_HIN_005367,SRC_000004,1,1,1,1,1
RU_HIN_005368,SRC_000002,1,1,1,1,1
RU_HIN_005369,SRC_000001,1,1,1,1,1
RU_HIN_005370,SRC_000001,1,1,1,1,1
RU_HIN_005371,SRC_000002,1,1,1,1,1
RU_HIN_005372,SRC_000004,1,1,1,1,1
RU_HIN_005373,SRC_000004,1,0,1,1,1
RU_HIN_005374,SRC_000002,0,0,0,0,0
RU_HIN_005375,SRC_000003,0,0,0,0,0
RU_HIN_005376,SRC_000002,1,1,1,1,1
RU_HIN_005377,SRC_000005,1,1,1,1,1
RU_HIN_005378,SRC_000004,1,1,1,1,1
RU_HIN_005379,SRC_000003,0,0,0,0,0
RU_HIN_005380,SRC_000004,1,1,1,1,1
RU_HIN_005381,SRC_000003,0,0,0,0,0
RU_HIN_005382,SRC_000003,1,1,1,1,1
RU_HIN_005383,SRC_000002,1,1,1,1,1
RU_HIN_005384,SRC_000003,0,0,0,0,0
RU_HIN_005385,SRC_000001,1,1,1,1,1
RU_HIN_005386,SRC_000002,1,1,1,1,1
RU_HIN_005387,SRC_000004,1,1,1,1,1
RU_HIN_005388,SRC_000002,1,1,1,1,1
RU_HIN_005389,SRC_000003,1,1,1,1,1
RU_HIN_005390,SRC_000002,1,1,1,1,1
RU_HIN_005391,SRC_000003,1,1,1,1,1
RU_HIN_005392,SRC_000003,1,1,1,1,1
RU_HIN_005393,SRC_000002,1,1,1,1,1
RU_HIN_005394,SRC_000001,1,1,1,1,1
RU_HIN_005395,SRC_000001,0,0,0,0,0
RU_HIN_005396,SRC_000001,1,1,1,1,1
RU_HIN_005397,SRC_000002,1,1,1,1,1
RU_HIN_005398,SRC_000005,1,1,1,1,1
RU_HIN_005399,SRC_000003,1,1,1,1,1
RU_HIN_005400,SRC_000001,1,1,1,1,1
RU_HIN_005401,SRC_000004,1,1,1,1,1
RU_HIN_005402,SRC_000002,1,1,1,1,1
RU_HIN_005403,SRC_000001,1,1,1,1,1
RU_HIN_005404,SRC_000001,1,1,1,1,1
RU_HIN_005405,SRC_000001,1,1,1,1,1
RU_HIN_005406,SRC_000005,1,1,1,1,1
RU_HIN_005407,SRC_000004,1,1,1,1,1
RU_HIN_005408,SRC_000001,1,1,1,1,1
RU_HIN_005409,SRC_000003,1,1,1,1,1
RU_HIN_005410,SRC_000004,1,1,1,1,1
RU_HIN_005411,SRC_000004,1,1,1,1,1
RU_HIN_005412,SRC_000001,0,0,0,0,0
RU_HIN_005413,SRC_000002,1,1,1,1,1
RU_HIN_005414,SRC_000002,1,1,1,1,1
RU_HIN_005415,SRC_000003,1,1,1,1,1
RU_HIN_005416,SRC_000002,0,0,0,0,0
RU_HIN_005417,SRC_000003,1,1,1,1,1
RU_HIN_005418,SRC_000001,1,1,1,1,1
RU_HIN_005419,SRC_000005,1,1,1,1,1
RU_HIN_005420,SRC_000004,1,1,1,1,1
RU_HIN_005421,SRC_000002,1,1,1,1,1
RU_HIN_005422,SRC_000002,1,1,1,1,1
RU_HIN_005423,SRC_000003,1,1,1,1,1
RU_HIN_005424,SRC_000005,0,0,0,0,0
RU_HIN_005425,SRC_000002,1,1,1,1,1
RU_HIN_005426,SRC_000005,1,1,1,1,1
RU_HIN_005427,SRC_000002,1,1,1,1,1
RU_HIN_005428,SRC_000002,1,1,1,1,1
RU_HIN_005429,SRC_000004,1,1,1,1,1
RU_HIN_005430,SRC_000003,1,1,1,1,1
RU_HIN_005431,SRC_000005,1,1,1,1,1
RU_HIN_005432,SRC_000003,1,1,1,1,1
RU_HIN_005433,SRC_000003,0,0,0,0,0
RU_HIN_005434,SRC_000005,1,1,1,1,1
RU_HIN_005435,SRC_000004,0,0,0,0,0
RU_HIN_005436,SRC_000005,1,1,1,1,1
RU_HIN_005437,SRC_000005,0,0,0,0,0
RU_HIN_005438,SRC_000004,1,1,1,1,1
RU_HIN_005439,SRC_000004,0,0,0,0,0
RU_HIN_005440,SRC_000001,1,1,1,1,1
RU_HIN_005441,SRC_000003,0,0,0,0,0
RU_HIN_005442,SRC_000005,1,1,1,1,1
RU_HIN_005443,SRC_000004,1,1,1,1,1
RU_HIN_005444,SRC_000003,1,1,1,1,1
RU_HIN_005445,SRC_000004,1,1,1,1,1
RU_HIN_005446,SRC_000002,1,1,1,1,1
RU_HIN_005447,SRC_000005,0,0,0,0,0
RU_HIN_005448,SRC_000003,0,0,0,0,0
RU_HIN_005449,SRC_000005,1,1,1,1,1
RU_HIN_005450,SRC_000001,1,1,1,1,1
RU_HIN_005451,SRC_000005,1,1,1,1,1
RU_HIN_005452,SRC_000003,1,1,1,1,1
RU_HIN_005453,SRC_000005,1,1,1,1,1
RU_HIN_005454,SRC_000005,1,1,1,1,1
RU_HIN_005455,SRC_000002,1,1,1,1,1
RU_HIN_005456,SRC_000001,0,0,0,0,0
RU_HIN_005457,SRC_000001,0,0,0,0,0
RU_HIN_005458,SRC_000002,1,1,1,1,1
RU_HIN_005459,SRC_000001,0,0,0,0,0
RU_HIN_005460,SRC_000002,1,1,1,1,1
RU_HIN_005461,SRC_000001,1,1,1,1,1
RU_HIN_005462,SRC_000005,1,1,1,1,1
RU_HIN_005463,SRC_000003,1,1,1,1,1
RU_HIN_005464,SRC_000003,0,0,0,0,0
RU_HIN_005465,SRC_000003,1,1,1,1,1
RU_HIN_005466,SRC_000003,0,0,0,0,0
RU_HIN_005467,SRC_000002,0,0,0,0,0
RU_HIN_005468,SRC_000003,1,1,1,1,1
RU_HIN_005469,SRC_000001,1,1,1,1,1
RU_HIN_005470,SRC_000002,0,0,0,0,0
RU_HIN_005471,SRC_000005,1,1,1,1,1
RU_HIN_005472,SRC_000004,0,0,0,0,0
RU_HIN_005473,SRC_000004,1,1,1,1,1
RU_HIN_005474,SRC_000001,1,1,1,1,1
RU_HIN_005475,SRC_000003,1,1,1,1,1
RU_HIN_005476,SRC_000004,1,1,1,1,1
RU_HIN_005477,SRC_000004,1,1,1,1,1
RU_HIN_005478,SRC_000005,0,0,0,0,0
RU_HIN_005479,SRC_000002,1,1,1,1,1
RU_HIN_005480,SRC_000004,1,1,1,1,1
RU_HIN_005481,SRC_000002,1,1,1,1,1
RU_HIN_005482,SRC_000001,1,1,1,1,1
RU_HIN_005483,SRC_000001,0,0,0,0,0
RU_HIN_005484,SRC_000002,1,1,1,1,1
RU_HIN_005485,SRC_000001,1,1,1,1,1
RU_HIN_005486,SRC_000005,1,1,1,1,1
RU_HIN_005487,SRC_000003,0,0,0,0,0
RU_HIN_005488,SRC_000002,1,1,1,1,1
RU_HIN_005489,SRC_000001,0,0,0,0,0
RU_HIN_005490,SRC_000001,1,1,1,1,1
RU_HIN_005491,SRC_000002,1,0,1,1,1
RU_HIN_005492,SRC_000003,0,0,0,0,0
RU_HIN_005493,SRC_000005,0,0,0,0,0
RU_HIN_005494,SRC_000003,1,1,1,1,1
RU_HIN_005495,SRC_000004,1,0,1,1,1
RU_HIN_005496,SRC_000004,1,1,1,1,1
RU_HIN_005497,SRC_000001,0,0,0,0,0
RU_HIN_005498,SRC_000001,1,1,1,1,1
RU_HIN_005499,SRC_000001,1,1,1,1,1
RU_HIN_005500,SRC_000003,1,1,1,1,1
RU_HIN_005501,SRC_000005,0,0,0,0,0
RU_HIN_005502,SRC_000003,1,1,1,1,1
RU_HIN_005503,SRC_000003,1,1,1,1,1
RU_HIN_005504,SRC_000001,1,1,1,1,1
RU_HIN_005505,SRC_000005,1,1,1,1,1
RU_HIN_005506,SRC_000002,1,1,1,1,1
RU_HIN_005507,SRC_000004,1,1,1,1,1
RU_HIN_005508,SRC_000004,0,0,0,0,0
RU_HIN_005509,SRC_000002,1,1,1,1,1
RU_HIN_005510,SRC_000003,1,1,1,1,1
RU_HIN_005511,SRC_000003,1,1,1,1,1
RU_HIN_005512,SRC_000004,1,1,1,1,1
RU_HIN_005513,SRC_000005,0,0,0,0,0
RU_HIN_005514,SRC_000002,1,1,1,1,1
RU_HIN_005515,SRC_000003,1,1,1,1,1
RU_HIN_005516,SRC_000004,0,0,0,0,0
RU_HIN_005517,SRC_000004,1,1,1,1,1
RU_HIN_005518,SRC_000005,1,1,1,1,1
RU_HIN_005519,SRC_000005,1,1,1,1,1
RU_HIN_005520,SRC_000003,1,1,1,1,1
RU_HIN_005521,SRC_000004,0,0,0,0,0
RU_HIN_005522,SRC_000003,0,0,0,0,0
RU_HIN_005523,SRC_000002,1,1,1,1,1
RU_HIN_005524,SRC_000002,1,1,1,1,1
RU_HIN_005525,SRC_000003,1,1,1,1,1
RU_HIN_005526,SRC_000001,1,1,1,1,1
RU_HIN_005527,SRC_000003,0,0,0,0,0
RU_HIN_005528,SRC_000004,1,1,1,1,1
RU_HIN_005529,SRC_000003,0,0,0,0,0
RU_HIN_005530,SRC_000004,0,0,0,0,0
RU_HIN_005531,SRC_000004,1,1,1,1,1
RU_HIN_005532,SRC_000003,1,1,1,1,1
RU_HIN_005533,SRC_000004,1,1,1,1,1
RU_HIN_005534,SRC_000003,1,1,1,1,1
RU_HIN_005535,SRC_000005,1,1,1,1,1
RU_HIN_005536,SRC_000001,1,1,1,1,1
RU_HIN_005537,SRC_000005,1,1,1,1,1
RU_HIN_005538,SRC_000001,1,1,1,1,1
RU_HIN_005539,SRC_000005,1,1,1,1,1
RU_HIN_005540,SRC_000001,1,1,1,1,1
RU_HIN_005541,SRC_000002,1,0,1,1,1
RU_HIN_005542,SRC_000002,0,0,0,0,0
RU_HIN_005543,SRC_000005,0,0,0,0,0
RU_HIN_005544,SRC_000003,1,1,1,1,1
RU_HIN_005545,SRC_000005,1,1,1,1,1
RU_HIN_005546,SRC_000002,1,1,1,1,1
RU_HIN_005547,SRC_000001,1,1,1,1,1
RU_HIN_005548,SRC_000003,1,1,1,1,1
RU_HIN_005549,SRC_000005,0,0,0,0,0
RU_HIN_005550,SRC_000004,1,1,1,1,1
RU_HIN_005551,SRC_000002,1,1,1,1,1
RU_HIN_005552,SRC_000005,1,1,1,1,1
RU_HIN_005553,SRC_000004,0,0,0,0,0
RU_HIN_005554,SRC_000005,1,1,1,1,1
RU_HIN_005555,SRC_000002,1,1,1,1,1
RU_HIN_005556,SRC_000002,1,1,1,1,1
RU_HIN_005557,SRC_000002,1,1,1,1,1
RU_HIN_005558,SRC_000003,1,1,1,1,1
RU_HIN_005559,SRC_000003,1,1,1,1,1
RU_HIN_005560,SRC_000003,1,1,1,1,1
RU_HIN_005561,SRC_000005,1,1,1,1,1
RU_HIN_005562,SRC_000003,0,0,0,0,0
RU_HIN_005563,SRC_000005,1,1,1,1,1
RU_HIN_005564,SRC_000001,1,1,1,1,1
RU_HIN_005565,SRC_000002,0,0,0,0,0
RU_HIN_005566,SRC_000004,1,1,1,1,1
RU_HIN_005567,SRC_000004,1,1,1,1,1
RU_HIN_005568,SRC_000005,1,1,1,1,1
RU_HIN_005569,SRC_000003,1,1,1,1,1
RU_HIN_005570,SRC_000004,1,1,1,1,1
RU_HIN_005571,SRC_000005,1,1,1,1,1
RU_HIN_005572,SRC_000004,1,1,1,1,1
RU_HIN_005573,SRC_000003,1,1,1,1,1
RU_HIN_005574,SRC_000002,1,1,1,1,1
RU_HIN_005575,SRC_000003,1,1,1,1,1
RU_HIN_005576,SRC_000001,1,1,1,1,1
RU_HIN_005577,SRC_000005,1,1,1,1,1
RU_HIN_005578,SRC_000004,0,0,0,0,0
RU_HIN_005579,SRC_000001,1,1,1,1,1
RU_HIN_005580,SRC_000004,1,1,1,1,1
RU_HIN_005581,SRC_000004,1,1,1,1,1
RU_HIN_005582,SRC_000002,0,0,0,0,0
RU_HIN_005583,SRC_000005,1,1,1,1,1
RU_HIN_005584,SRC_000003,1,1,1,1,1
RU_HIN_005585,SRC_000004,1,1,1,1,1
RU_HIN_005586,SRC_000005,1,1,1,1,1
RU_HIN_005587,SRC_000002,1,1,1,1,1
RU_HIN_005588,SRC_000002,1,1,1,1,1
RU_HIN_005589,SRC_000004,0,0,0,0,0
RU_HIN_005590,SRC_000003,1,1,1,1,1
RU_HIN_005591,SRC_000004,1,1,1,1,1
RU_HIN_005592,SRC_000002,0,0,0,0,0
RU_HIN_005593,SRC_000002,0,0,0,0,0
RU_HIN_005594,SRC_000002,1,1,1,1,1
RU_HIN_005595,SRC_000002,1,1,1,1,1
RU_HIN_005596,SRC_000005,1,1,1,1,1
RU_HIN_005597,SRC_000002,1,1,1,1,1
RU_HIN_005598,SRC_000005,1,1,1,1,1
RU_HIN_005599,SRC_000001,1,1,1,1,1
RU_HIN_005600,SRC_000001,1,1,1,1,1
RU_HIN_005601,SRC_000003,1,1,1,1,1
RU_HIN_005602,SRC_000005,1,1,1,1,1
RU_HIN_005603,SRC_000005,1,1,1,1,1
RU_HIN_005604,SRC_000002,0,0,0,0,0
RU_HIN_005605,SRC_000004,1,1,1,1,1
RU_HIN_005606,SRC_000001,1,1,1,1,1
RU_HIN_005607,SRC_000003,1,1,1,1,1
RU_HIN_005608,SRC_000003,1,1,1,1,1
RU_HIN_005609,SRC_000004,1,1,1,1,1
RU_HIN_005610,SRC_000004,1,1,1,1,1
RU_HIN_005611,SRC_000004,0,0,0,0,0
RU_HIN_005612,SRC_000002,0,0,0,0,0
RU_HIN_005613,SRC_000005,0,0,0,0,0
RU_HIN_005614,SRC_000003,1,1,1,1,1
RU_HIN_005615,SRC_000001,1,1,1,1,1
RU_HIN_005616,SRC_000002,1,1,1,1,1
RU_HIN_005617,SRC_000005,0,0,0,0,0
RU_HIN_005618,SRC_000004,1,1,1,1,1
RU_HIN_005619,SRC_000002,1,1,1,1,1
RU_HIN_005620,SRC_000005,1,1,1,1,1
RU_HIN_005621,SRC_000004,1,1,1,1,1
RU_HIN_005622,SRC_000005,1,1,1,1,1
RU_HIN_005623,SRC_000001,0,0,0,0,0
RU_HIN_005624,SRC_000003,1,1,1,1,1
RU_HIN_005625,SRC_000002,0,0,0,0,0
RU_HIN_005626,SRC_000005,1,1,1,1,1
RU_HIN_005627,SRC_000001,1,1,1,1,1
RU_HIN_005628,SRC_000005,1,1,1,1,1
RU_HIN_005629,SRC_000005,1,1,1,1,1
RU_HIN_005630,SRC_000003,1,1,1,1,1
RU_HIN_005631,SRC_000004,1,1,1,1,1
RU_HIN_005632,SRC_000002,1,1,1,1,1
RU_HIN_005633,SRC_000003,0,0,0,0,0
RU_HIN_005634,SRC_000002,1,1,1,1,1
RU_HIN_005635,SRC_000004,0,0,0,0,0
RU_HIN_005636,SRC_000001,1,1,1,1,1
RU_HIN_005637,SRC_000003,1,0,1,1,1
RU_HIN_005638,SRC_000004,1,1,1,1,1
RU_HIN_005639,SRC_000005,1,0,1,1,1
RU_HIN_005640,SRC_000005,1,1,1,1,1
RU_HIN_005641,SRC_000002,0,0,0,0,0
RU_HIN_005642,SRC_000003,1,1,1,1,1
RU_HIN_005643,SRC_000003,1,1,1,1,1
RU_HIN_005644,SRC_000004,1,1,1,1,1
RU_HIN_005645,SRC_000004,0,0,0,0,0
RU_HIN_005646,SRC_000001,0,0,0,0,0
RU_HIN_005647,SRC_000004,1,1,1,1,1
RU_HIN_005648,SRC_000003,1,1,1,1,1
RU_HIN_005649,SRC_000002,1,1,1,1,1
RU_HIN_005650,SRC_000001,1,1,1,1,1
RU_HIN_005651,SRC_000003,1,1,1,1,1
RU_HIN_005652,SRC_000004,1,1,1,1,1
RU_HIN_005653,SRC_000003,1,1,1,1,1
RU_HIN_005654,SRC_000003,0,0,0,0,0
RU_HIN_005655,SRC_000001,1,1,1,1,1
RU_HIN_005656,SRC_000005,1,1,1,1,1
RU_HIN_005657,SRC_000005,0,0,0,0,0
RU_HIN_005658,SRC_000002,1,1,1,1,1
RU_HIN_005659,SRC_000001,1,1,1,1,1
RU_HIN_005660,SRC_000001,0,0,0,0,0
RU_HIN_005661,SRC_000004,1,1,1,1,1
RU_HIN_005662,SRC_000002,1,1,1,1,1
RU_HIN_005663,SRC_000001,1,1,1,1,1
RU_HIN_005664,SRC_000001,0,0,0,0,0
RU_HIN_005665,SRC_000005,1,1,1,1,1
RU_HIN_005666,SRC_000002,1,0,1,1,1
RU_HIN_005667,SRC_000004,1,1,1,1,1
RU_HIN_005668,SRC_000005,0,0,0,0,0
RU_HIN_005669,SRC_000004,1,1,1,1,1
RU_HIN_005670,SRC_000002,1,1,1,1,1
RU_HIN_005671,SRC_000003,0,0,0,0,0
RU_HIN_005672,SRC_000002,1,1,1,1,1
RU_HIN_005673,SRC_000003,1,1,1,1,1
RU_HIN_005674,SRC_000002,1,1,1,1,1
RU_HIN_005675,SRC_000005,1,1,1,1,1
RU_HIN_005676,SRC_000001,1,1,1,1,1
RU_HIN_005677,SRC_000003,1,1,1,1,1
RU_HIN_005678,SRC_000001,1,0,1,1,1
RU_HIN_005679,SRC_000005,1,1,1,1,1
RU_HIN_005680,SRC_000003,1,1,1,1,1
RU_HIN_005681,SRC_000003,1,1,1,1,1
RU_HIN_005682,SRC_000005,1,1,1,1,1
RU_HIN_005683,SRC_000002,1,1,1,1,1
RU_HIN_005684,SRC_000005,1,1,1,1,1
RU_HIN_005685,SRC_000003,1,1,1,1,1
RU_HIN_005686,SRC_000005,1,1,1,1,1
RU_HIN_005687,SRC_000003,1,1,1,1,1
RU_HIN_005688,SRC_000004,1,1,1,1,1
RU_HIN_005689,SRC_000001,0,0,0,0,0
RU_HIN_005690,SRC_000005,1,1,1,1,1
RU_HIN_005691,SRC_000001,1,1,1,1,1
RU_HIN_005692,SRC_000004,1,0,1,1,1
RU_HIN_005693,SRC_000004,1,1,1,1,1
RU_HIN_005694,SRC_000004,1,1,1,1,1
RU_HIN_005695,SRC_000002,1,1,1,1,1
RU_HIN_005696,SRC_000003,1,1,1,1,1
RU_HIN_005697,SRC_000002,1,1,1,1,1
RU_HIN_005698,SRC_000003,1,1,1,1,1
RU_HIN_005699,SRC_000003,1,1,1,1,1
RU_HIN_005700,SRC_000005,1,1,1,1,1
RU_HIN_005701,SRC_000002,1,1,1,1,1
RU_HIN_005702,SRC_000004,1,1,1,1,1
RU_HIN_005703,SRC_000003,0,0,0,0,0
RU_HIN_005704,SRC_000004,1,1,1,1,1
RU_HIN_005705,SRC_000002,1,1,1,1,1
RU_HIN_005706,SRC_000002,1,1,1,1,1
RU_HIN_005707,SRC_000005,0,0,0,0,0
RU_HIN_005708,SRC_000003,1,1,1,1,1
RU_HIN_005709,SRC_000001,1,1,1,1,1
RU_HIN_005710,SRC_000004,1,0,1,1,1
RU_HIN_005711,SRC_000005,0,0,0,0,0
RU_HIN_005712,SRC_000005,0,0,0,0,0
RU_HIN_005713,SRC_000001,1,1,1,1,1
RU_HIN_005714,SRC_000002,0,0,0,0,0
RU_HIN_005715,SRC_000004,1,0,1,1,1
RU_HIN_005716,SRC_000001,1,1,1,1,1
RU_HIN_005717,SRC_000004,1,1,1,1,1
RU_HIN_005718,SRC_000001,1,1,1,1,1
RU_HIN_005719,SRC_000002,1,1,1,1,1
RU_HIN_005720,SRC_000003,1,1,1,1,1
RU_HIN_005721,SRC_000002,1,0,1,1,1
RU_HIN_005722,SRC_000004,1,1,1,1,1
RU_HIN_005723,SRC_000005,0,0,0,0,0
RU_HIN_005724,SRC_000005,1,1,1,1,1
RU_HIN_005725,SRC_000003,1,1,1,1,1
RU_HIN_005726,SRC_000004,1,1,1,1,1
RU_HIN_005727,SRC_000005,1,1,1,1,1
RU_HIN_005728,SRC_000003,1,1,1,1,1
RU_HIN_005729,SRC_000002,0,0,0,0,0
RU_HIN_005730,SRC_000003,0,0,0,0,0
RU_HIN_005731,SRC_000002,1,1,1,1,1
RU_HIN_005732,SRC_000001,1,1,1,1,1
RU_HIN_005733,SRC_000001,1,1,1,1,1
RU_HIN_005734,SRC_000002,1,1,1,1,1
RU_HIN_005735,SRC_000004,1,1,1,1,1
RU_HIN_005736,SRC_000001,1,1,1,1,1
RU_HIN_005737,SRC_000004,0,0,0,0,0
RU_HIN_005738,SRC_000004,1,1,1,1,1
RU_HIN_005739,SRC_000004,1,1,1,1,1
RU_HIN_005740,SRC_000003,0,0,0,0,0
RU_HIN_005741,SRC_000005,1,1,1,1,1
RU_HIN_005742,SRC_000005,1,1,1,1,1
RU_HIN_005743,SRC_000005,1,1,1,1,1
RU_HIN_005744,SRC_000005,0,0,0,0,0
RU_HIN_005745,SRC_000002,1,1,1,1,1
RU_HIN_005746,SRC_000004,1,1,1,1,1
RU_HIN_005747,SRC_000001,1,1,1,1,1
RU_HIN_005748,SRC_000002,1,1,1,1,1
RU_HIN_005749,SRC_000005,1,1,1,1,1
RU_HIN_005750,SRC_000005,1,0,1,1,1
RU_HIN_005751,SRC_000002,1,1,1,1,1
RU_HIN_005752,SRC_000002,1,1,1,1,1
RU_HIN_005753,SRC_000003,0,0,0,0,0
RU_HIN_005754,SRC_000003,1,1,1,1,1
RU_HIN_005755,SRC_000002,1,1,1,1,1
RU_HIN_005756,SRC_000002,1,1,1,1,1
RU_HIN_005757,SRC_000003,0,0,0,0,0
RU_HIN_005758,SRC_000004,1,1,1,1,1
RU_HIN_005759,SRC_000001,1,1,1,1,1
RU_HIN_005760,SRC_000001,0,0,0,0,0
RU_HIN_005761,SRC_000002,1,1,1,1,1
RU_HIN_005762,SRC_000001,0,0,0,0,0
RU_HIN_005763,SRC_000001,1,1,1,1,1
RU_HIN_005764,SRC_000003,1,1,1,1,1
RU_HIN_005765,SRC_000001,1,1,1,1,1
RU_HIN_005766,SRC_000002,1,1,1,1,1
RU_HIN_005767,SRC_000002,1,1,1,1,1
RU_HIN_005768,SRC_000001,1,0,1,1,1
RU_HIN_005769,SRC_000004,1,1,1,1,1
RU_HIN_005770,SRC_000003,0,0,0,0,0
RU_HIN_005771,SRC_000002,1,0,1,1,1
RU_HIN_005772,SRC_000001,1,1,1,1,1
RU_HIN_005773,SRC_000002,0,0,0,0,0
RU_HIN_005774,SRC_000002,1,1,1,1,1
RU_HIN_005775,SRC_000001,1,1,1,1,1
RU_HIN_005776,SRC_000003,1,1,1,1,1
RU_HIN_005777,SRC_000004,0,0,0,0,0
RU_HIN_005778,SRC_000001,0,0,0,0,0
RU_HIN_005779,SRC_000004,0,0,0,0,0
RU_HIN_005780,SRC_000004,0,0,0,0,0
RU_HIN_005781,SRC_000005,0,0,0,0,0
RU_HIN_005782,SRC_000004,1,1,1,1,1
RU_HIN_005783,SRC_000001,1,1,1,1,1
RU_HIN_005784,SRC_000004,1,1,1,1,1
RU_HIN_005785,SRC_000004,1,1,1,1,1
RU_HIN_005786,SRC_000002,1,1,1,1,1
RU_HIN_005787,SRC_000003,1,1,1,1,1
RU_HIN_005788,SRC_000003,1,1,1,1,1
RU_HIN_005789,SRC_000005,1,1,1,1,1
RU_HIN_005790,SRC_000004,1,1,1,1,1
RU_HIN_005791,SRC_000005,1,1,1,1,1
RU_HIN_005792,SRC_000002,1,1,1,1,1
RU_HIN_005793,SRC_000001,0,0,0,0,0
RU_HIN_005794,SRC_000004,0,0,0,0,0
RU_HIN_005795,SRC_000004,1,1,1,1,1
RU_HIN_005796,SRC_000005,0,0,0,0,0
RU_HIN_005797,SRC_000005,1,1,1,1,1
RU_HIN_005798,SRC_000005,1,1,1,1,1
RU_HIN_005799,SRC_000001,1,1,1,1,1
RU_HIN_005800,SRC_000005,1,1,1,1,1
RU_HIN_005801,SRC_000004,1,1,1,1,1
RU_HIN_005802,SRC_000002,1,1,1,1,1
RU_HIN_005803,SRC_000002,1,1,1,1,1
RU_HIN_005804,SRC_000001,1,1,1,1,1
RU_HIN_005805,SRC_000001,1,1,1,1,1
RU_HIN_005806,SRC_000005,1,1,1,1,1
RU_HIN_005807,SRC_000002,1,1,1,1,1
RU_HIN_005808,SRC_000005,1,1,1,1,1
RU_HIN_005809,SRC_000004,1,1,1,1,1
RU_HIN_005810,SRC_000002,1,1,1,1,1
RU_HIN_005811,SRC_000003,0,0,0,0,0
RU_HIN_005812,SRC_000003,1,1,1,1,1
RU_HIN_005813,SRC_000003,0,0,0,0,0
RU_HIN_005814,SRC_000003,1,1,1,1,1
RU_HIN_005815,SRC_000004,1,1,1,1,1
RU_HIN_005816,SRC_000004,1,1,1,1,1
RU_HIN_005817,SRC_000003,1,1,1,1,1
RU_HIN_005818,SRC_000004,1,1,1,1,1
RU_HIN_005819,SRC_000005,1,1,1,1,1
RU_HIN_005820,SRC_000002,1,1,1,1,1
RU_HIN_005821,SRC_000003,1,1,1,1,1
RU_HIN_005822,SRC_000002,0,0,0,0,0
RU_HIN_005823,SRC_000004,0,0,0,0,0
RU_HIN_005824,SRC_000003,1,1,1,1,1
RU_HIN_005825,SRC_000003,1,1,1,1,1
RU_HIN_005826,SRC_000002,1,1,1,1,1
RU_HIN_005827,SRC_000003,1,1,1,1,1
RU_HIN_005828,SRC_000003,1,1,1,1,1
RU_HIN_005829,SRC_000003,0,0,0,0,0
RU_HIN_005830,SRC_000001,1,1,1,1,1
RU_HIN_005831,SRC_000004,1,1,1,1,1
RU_HIN_005832,SRC_000004,1,1,1,1,1
RU_HIN_005833,SRC_000001,1,1,1,1,1
RU_HIN_005834,SRC_000004,0,0,0,0,0
RU_HIN_005835,SRC_000003,1,1,1,1,1
RU_HIN_005836,SRC_000001,1,1,1,1,1
RU_HIN_005837,SRC_000004,1,1,1,1,1
RU_HIN_005838,SRC_000003,1,1,1,1,1
RU_HIN_005839,SRC_000003,1,1,1,1,1
RU_HIN_005840,SRC_000002,1,1,1,1,1
RU_HIN_005841,SRC_000004,1,1,1,1,1
RU_HIN_005842,SRC_000004,0,0,0,0,0
RU_HIN_005843,SRC_000002,0,0,0,0,0
RU_HIN_005844,SRC_000001,1,1,1,1,1
RU_HIN_005845,SRC_000001,1,0,1,1,1
RU_HIN_005846,SRC_000004,1,1,1,1,1
RU_HIN_005847,SRC_000002,1,1,1,1,1
RU_HIN_005848,SRC_000003,1,1,1,1,1
RU_HIN_005849,SRC_000002,1,1,1,1,1
RU_HIN_005850,SRC_000003,1,0,1,1,1
RU_HIN_005851,SRC_000004,0,0,0,0,0
RU_HIN_005852,SRC_000001,1,1,1,1,1
RU_HIN_005853,SRC_000004,0,0,0,0,0
RU_HIN_005854,SRC_000003,0,0,0,0,0
RU_HIN_005855,SRC_000004,1,1,1,1,1
RU_HIN_005856,SRC_000004,1,1,1,1,1
RU_HIN_005857,SRC_000004,1,1,1,1,1
RU_HIN_005858,SRC_000001,0,0,0,0,0
RU_HIN_005859,SRC_000003,1,1,1,1,1
RU_HIN_005860,SRC_000002,1,1,1,1,1
RU_HIN_005861,SRC_000004,1,1,1,1,1
RU_HIN_005862,SRC_000004,1,1,1,1,1
RU_HIN_005863,SRC_000005,1,1,1,1,1
RU_HIN_005864,SRC_000001,0,0,0,0,0
RU_HIN_005865,SRC_000001,0,0,0,0,0
RU_HIN_005866,SRC_000003,1,1,1,1,1
RU_HIN_005867,SRC_000005,1,1,1,1,1
RU_HIN_005868,SRC_000004,1,1,1,1,1
RU_HIN_005869,SRC_000002,0,0,0,0,0
RU_HIN_005870,SRC_000005,1,0,1,1,1
RU_HIN_005871,SRC_000005,0,0,0,0,0
RU_HIN_005872,SRC_000003,1,1,1,1,1
RU_HIN_005873,SRC_000005,1,1,1,1,1
RU_HIN_005874,SRC_000002,1,1,1,1,1
RU_HIN_005875,SRC_000002,1,1,1,1,1
RU_HIN_005876,SRC_000004,1,1,1,1,1
RU_HIN_005877,SRC_000003,1,1,1,1,1
RU_HIN_005878,SRC_000003,0,0,0,0,0
RU_HIN_005879,SRC_000002,1,1,1,1,1
RU_HIN_005880,SRC_000003,0,0,0,0,0
RU_HIN_005881,SRC_000002,1,1,1,1,1
RU_HIN_005882,SRC_000004,1,1,1,1,1
RU_HIN_005883,SRC_000001,1,1,1,1,1
RU_HIN_005884,SRC_000004,1,1,1,1,1
RU_HIN_005885,SRC_000004,0,0,0,0,0
RU_HIN_005886,SRC_000001,1,1,1,1,1
RU_HIN_005887,SRC_000001,1,1,1,1,1
RU_HIN_005888,SRC_000002,1,1,1,1,1
RU_HIN_005889,SRC_000005,0,0,0,0,0
RU_HIN_005890,SRC_000002,1,1,1,1,1
RU_HIN_005891,SRC_000001,1,1,1,1,1
RU_HIN_005892,SRC_000001,1,1,1,1,1
RU_HIN_005893,SRC_000005,1,1,1,1,1
RU_HIN_005894,SRC_000003,1,1,1,1,1
RU_HIN_005895,SRC_000001,0,0,0,0,0
RU_HIN_005896,SRC_000005,1,1,1,1,1
RU_HIN_005897,SRC_000003,1,1,1,1,1
RU_HIN_005898,SRC_000005,1,1,1,1,1
RU_HIN_005899,SRC_000001,1,1,1,1,1
RU_HIN_005900,SRC_000001,0,0,0,0,0
RU_HIN_005901,SRC_000003,1,1,1,1,1
RU_HIN_005902,SRC_000003,1,1,1,1,1
RU_HIN_005903,SRC_000004,1,1,1,1,1
RU_HIN_005904,SRC_000002,1,1,1,1,1
RU_HIN_005905,SRC_000001,0,0,0,0,0
RU_HIN_005906,SRC_000002,1,1,1,1,1
RU_HIN_005907,SRC_000005,1,1,1,1,1
RU_HIN_005908,SRC_000002,1,1,1,1,1
RU_HIN_005909,SRC_000002,1,1,1,1,1
RU_HIN_005910,SRC_000001,1,1,1,1,1
RU_HIN_005911,SRC_000004,1,1,1,1,1
RU_HIN_005912,SRC_000005,1,1,1,1,1
RU_HIN_005913,SRC_000004,1,1,1,1,1
RU_HIN_005914,SRC_000005,1,1,1,1,1
RU_HIN_005915,SRC_000004,1,1,1,1,1
RU_HIN_005916,SRC_000002,1,1,1,1,1
RU_HIN_005917,SRC_000004,1,1,1,1,1
RU_HIN_005918,SRC_000003,1,1,1,1,1
RU_HIN_005919,SRC_000005,1,1,1,1,1
RU_HIN_005920,SRC_000004,1,1,1,1,1
RU_HIN_005921,SRC_000005,1,1,1,1,1
RU_HIN_005922,SRC_000003,1,1,1,1,1
RU_HIN_005923,SRC_000005,1,1,1,1,1
RU_HIN_005924,SRC_000005,1,1,1,1,1
RU_HIN_005925,SRC_000002,1,1,1,1,1
RU_HIN_005926,SRC_000005,1,1,1,1,1
RU_HIN_005927,SRC_000002,1,1,1,1,1
RU_HIN_005928,SRC_000004,0,0,0,0,0
RU_HIN_005929,SRC_000002,1,1,1,1,1
RU_HIN_005930,SRC_000004,1,1,1,1,1
RU_HIN_005931,SRC_000003,1,1,1,1,1
RU_HIN_005932,SRC_000003,1,1,1,1,1
RU_HIN_005933,SRC_000003,0,0,0,0,0
RU_HIN_005934,SRC_000004,1,1,1,1,1
RU_HIN_005935,SRC_000001,0,0,0,0,0
RU_HIN_005936,SRC_000001,1,1,1,1,1
RU_HIN_005937,SRC_000002,1,1,1,1,1
RU_HIN_005938,SRC_000004,1,1,1,1,1
RU_HIN_005939,SRC_000003,1,1,1,1,1
RU_HIN_005940,SRC_000003,1,1,1,1,1
RU_HIN_005941,SRC_000005,0,0,0,0,0
RU_HIN_005942,SRC_000005,0,0,0,0,0
RU_HIN_005943,SRC_000001,1,1,1,1,1
RU_HIN_005944,SRC_000005,1,1,1,1,1
RU_HIN_005945,SRC_000001,1,1,1,1,1
RU_HIN_005946,SRC_000002,1,0,1,1,1
RU_HIN_005947,SRC_000001,1,1,1,1,1
RU_HIN_005948,SRC_000004,1,1,1,1,1
RU_HIN_005949,SRC_000001,1,1,1,1,1
RU_HIN_005950,SRC_000001,1,1,1,1,1
RU_HIN_005951,SRC_000005,1,1,1,1,1
RU_HIN_005952,SRC_000002,1,1,1,1,1
RU_HIN_005953,SRC_000005,1,1,1,1,1
RU_HIN_005954,SRC_000004,1,1,1,1,1
RU_HIN_005955,SRC_000004,1,1,1,1,1
RU_HIN_005956,SRC_000005,1,1,1,1,1
RU_HIN_005957,SRC_000004,1,1,1,1,1
RU_HIN_005958,SRC_000004,1,1,1,1,1
RU_HIN_005959,SRC_000005,1,1,1,1,1
RU_HIN_005960,SRC_000001,1,1,1,1,1
RU_HIN_005961,SRC_000002,1,0,1,1,1
RU_HIN_005962,SRC_000001,1,1,1,1,1
RU_HIN_005963,SRC_000004,0,0,0,0,0
RU_HIN_005964,SRC_000001,1,1,1,1,1
RU_HIN_005965,SRC_000004,1,1,1,1,1
RU_HIN_005966,SRC_000002,0,0,0,0,0
RU_HIN_005967,SRC_000005,1,1,1,1,1
RU_HIN_005968,SRC_000005,1,1,1,1,1
RU_HIN_005969,SRC_000001,1,1,1,1,1
RU_HIN_005970,SRC_000002,1,1,1,1,1
RU_HIN_005971,SRC_000002,1,1,1,1,1
RU_HIN_005972,SRC_000001,1,1,1,1,1
RU_HIN_005973,SRC_000005,0,0,0,0,0
RU_HIN_005974,SRC_000003,1,1,1,1,1
RU_HIN_005975,SRC_000004,1,1,1,1,1
RU_HIN_005976,SRC_000003,1,1,1,1,1
RU_HIN_005977,SRC_000002,1,1,1,1,1
RU_HIN_005978,SRC_000005,1,1,1,1,1
RU_HIN_005979,SRC_000004,1,1,1,1,1
RU_HIN_005980,SRC_000005,1,1,1,1,1
RU_HIN_005981,SRC_000001,0,0,0,0,0
RU_HIN_005982,SRC_000005,1,1,1,1,1
RU_HIN_005983,SRC_000001,1,1,1,1,1
RU_HIN_005984,SRC_000004,0,0,0,0,0
RU_HIN_005985,SRC_000002,1,1,1,1,1
RU_HIN_005986,SRC_000005,1,1,1,1,1
RU_HIN_005987,SRC_000003,0,0,0,0,0
RU_HIN_005988,SRC_000005,1,1,1,1,1
RU_HIN_005989,SRC_000004,0,0,0,0,0
RU_HIN_005990,SRC_000002,0,0,0,0,0
RU_HIN_005991,SRC_000004,1,1,1,1,1
RU_HIN_005992,SRC_000001,1,1,1,1,1
RU_HIN_005993,SRC_000005,1,1,1,1,1
RU_HIN_005994,SRC_000001,1,0,1,1,1
RU_HIN_005995,SRC_000005,1,1,1,1,1
RU_HIN_005996,SRC_000002,1,1,1,1,1
RU_HIN_005997,SRC_000004,1,1,1,1,1
RU_HIN_005998,SRC_000005,1,1,1,1,1
RU_HIN_005999,SRC_000001,1,1,1,1,1
RU_HIN_006000,SRC_000002,1,1,1,1,1
RU_HIN_006001,SRC_000002,1,1,1,1,1
RU_HIN_006002,SRC_000002,0,0,0,0,0
RU_HIN_006003,SRC_000001,1,1,1,1,1
RU_HIN_006004,SRC_000004,0,0,0,0,0
RU_HIN_006005,SRC_000002,1,1,1,1,1
RU_HIN_006006,SRC_000005,1,1,1,1,1
RU_HIN_006007,SRC_000003,1,1,1,1,1
RU_HIN_006008,SRC_000001,1,1,1,1,1
RU_HIN_006009,SRC_000001,1,1,1,1,1
RU_HIN_006010,SRC_000003,0,0,0,0,0
RU_HIN_006011,SRC_000005,1,1,1,1,1
RU_HIN_006012,SRC_000003,1,1,1,1,1
RU_HIN_006013,SRC_000003,1,1,1,1,1
RU_HIN_006014,SRC_000004,1,1,1,1,1
RU_HIN_006015,SRC_000003,1,1,1,1,1
RU_HIN_006016,SRC_000002,0,0,0,0,0
RU_HIN_006017,SRC_000002,1,1,1,1,1
RU_HIN_006018,SRC_000005,1,0,1,1,0
RU_HIN_006019,SRC_000002,1,1,1,1,1
RU_HIN_006020,SRC_000005,0,0,0,0,0
RU_HIN_006021,SRC_000002,1,1,1,1,1
RU_HIN_006022,SRC_000005,1,1,1,1,1
RU_HIN_006023,SRC_000001,0,0,0,0,0
RU_HIN_006024,SRC_000005,1,1,1,1,1
RU_HIN_006025,SRC_000002,1,1,1,1,1
RU_HIN_006026,SRC_000001,1,1,1,1,1
RU_HIN_006027,SRC_000002,1,1,1,1,1
RU_HIN_006028,SRC_000005,1,1,1,1,1
RU_HIN_006029,SRC_000002,1,1,1,1,1
RU_HIN_006030,SRC_000005,1,1,1,1,1
RU_HIN_006031,SRC_000003,1,1,1,1,1
RU_HIN_006032,SRC_000005,1,1,1,1,1
RU_HIN_006033,SRC_000004,1,1,1,1,1
RU_HIN_006034,SRC_000003,1,0,1,1,1
RU_HIN_006035,SRC_000005,1,0,1,1,1
RU_HIN_006036,SRC_000003,0,0,0,0,0
RU_HIN_006037,SRC_000002,1,1,1,1,1
RU_HIN_006038,SRC_000003,1,1,1,1,1
RU_HIN_006039,SRC_000004,1,1,1,1,1
RU_HIN_006040,SRC_000005,1,1,1,1,1
RU_HIN_006041,SRC_000005,1,1,1,1,1
RU_HIN_006042,SRC_000003,1,1,1,1,1
RU_HIN_006043,SRC_000004,1,0,1,1,1
RU_HIN_006044,SRC_000004,1,1,1,1,1
RU_HIN_006045,SRC_000001,1,1,1,1,1
RU_HIN_006046,SRC_000001,1,1,1,1,1
RU_HIN_006047,SRC_000005,0,0,0,0,0
RU_HIN_006048,SRC_000002,1,1,1,1,1
RU_HIN_006049,SRC_000003,1,1,1,1,1
RU_HIN_006050,SRC_000004,1,1,1,1,1
RU_HIN_006051,SRC_000005,1,1,1,1,1
RU_HIN_006052,SRC_000001,1,1,1,1,1
RU_HIN_006053,SRC_000005,1,1,1,1,1
RU_HIN_006054,SRC_000002,1,1,1,1,1
RU_HIN_006055,SRC_000005,1,1,1,1,1
RU_HIN_006056,SRC_000001,1,1,1,1,1
RU_HIN_006057,SRC_000005,1,1,1,1,1
RU_HIN_006058,SRC_000002,0,0,0,0,0
RU_HIN_006059,SRC_000002,1,1,1,1,1
RU_HIN_006060,SRC_000005,1,1,1,1,1
RU_HIN_006061,SRC_000001,1,0,1,1,0
RU_HIN_006062,SRC_000003,1,0,1,1,0
RU_HIN_006063,SRC_000002,1,1,1,1,1
RU_HIN_006064,SRC_000002,0,0,0,0,0
RU_HIN_006065,SRC_000001,1,1,1,1,1
RU_HIN_006066,SRC_000003,1,1,1,1,1
RU_HIN_006067,SRC_000001,1,1,1,1,1
RU_HIN_006068,SRC_000003,1,1,1,1,1
RU_HIN_006069,SRC_000001,1,1,1,1,1
RU_HIN_006070,SRC_000003,1,0,1,1,1
RU_HIN_006071,SRC_000002,0,0,0,0,0
RU_HIN_006072,SRC_000005,1,1,1,1,1
RU_HIN_006073,SRC_000003,1,1,1,1,1
RU_HIN_006074,SRC_000002,1,1,1,1,1
RU_HIN_006075,SRC_000002,1,1,1,1,1
RU_HIN_006076,SRC_000003,1,1,1,1,1
RU_HIN_006077,SRC_000005,1,1,1,1,1
RU_HIN_006078,SRC_000001,1,1,1,1,1
RU_HIN_006079,SRC_000002,1,1,1,1,1
RU_HIN_006080,SRC_000004,0,0,0,0,0
RU_HIN_006081,SRC_000004,0,0,0,0,0
RU_HIN_006082,SRC_000003,0,0,0,0,0
RU_HIN_006083,SRC_000004,1,1,1,1,1
RU_HIN_006084,SRC_000002,1,1,1,1,1
RU_HIN_006085,SRC_000001,1,1,1,1,1
RU_HIN_006086,SRC_000003,1,0,1,1,0
RU_HIN_006087,SRC_000005,1,1,1,1,1
RU_HIN_006088,SRC_000005,1,1,1,1,1
RU_HIN_006089,SRC_000004,1,1,1,1,1
RU_HIN_006090,SRC_000002,1,1,1,1,1
RU_HIN_006091,SRC_000004,1,1,1,1,1
RU_HIN_006092,SRC_000004,1,1,1,1,1
RU_HIN_006093,SRC_000005,1,1,1,1,1
RU_HIN_006094,SRC_000001,0,0,0,0,0
RU_HIN_006095,SRC_000002,1,1,1,1,1
RU_HIN_006096,SRC_000001,0,0,0,0,0
RU_HIN_006097,SRC_000001,1,1,1,1,1
RU_HIN_006098,SRC_000005,1,1,1,1,1
RU_HIN_006099,SRC_000003,1,1,1,1,1
RU_HIN_006100,SRC_000004,1,1,1,1,1
RU_HIN_006101,SRC_000002,1,1,1,1,1
RU_HIN_006102,SRC_000001,1,1,1,1,1
RU_HIN_006103,SRC_000001,1,1,1,1,1
RU_HIN_006104,SRC_000005,1,1,1,1,1
RU_HIN_006105,SRC_000001,1,1,1,1,1
RU_HIN_006106,SRC_000001,1,1,1,1,1
RU_HIN_006107,SRC_000002,1,0,1,1,1
RU_HIN_006108,SRC_000004,1,1,1,1,1
RU_HIN_006109,SRC_000004,0,0,0,0,0
RU_HIN_006110,SRC_000004,1,1,1,1,1
RU_HIN_006111,SRC_000004,1,1,1,1,1
RU_HIN_006112,SRC_000004,0,0,0,0,0
RU_HIN_006113,SRC_000003,1,1,1,1,1
RU_HIN_006114,SRC_000005,1,1,1,1,1
RU_HIN_006115,SRC_000002,1,1,1,1,1
RU_HIN_006116,SRC_000002,1,1,1,1,1
RU_HIN_006117,SRC_000003,1,1,1,1,1
RU_HIN_006118,SRC_000002,1,1,1,1,1
RU_HIN_006119,SRC_000001,1,1,1,1,1
RU_HIN_006120,SRC_000001,1,1,1,1,1
RU_HIN_006121,SRC_000004,1,1,1,1,1
RU_HIN_006122,SRC_000005,0,0,0,0,0
RU_HIN_006123,SRC_000004,0,0,0,0,0
RU_HIN_006124,SRC_000002,1,1,1,1,1
RU_HIN_006125,SRC_000001,1,1,1,1,1
RU_HIN_006126,SRC_000001,0,0,0,0,0
RU_HIN_006127,SRC_000002,1,1,1,1,1
RU_HIN_006128,SRC_000001,0,0,0,0,0
RU_HIN_006129,SRC_000003,1,1,1,1,1
RU_HIN_006130,SRC_000001,0,0,0,0,0
RU_HIN_006131,SRC_000002,1,1,1,1,1
RU_HIN_006132,SRC_000003,0,0,0,0,0
RU_HIN_006133,SRC_000001,1,1,1,1,1
RU_HIN_006134,SRC_000002,1,1,1,1,1
RU_HIN_006135,SRC_000005,1,1,1,1,1
RU_HIN_006136,SRC_000001,1,0,1,1,1
RU_HIN_006137,SRC_000004,1,1,1,1,1
RU_HIN_006138,SRC_000004,0,0,0,0,0
RU_HIN_006139,SRC_000002,1,1,1,1,1
RU_HIN_006140,SRC_000002,1,1,1,1,1
RU_HIN_006141,SRC_000001,1,1,1,1,1
RU_HIN_006142,SRC_000001,0,0,0,0,0
RU_HIN_006143,SRC_000002,1,1,1,1,1
RU_HIN_006144,SRC_000002,1,1,1,1,1
RU_HIN_006145,SRC_000004,0,0,0,0,0
RU_HIN_006146,SRC_000005,0,0,0,0,0
RU_HIN_006147,SRC_000005,1,1,1,1,1
RU_HIN_006148,SRC_000001,1,1,1,1,1
RU_HIN_006149,SRC_000002,1,1,1,1,1
RU_HIN_006150,SRC_000002,1,0,1,1,0
RU_HIN_006151,SRC_000002,1,1,1,1,1
RU_HIN_006152,SRC_000001,1,1,1,1,1
RU_HIN_006153,SRC_000001,1,1,1,1,1
RU_HIN_006154,SRC_000005,1,1,1,1,1
RU_HIN_006155,SRC_000004,0,0,0,0,0
RU_HIN_006156,SRC_000004,0,0,0,0,0
RU_HIN_006157,SRC_000003,1,1,1,1,1
RU_HIN_006158,SRC_000005,1,1,1,1,1
RU_HIN_006159,SRC_000002,1,1,1,1,1
RU_HIN_006160,SRC_000001,1,1,1,1,1
RU_HIN_006161,SRC_000004,1,1,1,1,1
RU_HIN_006162,SRC_000001,1,1,1,1,1
RU_HIN_006163,SRC_000003,0,0,0,0,0
RU_HIN_006164,SRC_000004,1,1,1,1,1
RU_HIN_006165,SRC_000001,0,0,0,0,0
RU_HIN_006166,SRC_000004,1,1,1,1,1
RU_HIN_006167,SRC_000005,1,0,1,1,1
RU_HIN_006168,SRC_000005,1,1,1,1,1
RU_HIN_006169,SRC_000001,1,1,1,1,1
RU_HIN_006170,SRC_000002,1,1,1,1,1
RU_HIN_006171,SRC_000002,1,1,1,1,1
RU_HIN_006172,SRC_000002,1,1,1,1,1
RU_HIN_006173,SRC_000004,1,1,1,1,1
RU_HIN_006174,SRC_000002,0,0,0,0,0
RU_HIN_006175,SRC_000004,1,1,1,1,1
RU_HIN_006176,SRC_000003,1,1,1,1,1
RU_HIN_006177,SRC_000005,1,1,1,1,1
RU_HIN_006178,SRC_000005,1,1,1,1,1
RU_HIN_006179,SRC_000003,1,1,1,1,1
RU_HIN_006180,SRC_000001,0,0,0,0,0
RU_HIN_006181,SRC_000004,1,1,1,1,1
RU_HIN_006182,SRC_000005,1,1,1,1,1
RU_HIN_006183,SRC_000001,1,1,1,1,1
RU_HIN_006184,SRC_000004,1,1,1,1,1
RU_HIN_006185,SRC_000004,1,1,1,1,1
RU_HIN_006186,SRC_000002,1,1,1,1,1
RU_HIN_006187,SRC_000005,1,1,1,1,1
RU_HIN_006188,SRC_000004,1,0,1,1,0
RU_HIN_006189,SRC_000005,1,1,1,1,1
RU_HIN_006190,SRC_000001,1,1,1,1,1
RU_HIN_006191,SRC_000001,1,0,1,1,1
RU_HIN_006192,SRC_000002,1,1,1,1,1
RU_HIN_006193,SRC_000005,1,1,1,1,1
RU_HIN_006194,SRC_000005,1,1,1,1,1
RU_HIN_006195,SRC_000003,0,0,0,0,0
RU_HIN_006196,SRC_000003,1,1,1,1,1
RU_HIN_006197,SRC_000002,1,1,1,1,1
RU_HIN_006198,SRC_000001,1,1,1,1,1
RU_HIN_006199,SRC_000004,1,1,1,1,1
RU_HIN_006200,SRC_000003,1,1,1,1,1
RU_HIN_006201,SRC_000003,1,0,1,1,1
RU_HIN_006202,SRC_000004,1,1,1,1,1
RU_HIN_006203,SRC_000002,1,1,1,1,1
RU_HIN_006204,SRC_000001,1,1,1,1,1
RU_HIN_006205,SRC_000005,0,0,0,0,0
RU_HIN_006206,SRC_000004,1,1,1,1,1
RU_HIN_006207,SRC_000005,1,1,1,1,1
RU_HIN_006208,SRC_000002,1,1,1,1,1
RU_HIN_006209,SRC_000005,1,1,1,1,1
RU_HIN_006210,SRC_000001,0,0,0,0,0
RU_HIN_006211,SRC_000004,1,1,1,1,1
RU_HIN_006212,SRC_000004,1,1,1,1,1
RU_HIN_006213,SRC_000004,1,1,1,1,1
RU_HIN_006214,SRC_000003,1,1,1,1,1
RU_HIN_006215,SRC_000004,1,1,1,1,1
RU_HIN_006216,SRC_000002,0,0,0,0,0
RU_HIN_006217,SRC_000003,1,1,1,1,1
RU_HIN_006218,SRC_000005,1,1,1,1,1
RU_HIN_006219,SRC_000001,1,1,1,1,1
RU_HIN_006220,SRC_000002,1,1,1,1,1
RU_HIN_006221,SRC_000001,1,1,1,1,1
RU_HIN_006222,SRC_000003,1,1,1,1,1
RU_HIN_006223,SRC_000003,0,0,0,0,0
RU_HIN_006224,SRC_000004,0,0,0,0,0
RU_HIN_006225,SRC_000004,1,1,1,1,1
RU_HIN_006226,SRC_000001,1,1,1,1,1
RU_HIN_006227,SRC_000005,1,1,1,1,1
RU_HIN_006228,SRC_000002,1,1,1,1,1
RU_HIN_006229,SRC_000004,1,1,1,1,1
RU_HIN_006230,SRC_000002,1,1,1,1,1
RU_HIN_006231,SRC_000005,1,1,1,1,1
RU_HIN_006232,SRC_000001,1,1,1,1,1
RU_HIN_006233,SRC_000001,0,0,0,0,0
RU_HIN_006234,SRC_000001,1,1,1,1,1
RU_HIN_006235,SRC_000003,1,1,1,1,1
RU_HIN_006236,SRC_000004,1,1,1,1,1
RU_HIN_006237,SRC_000004,0,0,0,0,0
RU_HIN_006238,SRC_000003,0,0,0,0,0
RU_HIN_006239,SRC_000005,0,0,0,0,0
RU_HIN_006240,SRC_000004,0,0,0,0,0
RU_HIN_006241,SRC_000004,1,1,1,1,1
RU_HIN_006242,SRC_000001,1,1,1,1,1
RU_HIN_006243,SRC_000003,1,1,1,1,1
RU_HIN_006244,SRC_000002,1,1,1,1,1
RU_HIN_006245,SRC_000004,1,1,1,1,1
RU_HIN_006246,SRC_000003,1,1,1,1,1
RU_HIN_006247,SRC_000003,0,0,0,0,0
RU_HIN_006248,SRC_000002,1,1,1,1,1
RU_HIN_006249,SRC_000003,1,1,1,1,1
RU_HIN_006250,SRC_000002,1,1,1,1,1
RU_HIN_006251,SRC_000004,1,1,1,1,1
RU_HIN_006252,SRC_000004,1,1,1,1,1
RU_HIN_006253,SRC_000003,1,1,1,1,1
RU_HIN_006254,SRC_000005,1,1,1,1,1
RU_HIN_006255,SRC_000001,1,1,1,1,1
RU_HIN_006256,SRC_000001,1,1,1,1,1
RU_HIN_006257,SRC_000002,1,1,1,1,1
RU_HIN_006258,SRC_000005,1,1,1,1,1
RU_HIN_006259,SRC_000003,1,1,1,1,1
RU_HIN_006260,SRC_000004,1,1,1,1,1
RU_HIN_006261,SRC_000001,1,1,1,1,1
RU_HIN_006262,SRC_000005,1,1,1,1,1
RU_HIN_006263,SRC_000003,1,0,1,1,1
RU_HIN_006264,SRC_000005,1,1,1,1,1
RU_HIN_006265,SRC_000004,1,1,1,1,1
RU_HIN_006266,SRC_000001,1,1,1,1,1
RU_HIN_006267,SRC_000004,1,1,1,1,1
RU_HIN_006268,SRC_000002,1,1,1,1,1
RU_HIN_006269,SRC_000001,1,1,1,1,1
RU_HIN_006270,SRC_000003,1,1,1,1,1
RU_HIN_006271,SRC_000005,1,1,1,1,1
RU_HIN_006272,SRC_000003,1,1,1,1,1
RU_HIN_006273,SRC_000003,1,1,1,1,1
RU_HIN_006274,SRC_000003,1,1,1,1,1
RU_HIN_006275,SRC_000004,1,1,1,1,1
RU_HIN_006276,SRC_000003,1,1,1,1,1
RU_HIN_006277,SRC_000002,1,1,1,1,1
RU_HIN_006278,SRC_000005,0,0,0,0,0
RU_HIN_006279,SRC_000005,1,1,1,1,1
RU_HIN_006280,SRC_000003,1,1,1,1,1
RU_HIN_006281,SRC_000001,0,0,0,0,0
RU_HIN_006282,SRC_000003,1,1,1,1,1
RU_HIN_006283,SRC_000002,1,1,1,1,1
RU_HIN_006284,SRC_000001,1,1,1,1,1
RU_HIN_006285,SRC_000004,1,0,1,1,0
RU_HIN_006286,SRC_000001,1,1,1,1,1
RU_HIN_006287,SRC_000005,1,1,1,1,1
RU_HIN_006288,SRC_000001,1,1,1,1,1
RU_HIN_006289,SRC_000003,1,1,1,1,1
RU_HIN_006290,SRC_000003,1,1,1,1,1
RU_HIN_006291,SRC_000001,1,1,1,1,1
RU_HIN_006292,SRC_000001,1,1,1,1,1
RU_HIN_006293,SRC_000001,1,1,1,1,1
RU_HIN_006294,SRC_000004,0,0,0,0,0
RU_HIN_006295,SRC_000005,1,1,1,1,1
RU_HIN_006296,SRC_000005,0,0,0,0,0
RU_HIN_006297,SRC_000001,0,0,0,0,0
RU_HIN_006298,SRC_000003,0,0,0,0,0
RU_HIN_006299,SRC_000005,1,1,1,1,1
RU_HIN_006300,SRC_000002,1,0,1,1,1
RU_HIN_006301,SRC_000004,1,1,1,1,1
RU_HIN_006302,SRC_000005,1,1,1,1,1
RU_HIN_006303,SRC_000004,1,1,1,1,1
RU_HIN_006304,SRC_000001,1,1,1,1,1
RU_HIN_006305,SRC_000002,1,1,1,1,1
RU_HIN_006306,SRC_000001,1,1,1,1,1
RU_HIN_006307,SRC_000004,1,1,1,1,1
RU_HIN_006308,SRC_000004,0,0,0,0,0
RU_HIN_006309,SRC_000005,1,1,1,1,1
RU_HIN_006310,SRC_000003,1,0,1,1,1
RU_HIN_006311,SRC_000001,1,1,1,1,1
RU_HIN_006312,SRC_000002,0,0,0,0,0
RU_HIN_006313,SRC_000003,0,0,0,0,0
RU_HIN_006314,SRC_000001,1,1,1,1,1
RU_HIN_006315,SRC_000004,0,0,0,0,0
RU_HIN_006316,SRC_000003,0,0,0,0,0
RU_HIN_006317,SRC_000002,0,0,0,0,0
RU_HIN_006318,SRC_000004,1,1,1,1,1
RU_HIN_006319,SRC_000002,0,0,0,0,0
RU_HIN_006320,SRC_000001,1,1,1,1,1
RU_HIN_006321,SRC_000002,1,1,1,1,1
RU_HIN_006322,SRC_000004,1,1,1,1,1
RU_HIN_006323,SRC_000005,1,1,1,1,1
RU_HIN_006324,SRC_000003,1,1,1,1,1
RU_HIN_006325,SRC_000002,1,1,1,1,1
RU_HIN_006326,SRC_000003,1,1,1,1,1
RU_HIN_006327,SRC_000005,0,0,0,0,0
RU_HIN_006328,SRC_000003,1,1,1,1,1
RU_HIN_006329,SRC_000005,1,1,1,1,1
RU_HIN_006330,SRC_000002,0,0,0,0,0
RU_HIN_006331,SRC_000005,1,1,1,1,1
RU_HIN_006332,SRC_000004,1,1,1,1,1
RU_HIN_006333,SRC_000003,0,0,0,0,0
RU_HIN_006334,SRC_000002,1,1,1,1,1
RU_HIN_006335,SRC_000005,1,1,1,1,1
RU_HIN_006336,SRC_000001,1,1,1,1,1
RU_HIN_006337,SRC_000005,0,0,0,0,0
RU_HIN_006338,SRC_000001,1,1,1,1,1
RU_HIN_006339,SRC_000004,1,1,1,1,1
RU_HIN_006340,SRC_000004,1,1,1,1,1
RU_HIN_006341,SRC_000004,0,0,0,0,0
RU_HIN_006342,SRC_000001,1,1,1,1,1
RU_HIN_006343,SRC_000001,1,1,1,1,1
RU_HIN_006344,SRC_000002,1,1,1,1,1
RU_HIN_006345,SRC_000001,1,1,1,1,1
RU_HIN_006346,SRC_000002,1,1,1,1,1
RU_HIN_006347,SRC_000003,1,1,1,1,1
RU_HIN_006348,SRC_000005,1,1,1,1,1
RU_HIN_006349,SRC_000005,1,1,1,1,1
RU_HIN_006350,SRC_000002,1,1,1,1,1
RU_HIN_006351,SRC_000005,1,0,1,1,0
RU_HIN_006352,SRC_000004,1,1,1,1,1
RU_HIN_006353,SRC_000003,1,0,1,1,0
RU_HIN_006354,SRC_000005,1,1,1,1,1
RU_HIN_006355,SRC_000001,0,0,0,0,0
RU_HIN_006356,SRC_000001,1,1,1,1,1
RU_HIN_006357,SRC_000004,1,0,1,1,1
RU_HIN_006358,SRC_000003,1,1,1,1,1
RU_HIN_006359,SRC_000001,1,1,1,1,1
RU_HIN_006360,SRC_000002,1,0,1,1,1
RU_HIN_006361,SRC_000001,1,1,1,1,1
RU_HIN_006362,SRC_000001,1,1,1,1,1
RU_HIN_006363,SRC_000003,1,1,1,1,1
RU_HIN_006364,SRC_000003,1,1,1,1,1
RU_HIN_006365,SRC_000005,1,1,1,1,1
RU_HIN_006366,SRC_000004,0,0,0,0,0
RU_HIN_006367,SRC_000004,1,1,1,1,1
RU_HIN_006368,SRC_000005,0,0,0,0,0
RU_HIN_006369,SRC_000003,1,1,1,1,1
RU_HIN_006370,SRC_000001,1,1,1,1,1
RU_HIN_006371,SRC_000005,1,1,1,1,1
RU_HIN_006372,SRC_000005,1,1,1,1,1
RU_HIN_006373,SRC_000005,0,0,0,0,0
RU_HIN_006374,SRC_000004,1,1,1,1,1
RU_HIN_006375,SRC_000004,1,1,1,1,1
RU_HIN_006376,SRC_000004,1,1,1,1,1
RU_HIN_006377,SRC_000003,1,1,1,1,1
RU_HIN_006378,SRC_000003,1,0,1,1,0
RU_HIN_006379,SRC_000005,0,0,0,0,0
RU_HIN_006380,SRC_000005,1,1,1,1,1
RU_HIN_006381,SRC_000004,1,1,1,1,1
RU_HIN_006382,SRC_000004,0,0,0,0,0
RU_HIN_006383,SRC_000001,1,1,1,1,1
RU_HIN_006384,SRC_000005,1,1,1,1,1
RU_HIN_006385,SRC_000004,1,1,1,1,1
RU_HIN_006386,SRC_000003,0,0,0,0,0
RU_HIN_006387,SRC_000004,0,0,0,0,0
RU_HIN_006388,SRC_000003,0,0,0,0,0
RU_HIN_006389,SRC_000005,0,0,0,0,0
RU_HIN_006390,SRC_000003,0,0,0,0,0
RU_HIN_006391,SRC_000002,1,1,1,1,1
RU_HIN_006392,SRC_000001,0,0,0,0,0
RU_HIN_006393,SRC_000004,1,1,1,1,1
RU_HIN_006394,SRC_000003,1,1,1,1,1
RU_HIN_006395,SRC_000001,1,1,1,1,1
RU_HIN_006396,SRC_000003,1,1,1,1,1
RU_HIN_006397,SRC_000003,1,1,1,1,1
RU_HIN_006398,SRC_000002,1,1,1,1,1
RU_HIN_006399,SRC_000005,1,1,1,1,1
RU_HIN_006400,SRC_000005,1,1,1,1,1
RU_HIN_006401,SRC_000004,0,0,0,0,0
RU_HIN_006402,SRC_000004,0,0,0,0,0
RU_HIN_006403,SRC_000005,1,1,1,1,1
RU_HIN_006404,SRC_000002,1,1,1,1,1
RU_HIN_006405,SRC_000004,1,1,1,1,1
RU_HIN_006406,SRC_000004,1,1,1,1,1
RU_HIN_006407,SRC_000002,1,1,1,1,1
RU_HIN_006408,SRC_000004,1,1,1,1,1
RU_HIN_006409,SRC_000004,1,1,1,1,1
RU_HIN_006410,SRC_000004,1,0,1,1,0
RU_HIN_006411,SRC_000002,1,1,1,1,1
RU_HIN_006412,SRC_000001,1,1,1,1,1
RU_HIN_006413,SRC_000002,1,1,1,1,1
RU_HIN_006414,SRC_000002,1,1,1,1,1
RU_HIN_006415,SRC_000003,1,1,1,1,1
RU_HIN_006416,SRC_000001,1,1,1,1,1
RU_HIN_006417,SRC_000002,0,0,0,0,0
RU_HIN_006418,SRC_000003,1,1,1,1,1
RU_HIN_006419,SRC_000005,1,1,1,1,1
RU_HIN_006420,SRC_000003,1,1,1,1,1
RU_HIN_006421,SRC_000004,0,0,0,0,0
RU_HIN_006422,SRC_000004,1,1,1,1,1
RU_HIN_006423,SRC_000005,0,0,0,0,0
RU_HIN_006424,SRC_000002,1,1,1,1,1
RU_HIN_006425,SRC_000002,1,1,1,1,1
RU_HIN_006426,SRC_000005,1,1,1,1,1
RU_HIN_006427,SRC_000003,1,1,1,1,1
RU_HIN_006428,SRC_000005,1,1,1,1,1
RU_HIN_006429,SRC_000004,1,1,1,1,1
RU_HIN_006430,SRC_000005,1,1,1,1,1
RU_HIN_006431,SRC_000004,0,0,0,0,0
RU_HIN_006432,SRC_000003,1,1,1,1,1
RU_HIN_006433,SRC_000005,1,1,1,1,1
RU_HIN_006434,SRC_000005,1,1,1,1,1
RU_HIN_006435,SRC_000001,0,0,0,0,0
RU_HIN_006436,SRC_000005,0,0,0,0,0
RU_HIN_006437,SRC_000005,1,1,1,1,1
RU_HIN_006438,SRC_000003,1,1,1,1,1
RU_HIN_006439,SRC_000002,1,1,1,1,1
RU_HIN_006440,SRC_000001,1,1,1,1,1
RU_HIN_006441,SRC_000005,1,1,1,1,1
RU_HIN_006442,SRC_000001,1,1,1,1,1
RU_HIN_006443,SRC_000004,1,1,1,1,1
RU_HIN_006444,SRC_000004,1,1,1,1,1
RU_HIN_006445,SRC_000001,0,0,0,0,0
RU_HIN_006446,SRC_000004,0,0,0,0,0
RU_HIN_006447,SRC_000001,1,1,1,1,1
RU_HIN_006448,SRC_000005,1,1,1,1,1
RU_HIN_006449,SRC_000002,1,1,1,1,1
RU_HIN_006450,SRC_000003,1,1,1,1,1
RU_HIN_006451,SRC_000001,1,0,1,1,0
RU_HIN_006452,SRC_000004,0,0,0,0,0
RU_HIN_006453,SRC_000004,1,1,1,1,1
RU_HIN_006454,SRC_000001,0,0,0,0,0
RU_HIN_006455,SRC_000005,1,1,1,1,1
RU_HIN_006456,SRC_000001,0,0,0,0,0
RU_HIN_006457,SRC_000003,1,1,1,1,1
RU_HIN_006458,SRC_000001,1,1,1,1,1
RU_HIN_006459,SRC_000004,1,1,1,1,1
RU_HIN_006460,SRC_000002,1,1,1,1,1
RU_HIN_006461,SRC_000005,1,1,1,1,1
RU_HIN_006462,SRC_000003,1,1,1,1,1
RU_HIN_006463,SRC_000004,0,0,0,0,0
RU_HIN_006464,SRC_000002,1,1,1,1,1
RU_HIN_006465,SRC_000001,1,1,1,1,1
RU_HIN_006466,SRC_000001,1,1,1,1,1
RU_HIN_006467,SRC_000004,1,1,1,1,1
RU_HIN_006468,SRC_000004,0,0,0,0,0
RU_HIN_006469,SRC_000003,0,0,0,0,0
RU_HIN_006470,SRC_000002,1,1,1,1,1
RU_HIN_006471,SRC_000005,1,1,1,1,1
RU_HIN_006472,SRC_000005,1,1,1,1,1
RU_HIN_006473,SRC_000001,1,1,1,1,1
RU_HIN_006474,SRC_000004,0,0,0,0,0
RU_HIN_006475,SRC_000004,0,0,0,0,0
RU_HIN_006476,SRC_000002,1,1,1,1,1
RU_HIN_006477,SRC_000003,1,1,1,1,1
RU_HIN_006478,SRC_000004,1,1,1,1,1
RU_HIN_006479,SRC_000004,1,1,1,1,1
RU_HIN_006480,SRC_000003,0,0,0,0,0
RU_HIN_006481,SRC_000005,1,1,1,1,1
RU_HIN_006482,SRC_000005,1,1,1,1,1
RU_HIN_006483,SRC_000003,1,1,1,1,1
RU_HIN_006484,SRC_000001,1,1,1,1,1
RU_HIN_006485,SRC_000005,1,1,1,1,1
RU_HIN_006486,SRC_000002,1,1,1,1,1
RU_HIN_006487,SRC_000004,1,1,1,1,1
RU_HIN_006488,SRC_000003,1,1,1,1,1
RU_HIN_006489,SRC_000004,1,1,1,1,1
RU_HIN_006490,SRC_000003,1,0,1,1,1
RU_HIN_006491,SRC_000003,1,1,1,1,1
RU_HIN_006492,SRC_000001,1,1,1,1,1
RU_HIN_006493,SRC_000003,1,1,1,1,1
RU_HIN_006494,SRC_000005,0,0,0,0,0
RU_HIN_006495,SRC_000003,0,0,0,0,0
RU_HIN_006496,SRC_000003,1,1,1,1,1
RU_HIN_006497,SRC_000003,1,1,1,1,1
RU_HIN_006498,SRC_000003,1,1,1,1,1
RU_HIN_006499,SRC_000004,0,0,0,0,0
RU_HIN_006500,SRC_000003,0,0,0,0,0
RU_HIN_006501,SRC_000002,0,0,0,0,0
RU_HIN_006502,SRC_000003,1,1,1,1,1
RU_HIN_006503,SRC_000003,1,1,1,1,1
RU_HIN_006504,SRC_000005,1,1,1,1,1
RU_HIN_006505,SRC_000001,1,1,1,1,1
RU_HIN_006506,SRC_000001,1,1,1,1,1
RU_HIN_006507,SRC_000005,1,1,1,1,1
RU_HIN_006508,SRC_000003,0,0,0,0,0
RU_HIN_006509,SRC_000002,1,1,1,1,1
RU_HIN_006510,SRC_000002,1,1,1,1,1
RU_HIN_006511,SRC_000004,1,0,1,1,1
RU_HIN_006512,SRC_000005,1,1,1,1,1
RU_HIN_006513,SRC_000005,1,1,1,1,1
RU_HIN_006514,SRC_000002,0,0,0,0,0
RU_HIN_006515,SRC_000002,1,1,1,1,1
RU_HIN_006516,SRC_000002,1,1,1,1,1
RU_HIN_006517,SRC_000001,1,1,1,1,1
RU_HIN_006518,SRC_000003,1,1,1,1,1
RU_HIN_006519,SRC_000002,1,1,1,1,1
RU_HIN_006520,SRC_000002,0,0,0,0,0
RU_HIN_006521,SRC_000001,1,1,1,1,1
RU_HIN_006522,SRC_000004,1,1,1,1,1
RU_HIN_006523,SRC_000001,0,0,0,0,0
RU_HIN_006524,SRC_000002,0,0,0,0,0
RU_HIN_006525,SRC_000001,1,1,1,1,1
RU_HIN_006526,SRC_000003,1,1,1,1,1
RU_HIN_006527,SRC_000005,1,1,1,1,1
RU_HIN_006528,SRC_000002,0,0,0,0,0
RU_HIN_006529,SRC_000004,1,1,1,1,1
RU_HIN_006530,SRC_000003,1,1,1,1,1
RU_HIN_006531,SRC_000001,0,0,0,0,0
RU_HIN_006532,SRC_000005,0,0,0,0,0
RU_HIN_006533,SRC_000003,1,1,1,1,1
RU_HIN_006534,SRC_000003,1,0,1,1,1
RU_HIN_006535,SRC_000005,0,0,0,0,0
RU_HIN_006536,SRC_000004,1,1,1,1,1
RU_HIN_006537,SRC_000004,1,1,1,1,1
RU_HIN_006538,SRC_000004,1,1,1,1,1
RU_HIN_006539,SRC_000004,0,0,0,0,0
RU_HIN_006540,SRC_000005,1,1,1,1,1
RU_HIN_006541,SRC_000003,1,1,1,1,1
RU_HIN_006542,SRC_000004,1,1,1,1,1
RU_HIN_006543,SRC_000001,1,1,1,1,1
RU_HIN_006544,SRC_000003,1,1,1,1,1
RU_HIN_006545,SRC_000001,1,1,1,1,1
RU_HIN_006546,SRC_000004,0,0,0,0,0
RU_HIN_006547,SRC_000005,1,1,1,1,1
RU_HIN_006548,SRC_000004,1,1,1,1,1
RU_HIN_006549,SRC_000002,1,1,1,1,1
RU_HIN_006550,SRC_000005,1,1,1,1,1
RU_HIN_006551,SRC_000001,0,0,0,0,0
RU_HIN_006552,SRC_000001,1,0,1,1,1
RU_HIN_006553,SRC_000005,1,1,1,1,1
RU_HIN_006554,SRC_000005,1,0,1,1,0
RU_HIN_006555,SRC_000001,1,1,1,1,1
RU_HIN_006556,SRC_000005,0,0,0,0,0
RU_HIN_006557,SRC_000004,1,1,1,1,1
RU_HIN_006558,SRC_000002,1,1,1,1,1
RU_HIN_006559,SRC_000005,1,1,1,1,1
RU_HIN_006560,SRC_000002,1,1,1,1,1
RU_HIN_006561,SRC_000004,1,1,1,1,1
RU_HIN_006562,SRC_000001,1,1,1,1,1
RU_HIN_006563,SRC_000004,0,0,0,0,0
RU_HIN_006564,SRC_000005,1,1,1,1,1
RU_HIN_006565,SRC_000003,1,1,1,1,1
RU_HIN_006566,SRC_000001,1,1,1,1,1
RU_HIN_006567,SRC_000001,1,1,1,1,1
RU_HIN_006568,SRC_000003,0,0,0,0,0
RU_HIN_006569,SRC_000001,1,1,1,1,1
RU_HIN_006570,SRC_000001,1,1,1,1,1
RU_HIN_006571,SRC_000002,1,1,1,1,1
RU_HIN_006572,SRC_000001,1,1,1,1,1
RU_HIN_006573,SRC_000002,1,1,1,1,1
RU_HIN_006574,SRC_000005,1,1,1,1,1
RU_HIN_006575,SRC_000004,1,1,1,1,1
RU_HIN_006576,SRC_000002,1,1,1,1,1
RU_HIN_006577,SRC_000005,0,0,0,0,0
RU_HIN_006578,SRC_000003,1,1,1,1,1
RU_HIN_006579,SRC_000001,1,1,1,1,1
RU_HIN_006580,SRC_000003,1,1,1,1,1
RU_HIN_006581,SRC_000001,1,1,1,1,1
RU_HIN_006582,SRC_000001,1,1,1,1,1
RU_HIN_006583,SRC_000004,1,1,1,1,1
RU_HIN_006584,SRC_000005,1,1,1,1,1
RU_HIN_006585,SRC_000004,1,1,1,1,1
RU_HIN_006586,SRC_000005,0,0,0,0,0
RU_HIN_006587,SRC_000001,1,1,1,1,1
RU_HIN_006588,SRC_000003,1,1,1,1,1
RU_HIN_006589,SRC_000004,1,0,1,1,0
RU_HIN_006590,SRC_000001,1,0,1,1,0
RU_HIN_006591,SRC_000004,1,0,1,1,1
RU_HIN_006592,SRC_000004,1,1,1,1,1
RU_HIN_006593,SRC_000002,1,1,1,1,1
RU_HIN_006594,SRC_000002,1,1,1,1,1
RU_HIN_006595,SRC_000004,1,1,1,1,1
RU_HIN_006596,SRC_000001,1,1,1,1,1
RU_HIN_006597,SRC_000003,0,0,0,0,0
RU_HIN_006598,SRC_000001,1,1,1,1,1
RU_HIN_006599,SRC_000005,1,1,1,1,1
RU_HIN_006600,SRC_000005,1,1,1,1,1
RU_HIN_006601,SRC_000001,1,1,1,1,1
RU_HIN_006602,SRC_000005,0,0,0,0,0
RU_HIN_006603,SRC_000005,1,1,1,1,1
RU_HIN_006604,SRC_000004,1,1,1,1,1
RU_HIN_006605,SRC_000004,1,1,1,1,1
RU_HIN_006606,SRC_000005,0,0,0,0,0
RU_HIN_006607,SRC_000003,1,1,1,1,1
RU_HIN_006608,SRC_000003,1,1,1,1,1
RU_HIN_006609,SRC_000005,1,1,1,1,1
RU_HIN_006610,SRC_000004,1,1,1,1,1
RU_HIN_006611,SRC_000001,0,0,0,0,0
RU_HIN_006612,SRC_000001,1,1,1,1,1
RU_HIN_006613,SRC_000005,0,0,0,0,0
RU_HIN_006614,SRC_000002,1,1,1,1,1
RU_HIN_006615,SRC_000001,1,1,1,1,1
RU_HIN_006616,SRC_000005,1,1,1,1,1
RU_HIN_006617,SRC_000005,1,1,1,1,1
RU_HIN_006618,SRC_000005,0,0,0,0,0
RU_HIN_006619,SRC_000005,1,1,1,1,1
RU_HIN_006620,SRC_000001,1,1,1,1,1
RU_HIN_006621,SRC_000001,0,0,0,0,0
RU_HIN_006622,SRC_000001,0,0,0,0,0
RU_HIN_006623,SRC_000001,1,1,1,1,1
RU_HIN_006624,SRC_000002,1,1,1,1,1
RU_HIN_006625,SRC_000005,1,1,1,1,1
RU_HIN_006626,SRC_000001,1,1,1,1,1
RU_HIN_006627,SRC_000003,0,0,0,0,0
RU_HIN_006628,SRC_000004,1,1,1,1,1
RU_HIN_006629,SRC_000002,1,1,1,1,1
RU_HIN_006630,SRC_000003,1,1,1,1,1
RU_HIN_006631,SRC_000002,1,1,1,1,1
RU_HIN_006632,SRC_000003,1,1,1,1,1
RU_HIN_006633,SRC_000002,0,0,0,0,0
RU_HIN_006634,SRC_000003,1,1,1,1,1
RU_HIN_006635,SRC_000005,1,1,1,1,1
RU_HIN_006636,SRC_000002,0,0,0,0,0
RU_HIN_006637,SRC_000003,1,1,1,1,1
RU_HIN_006638,SRC_000001,0,0,0,0,0
RU_HIN_006639,SRC_000002,1,1,1,1,1
RU_HIN_006640,SRC_000002,1,1,1,1,1
RU_HIN_006641,SRC_000004,1,1,1,1,1
RU_HIN_006642,SRC_000001,1,1,1,1,1
RU_HIN_006643,SRC_000004,1,1,1,1,1
RU_HIN_006644,SRC_000001,0,0,0,0,0
RU_HIN_006645,SRC_000003,1,1,1,1,1
RU_HIN_006646,SRC_000005,0,0,0,0,0
RU_HIN_006647,SRC_000005,1,1,1,1,1
RU_HIN_006648,SRC_000001,1,1,1,1,1
RU_HIN_006649,SRC_000001,1,0,1,1,0
RU_HIN_006650,SRC_000004,0,0,0,0,0
RU_HIN_006651,SRC_000004,1,1,1,1,1
RU_HIN_006652,SRC_000003,1,1,1,1,1
RU_HIN_006653,SRC_000004,1,1,1,1,1
RU_HIN_006654,SRC_000001,1,1,1,1,1
RU_HIN_006655,SRC_000001,1,1,1,1,1
RU_HIN_006656,SRC_000003,1,1,1,1,1
RU_HIN_006657,SRC_000005,1,1,1,1,1
RU_HIN_006658,SRC_000002,1,1,1,1,1
RU_HIN_006659,SRC_000005,1,1,1,1,1
RU_HIN_006660,SRC_000002,1,1,1,1,1
RU_HIN_006661,SRC_000001,1,1,1,1,1
RU_HIN_006662,SRC_000001,1,1,1,1,1
RU_HIN_006663,SRC_000004,1,1,1,1,1
RU_HIN_006664,SRC_000001,1,1,1,1,1
RU_HIN_006665,SRC_000001,1,1,1,1,1
RU_HIN_006666,SRC_000002,1,1,1,1,1
RU_HIN_006667,SRC_000005,0,0,0,0,0
RU_HIN_006668,SRC_000003,1,1,1,1,1
RU_HIN_006669,SRC_000004,1,1,1,1,1
RU_HIN_006670,SRC_000001,1,1,1,1,1
RU_HIN_006671,SRC_000004,1,1,1,1,1
RU_HIN_006672,SRC_000001,1,1,1,1,1
RU_HIN_006673,SRC_000002,1,1,1,1,1
RU_HIN_006674,SRC_000001,1,1,1,1,1
RU_HIN_006675,SRC_000005,1,1,1,1,1
RU_HIN_006676,SRC_000004,1,1,1,1,1
RU_HIN_006677,SRC_000001,1,1,1,1,1
RU_HIN_006678,SRC_000004,0,0,0,0,0
RU_HIN_006679,SRC_000005,1,1,1,1,1
RU_HIN_006680,SRC_000001,1,1,1,1,1
RU_HIN_006681,SRC_000005,1,1,1,1,1
RU_HIN_006682,SRC_000001,1,1,1,1,1
RU_HIN_006683,SRC_000001,1,1,1,1,1
RU_HIN_006684,SRC_000001,0,0,0,0,0
RU_HIN_006685,SRC_000001,1,1,1,1,1
RU_HIN_006686,SRC_000005,0,0,0,0,0
RU_HIN_006687,SRC_000005,1,1,1,1,1
RU_HIN_006688,SRC_000002,1,1,1,1,1
RU_HIN_006689,SRC_000002,0,0,0,0,0
RU_HIN_006690,SRC_000004,1,1,1,1,1
RU_HIN_006691,SRC_000002,1,1,1,1,1
RU_HIN_006692,SRC_000001,1,1,1,1,1
RU_HIN_006693,SRC_000004,1,1,1,1,1
RU_HIN_006694,SRC_000003,1,1,1,1,1
RU_HIN_006695,SRC_000001,1,1,1,1,1
RU_HIN_006696,SRC_000004,0,0,0,0,0
RU_HIN_006697,SRC_000004,1,1,1,1,1
RU_HIN_006698,SRC_000002,1,1,1,1,1
RU_HIN_006699,SRC_000001,1,1,1,1,1
RU_HIN_006700,SRC_000005,1,1,1,1,1
RU_HIN_006701,SRC_000004,1,1,1,1,1
RU_HIN_006702,SRC_000002,1,1,1,1,1
RU_HIN_006703,SRC_000002,1,1,1,1,1
RU_HIN_006704,SRC_000004,0,0,0,0,0
RU_HIN_006705,SRC_000005,1,1,1,1,1
RU_HIN_006706,SRC_000005,1,1,1,1,1
RU_HIN_006707,SRC_000003,0,0,0,0,0
RU_HIN_006708,SRC_000003,1,1,1,1,1
RU_HIN_006709,SRC_000004,1,1,1,1,1
RU_HIN_006710,SRC_000001,1,1,1,1,1
RU_HIN_006711,SRC_000001,1,1,1,1,1
RU_HIN_006712,SRC_000005,1,1,1,1,1
RU_HIN_006713,SRC_000003,1,1,1,1,1
RU_HIN_006714,SRC_000004,0,0,0,0,0
RU_HIN_006715,SRC_000004,1,1,1,1,1
RU_HIN_006716,SRC_000001,1,1,1,1,1
RU_HIN_006717,SRC_000002,1,1,1,1,1
RU_HIN_006718,SRC_000004,1,1,1,1,1
RU_HIN_006719,SRC_000002,1,1,1,1,1
RU_HIN_006720,SRC_000001,1,1,1,1,1
RU_HIN_006721,SRC_000005,1,1,1,1,1
RU_HIN_006722,SRC_000002,1,1,1,1,1
RU_HIN_006723,SRC_000003,0,0,0,0,0
RU_HIN_006724,SRC_000003,1,1,1,1,1
RU_HIN_006725,SRC_000004,1,1,1,1,1
RU_HIN_006726,SRC_000004,1,1,1,1,1
RU_HIN_006727,SRC_000001,1,1,1,1,1
RU_HIN_006728,SRC_000003,1,0,1,1,0
RU_HIN_006729,SRC_000004,1,1,1,1,1
RU_HIN_006730,SRC_000003,0,0,0,0,0
RU_HIN_006731,SRC_000002,0,0,0,0,0
RU_HIN_006732,SRC_000001,1,1,1,1,1
RU_HIN_006733,SRC_000005,1,1,1,1,1
RU_HIN_006734,SRC_000003,1,1,1,1,1
RU_HIN_006735,SRC_000002,1,1,1,1,1
RU_HIN_006736,SRC_000005,1,1,1,1,1
RU_HIN_006737,SRC_000004,1,1,1,1,1
RU_HIN_006738,SRC_000005,1,1,1,1,1
RU_HIN_006739,SRC_000002,1,1,1,1,1
RU_HIN_006740,SRC_000005,1,1,1,1,1
RU_HIN_006741,SRC_000001,1,1,1,1,1
RU_HIN_006742,SRC_000005,1,1,1,1,1
RU_HIN_006743,SRC_000004,1,1,1,1,1
RU_HIN_006744,SRC_000003,1,1,1,1,1
RU_HIN_006745,SRC_000003,1,1,1,1,1
RU_HIN_006746,SRC_000003,1,1,1,1,1
RU_HIN_006747,SRC_000002,1,1,1,1,1
RU_HIN_006748,SRC_000001,1,1,1,1,1
RU_HIN_006749,SRC_000002,1,1,1,1,1
RU_HIN_006750,SRC_000005,1,1,1,1,1
RU_HIN_006751,SRC_000003,1,1,1,1,1
RU_HIN_006752,SRC_000004,0,0,0,0,0
RU_HIN_006753,SRC_000001,0,0,0,0,0
RU_HIN_006754,SRC_000005,0,0,0,0,0
RU_HIN_006755,SRC_000004,1,1,1,1,1
RU_HIN_006756,SRC_000004,1,1,1,1,1
RU_HIN_006757,SRC_000002,0,0,0,0,0
RU_HIN_006758,SRC_000003,0,0,0,0,0
RU_HIN_006759,SRC_000004,1,1,1,1,1
RU_HIN_006760,SRC_000004,1,1,1,1,1
RU_HIN_006761,SRC_000003,1,1,1,1,1
RU_HIN_006762,SRC_000001,1,1,1,1,1
RU_HIN_006763,SRC_000004,1,1,1,1,1
RU_HIN_006764,SRC_000002,1,1,1,1,1
RU_HIN_006765,SRC_000003,1,1,1,1,1
RU_HIN_006766,SRC_000005,1,1,1,1,1
RU_HIN_006767,SRC_000003,1,1,1,1,1
RU_HIN_006768,SRC_000002,1,1,1,1,1
RU_HIN_006769,SRC_000005,1,1,1,1,1
RU_HIN_006770,SRC_000004,1,1,1,1,1
RU_HIN_006771,SRC_000001,0,0,0,0,0
RU_HIN_006772,SRC_000004,1,1,1,1,1
RU_HIN_006773,SRC_000002,1,1,1,1,1
RU_HIN_006774,SRC_000001,0,0,0,0,0
RU_HIN_006775,SRC_000003,1,1,1,1,1
RU_HIN_006776,SRC_000004,1,1,1,1,1
RU_HIN_006777,SRC_000001,1,1,1,1,1
RU_HIN_006778,SRC_000005,1,1,1,1,1
RU_HIN_006779,SRC_000003,0,0,0,0,0
RU_HIN_006780,SRC_000005,1,1,1,1,1
RU_HIN_006781,SRC_000005,1,1,1,1,1
RU_HIN_006782,SRC_000002,1,0,1,1,0
RU_HIN_006783,SRC_000003,1,1,1,1,1
RU_HIN_006784,SRC_000003,0,0,0,0,0
RU_HIN_006785,SRC_000003,1,1,1,1,1
RU_HIN_006786,SRC_000004,1,1,1,1,1
RU_HIN_006787,SRC_000002,1,0,1,1,0
RU_HIN_006788,SRC_000002,1,1,1,1,1
RU_HIN_006789,SRC_000004,1,1,1,1,1
RU_HIN_006790,SRC_000001,1,0,1,1,0
RU_HIN_006791,SRC_000005,1,0,1,1,0
RU_HIN_006792,SRC_000005,1,1,1,1,1
RU_HIN_006793,SRC_000003,0,0,0,0,0
RU_HIN_006794,SRC_000001,1,1,1,1,1
RU_HIN_006795,SRC_000001,1,1,1,1,1
RU_HIN_006796,SRC_000001,1,1,1,1,1
RU_HIN_006797,SRC_000004,1,1,1,1,1
RU_HIN_006798,SRC_000001,1,1,1,1,1
RU_HIN_006799,SRC_000005,1,1,1,1,1
RU_HIN_006800,SRC_000004,0,0,0,0,0
RU_HIN_006801,SRC_000005,1,1,1,1,1
RU_HIN_006802,SRC_000005,1,1,1,1,1
RU_HIN_006803,SRC_000001,0,0,0,0,0
RU_HIN_006804,SRC_000002,1,1,1,1,1
RU_HIN_006805,SRC_000005,1,1,1,1,1
RU_HIN_006806,SRC_000004,1,1,1,1,1
RU_HIN_006807,SRC_000003,1,1,1,1,1
RU_HIN_006808,SRC_000003,0,0,0,0,0
RU_HIN_006809,SRC_000004,1,1,1,1,1
RU_HIN_006810,SRC_000004,1,1,1,1,1
RU_HIN_006811,SRC_000002,0,0,0,0,0
RU_HIN_006812,SRC_000005,1,1,1,1,1
RU_HIN_006813,SRC_000003,1,1,1,1,1
RU_HIN_006814,SRC_000005,1,0,1,1,1
RU_HIN_006815,SRC_000005,1,1,1,1,1
RU_HIN_006816,SRC_000005,1,1,1,1,1
RU_HIN_006817,SRC_000004,1,1,1,1,1
RU_HIN_006818,SRC_000004,1,1,1,1,1
RU_HIN_006819,SRC_000001,0,0,0,0,0
RU_HIN_006820,SRC_000002,1,0,1,1,1
RU_HIN_006821,SRC_000001,0,0,0,0,0
RU_HIN_006822,SRC_000004,0,0,0,0,0
RU_HIN_006823,SRC_000001,1,1,1,1,1
RU_HIN_006824,SRC_000005,1,1,1,1,1
RU_HIN_006825,SRC_000002,1,1,1,1,1
RU_HIN_006826,SRC_000001,0,0,0,0,0
RU_HIN_006827,SRC_000005,1,1,1,1,1
RU_HIN_006828,SRC_000001,1,1,1,1,1
RU_HIN_006829,SRC_000004,1,1,1,1,1
RU_HIN_006830,SRC_000003,1,1,1,1,1
RU_HIN_006831,SRC_000003,1,1,1,1,1
RU_HIN_006832,SRC_000001,1,1,1,1,1
RU_HIN_006833,SRC_000003,1,1,1,1,1
RU_HIN_006834,SRC_000005,0,0,0,0,0
RU_HIN_006835,SRC_000003,1,1,1,1,1
RU_HIN_006836,SRC_000002,1,1,1,1,1
RU_HIN_006837,SRC_000003,1,1,1,1,1
RU_HIN_006838,SRC_000003,1,1,1,1,1
RU_HIN_006839,SRC_000001,1,1,1,1,1
RU_HIN_006840,SRC_000005,1,0,1,1,1
RU_HIN_006841,SRC_000004,1,1,1,1,1
RU_HIN_006842,SRC_000003,1,1,1,1,1
RU_HIN_006843,SRC_000002,0,0,0,0,0
RU_HIN_006844,SRC_000002,1,1,1,1,1
RU_HIN_006845,SRC_000004,1,1,1,1,1
RU_HIN_006846,SRC_000001,1,1,1,1,1
RU_HIN_006847,SRC_000005,1,1,1,1,1
RU_HIN_006848,SRC_000003,1,1,1,1,1
RU_HIN_006849,SRC_000005,0,0,0,0,0
RU_HIN_006850,SRC_000002,1,1,1,1,1
RU_HIN_006851,SRC_000002,1,1,1,1,1
RU_HIN_006852,SRC_000004,1,1,1,1,1
RU_HIN_006853,SRC_000002,1,1,1,1,1
RU_HIN_006854,SRC_000005,1,1,1,1,1
RU_HIN_006855,SRC_000001,1,1,1,1,1
RU_HIN_006856,SRC_000001,1,1,1,1,1
RU_HIN_006857,SRC_000004,0,0,0,0,0
RU_HIN_006858,SRC_000001,1,1,1,1,1
RU_HIN_006859,SRC_000002,1,1,1,1,1
RU_HIN_006860,SRC_000004,1,1,1,1,1
RU_HIN_006861,SRC_000004,1,1,1,1,1
RU_HIN_006862,SRC_000002,0,0,0,0,0
RU_HIN_006863,SRC_000001,1,1,1,1,1
RU_HIN_006864,SRC_000005,1,1,1,1,1
RU_HIN_006865,SRC_000001,1,1,1,1,1
RU_HIN_006866,SRC_000001,0,0,0,0,0
RU_HIN_006867,SRC_000005,1,1,1,1,1
RU_HIN_006868,SRC_000003,1,1,1,1,1
RU_HIN_006869,SRC_000003,1,1,1,1,1
RU_HIN_006870,SRC_000005,0,0,0,0,0
RU_HIN_006871,SRC_000002,1,1,1,1,1
RU_HIN_006872,SRC_000005,0,0,0,0,0
RU_HIN_006873,SRC_000001,1,1,1,1,1
RU_HIN_006874,SRC_000003,1,1,1,1,1
RU_HIN_006875,SRC_000005,1,1,1,1,1
RU_HIN_006876,SRC_000004,0,0,0,0,0
RU_HIN_006877,SRC_000001,1,1,1,1,1
RU_HIN_006878,SRC_000002,1,1,1,1,1
RU_HIN_006879,SRC_000003,1,1,1,1,1
RU_HIN_006880,SRC_000003,1,1,1,1,1
RU_HIN_006881,SRC_000004,0,0,0,0,0
RU_HIN_006882,SRC_000005,1,1,1,1,1
RU_HIN_006883,SRC_000004,1,0,1,1,0
RU_HIN_006884,SRC_000002,1,1,1,1,1
RU_HIN_006885,SRC_000005,1,1,1,1,1
RU_HIN_006886,SRC_000002,0,0,0,0,0
RU_HIN_006887,SRC_000004,1,1,1,1,1
RU_HIN_006888,SRC_000001,1,1,1,1,1
RU_HIN_006889,SRC_000004,1,1,1,1,1
RU_HIN_006890,SRC_000003,1,1,1,1,1
RU_HIN_006891,SRC_000005,0,0,0,0,0
RU_HIN_006892,SRC_000004,1,1,1,1,1
RU_HIN_006893,SRC_000003,1,1,1,1,1
RU_HIN_006894,SRC_000005,0,0,0,0,0
RU_HIN_006895,SRC_000002,1,1,1,1,1
RU_HIN_006896,SRC_000003,0,0,0,0,0
RU_HIN_006897,SRC_000001,1,1,1,1,1
RU_HIN_006898,SRC_000001,1,1,1,1,1
RU_HIN_006899,SRC_000001,1,1,1,1,1
RU_HIN_006900,SRC_000001,1,1,1,1,1
RU_HIN_006901,SRC_000001,0,0,0,0,0
RU_HIN_006902,SRC_000001,1,1,1,1,1
RU_HIN_006903,SRC_000005,1,1,1,1,1
RU_HIN_006904,SRC_000002,0,0,0,0,0
RU_HIN_006905,SRC_000001,1,0,1,1,0
RU_HIN_006906,SRC_000001,0,0,0,0,0
RU_HIN_006907,SRC_000004,0,0,0,0,0
RU_HIN_006908,SRC_000005,1,1,1,1,1
RU_HIN_006909,SRC_000003,1,1,1,1,1
RU_HIN_006910,SRC_000004,1,1,1,1,1
RU_HIN_006911,SRC_000005,1,1,1,1,1
RU_HIN_006912,SRC_000002,0,0,0,0,0
RU_HIN_006913,SRC_000005,1,1,1,1,1
RU_HIN_006914,SRC_000003,1,1,1,1,1
RU_HIN_006915,SRC_000005,1,0,1,1,0
RU_HIN_006916,SRC_000003,0,0,0,0,0
RU_HIN_006917,SRC_000003,1,1,1,1,1
RU_HIN_006918,SRC_000002,1,1,1,1,1
RU_HIN_006919,SRC_000001,0,0,0,0,0
RU_HIN_006920,SRC_000004,1,1,1,1,1
RU_HIN_006921,SRC_000002,1,1,1,1,1
RU_HIN_006922,SRC_000004,0,0,0,0,0
RU_HIN_006923,SRC_000005,1,1,1,1,1
RU_HIN_006924,SRC_000004,0,0,0,0,0
RU_HIN_006925,SRC_000003,0,0,0,0,0
RU_HIN_006926,SRC_000003,1,1,1,1,1
RU_HIN_006927,SRC_000003,1,1,1,1,1
RU_HIN_006928,SRC_000003,1,1,1,1,1
RU_HIN_006929,SRC_000003,1,1,1,1,1
RU_HIN_006930,SRC_000001,1,1,1,1,1
RU_HIN_006931,SRC_000003,1,1,1,1,1
RU_HIN_006932,SRC_000002,1,1,1,1,1
RU_HIN_006933,SRC_000002,1,1,1,1,1
RU_HIN_006934,SRC_000001,1,1,1,1,1
RU_HIN_006935,SRC_000005,0,0,0,0,0
RU_HIN_006936,SRC_000005,1,1,1,1,1
RU_HIN_006937,SRC_000005,1,1,1,1,1
RU_HIN_006938,SRC_000002,1,1,1,1,1
RU_HIN_006939,SRC_000004,1,1,1,1,1
RU_HIN_006940,SRC_000004,1,1,1,1,1
RU_HIN_006941,SRC_000005,0,0,0,0,0
RU_HIN_006942,SRC_000002,0,0,0,0,0
RU_HIN_006943,SRC_000002,1,1,1,1,1
RU_HIN_006944,SRC_000002,1,1,1,1,1
RU_HIN_006945,SRC_000005,0,0,0,0,0
RU_HIN_006946,SRC_000004,0,0,0,0,0
RU_HIN_006947,SRC_000001,1,1,1,1,1
RU_HIN_006948,SRC_000005,1,1,1,1,1
RU_HIN_006949,SRC_000003,1,1,1,1,1
RU_HIN_006950,SRC_000004,1,1,1,1,1
RU_HIN_006951,SRC_000004,1,1,1,1,1
RU_HIN_006952,SRC_000004,1,1,1,1,1
RU_HIN_006953,SRC_000003,1,1,1,1,1
RU_HIN_006954,SRC_000004,1,1,1,1,1
RU_HIN_006955,SRC_000005,1,1,1,1,1
RU_HIN_006956,SRC_000003,1,1,1,1,1
RU_HIN_006957,SRC_000003,1,1,1,1,1
RU_HIN_006958,SRC_000005,1,1,1,1,1
RU_HIN_006959,SRC_000001,1,1,1,1,1
RU_HIN_006960,SRC_000004,1,1,1,1,1
RU_HIN_006961,SRC_000005,1,1,1,1,1
RU_HIN_006962,SRC_000005,1,1,1,1,1
RU_HIN_006963,SRC_000003,1,1,1,1,1
RU_HIN_006964,SRC_000003,1,1,1,1,1
RU_HIN_006965,SRC_000004,0,0,0,0,0
RU_HIN_006966,SRC_000002,0,0,0,0,0
RU_HIN_006967,SRC_000001,1,1,1,1,1
RU_HIN_006968,SRC_000001,1,0,1,1,1
RU_HIN_006969,SRC_000004,1,1,1,1,1
RU_HIN_006970,SRC_000003,1,1,1,1,1
RU_HIN_006971,SRC_000002,1,1,1,1,1
RU_HIN_006972,SRC_000005,1,1,1,1,1
RU_HIN_006973,SRC_000003,0,0,0,0,0
RU_HIN_006974,SRC_000002,0,0,0,0,0
RU_HIN_006975,SRC_000002,1,1,1,1,1
RU_HIN_006976,SRC_000005,1,1,1,1,1
RU_HIN_006977,SRC_000001,1,1,1,1,1
RU_HIN_006978,SRC_000003,1,1,1,1,1
RU_HIN_006979,SRC_000004,1,1,1,1,1
RU_HIN_006980,SRC_000003,1,1,1,1,1
RU_HIN_006981,SRC_000005,1,1,1,1,1
RU_HIN_006982,SRC_000001,0,0,0,0,0
RU_HIN_006983,SRC_000005,1,1,1,1,1
RU_HIN_006984,SRC_000005,1,1,1,1,1
RU_HIN_006985,SRC_000005,0,0,0,0,0
RU_HIN_006986,SRC_000004,1,1,1,1,1
RU_HIN_006987,SRC_000001,1,1,1,1,1
RU_HIN_006988,SRC_000005,0,0,0,0,0
RU_HIN_006989,SRC_000002,0,0,0,0,0
RU_HIN_006990,SRC_000002,0,0,0,0,0
RU_HIN_006991,SRC_000003,0,0,0,0,0
RU_HIN_006992,SRC_000004,1,1,1,1,1
RU_HIN_006993,SRC_000003,1,1,1,1,1
RU_HIN_006994,SRC_000004,1,1,1,1,1
RU_HIN_006995,SRC_000005,1,1,1,1,1
RU_HIN_006996,SRC_000004,1,0,1,1,0
RU_HIN_006997,SRC_000004,1,1,1,1,1
RU_HIN_006998,SRC_000003,1,1,1,1,1
RU_HIN_006999,SRC_000002,0,0,0,0,0
RU_HIN_007000,SRC_000002,1,1,1,1,1
RU_HIN_007001,SRC_000003,1,1,1,1,1
RU_HIN_007002,SRC_000005,1,1,1,1,1
RU_HIN_007003,SRC_000002,1,1,1,1,1
RU_HIN_007004,SRC_000005,0,0,0,0,0
RU_HIN_007005,SRC_000001,1,1,1,1,1
RU_HIN_007006,SRC_000002,1,1,1,1,1
RU_HIN_007007,SRC_000005,1,1,1,1,1
RU_HIN_007008,SRC_000004,1,1,1,1,1
RU_HIN_007009,SRC_000001,1,1,1,1,1
RU_HIN_007010,SRC_000005,1,1,1,1,1
RU_HIN_007011,SRC_000004,1,1,1,1,1
RU_HIN_007012,SRC_000005,1,1,1,1,1
RU_HIN_007013,SRC_000003,1,1,1,1,1
RU_HIN_007014,SRC_000002,1,1,1,1,1
RU_HIN_007015,SRC_000001,1,1,1,1,1
RU_HIN_007016,SRC_000005,0,0,0,0,0
RU_HIN_007017,SRC_000001,0,0,0,0,0
RU_HIN_007018,SRC_000002,1,1,1,1,1
RU_HIN_007019,SRC_000005,0,0,0,0,0
RU_HIN_007020,SRC_000004,1,1,1,1,1
RU_HIN_007021,SRC_000005,1,1,1,1,1
RU_HIN_007022,SRC_000002,1,1,1,1,1
RU_HIN_007023,SRC_000005,1,1,1,1,1
RU_HIN_007024,SRC_000005,1,1,1,1,1
RU_HIN_007025,SRC_000005,1,1,1,1,1
RU_HIN_007026,SRC_000005,1,1,1,1,1
RU_HIN_007027,SRC_000005,1,1,1,1,1
RU_HIN_007028,SRC_000002,1,1,1,1,1
RU_HIN_007029,SRC_000004,1,1,1,1,1
RU_HIN_007030,SRC_000002,0,0,0,0,0
RU_HIN_007031,SRC_000003,1,1,1,1,1
RU_HIN_007032,SRC_000005,1,1,1,1,1
RU_HIN_007033,SRC_000004,1,1,1,1,1
RU_HIN_007034,SRC_000001,1,1,1,1,1
RU_HIN_007035,SRC_000004,1,1,1,1,1
RU_HIN_007036,SRC_000001,1,1,1,1,1
RU_HIN_007037,SRC_000005,1,1,1,1,1
RU_HIN_007038,SRC_000003,1,1,1,1,1
RU_HIN_007039,SRC_000001,0,0,0,0,0
RU_HIN_007040,SRC_000005,0,0,0,0,0
RU_HIN_007041,SRC_000004,1,1,1,1,1
RU_HIN_007042,SRC_000002,1,1,1,1,1
RU_HIN_007043,SRC_000003,1,1,1,1,1
RU_HIN_007044,SRC_000002,0,0,0,0,0
RU_HIN_007045,SRC_000002,1,1,1,1,1
RU_HIN_007046,SRC_000002,1,1,1,1,1
RU_HIN_007047,SRC_000001,0,0,0,0,0
RU_HIN_007048,SRC_000002,1,1,1,1,1
RU_HIN_007049,SRC_000003,1,1,1,1,1
RU_HIN_007050,SRC_000002,1,1,1,1,1
RU_HIN_007051,SRC_000003,1,1,1,1,1
RU_HIN_007052,SRC_000001,1,1,1,1,1
RU_HIN_007053,SRC_000004,1,1,1,1,1
RU_HIN_007054,SRC_000001,0,0,0,0,0
RU_HIN_007055,SRC_000003,1,1,1,1,1
RU_HIN_007056,SRC_000003,1,1,1,1,1
RU_HIN_007057,SRC_000005,1,0,1,1,1
RU_HIN_007058,SRC_000002,0,0,0,0,0
RU_HIN_007059,SRC_000002,0,0,0,0,0
RU_HIN_007060,SRC_000003,1,1,1,1,1
RU_HIN_007061,SRC_000005,1,1,1,1,1
RU_HIN_007062,SRC_000005,1,1,1,1,1
RU_HIN_007063,SRC_000003,1,1,1,1,1
RU_HIN_007064,SRC_000001,1,1,1,1,1
RU_HIN_007065,SRC_000001,1,1,1,1,1
RU_HIN_007066,SRC_000003,1,1,1,1,1
RU_HIN_007067,SRC_000005,1,1,1,1,1
RU_HIN_007068,SRC_000004,1,1,1,1,1
RU_HIN_007069,SRC_000002,0,0,0,0,0
RU_HIN_007070,SRC_000005,1,1,1,1,1
RU_HIN_007071,SRC_000002,1,1,1,1,1
RU_HIN_007072,SRC_000004,1,1,1,1,1
RU_HIN_007073,SRC_000004,1,1,1,1,1
RU_HIN_007074,SRC_000001,1,1,1,1,1
RU_HIN_007075,SRC_000005,1,1,1,1,1
RU_HIN_007076,SRC_000004,1,1,1,1,1
RU_HIN_007077,SRC_000002,1,1,1,1,1
RU_HIN_007078,SRC_000002,1,0,1,1,0
RU_HIN_007079,SRC_000005,1,1,1,1,1
RU_HIN_007080,SRC_000003,1,1,1,1,1
RU_HIN_007081,SRC_000001,1,1,1,1,1
RU_HIN_007082,SRC_000002,1,1,1,1,1
RU_HIN_007083,SRC_000002,0,0,0,0,0
RU_HIN_007084,SRC_000002,1,1,1,1,1
RU_HIN_007085,SRC_000004,1,1,1,1,1
RU_HIN_007086,SRC_000001,0,0,0,0,0
RU_HIN_007087,SRC_000004,1,0,1,1,1
RU_HIN_007088,SRC_000005,0,0,0,0,0
RU_HIN_007089,SRC_000001,1,1,1,1,1
RU_HIN_007090,SRC_000001,1,1,1,1,1
RU_HIN_007091,SRC_000005,1,1,1,1,1
RU_HIN_007092,SRC_000002,1,1,1,1,1
RU_HIN_007093,SRC_000001,1,1,1,1,1
RU_HIN_007094,SRC_000001,1,1,1,1,1
RU_HIN_007095,SRC_000001,1,1,1,1,1
RU_HIN_007096,SRC_000002,1,1,1,1,1
RU_HIN_007097,SRC_000003,0,0,0,0,0
RU_HIN_007098,SRC_000003,1,1,1,1,1
RU_HIN_007099,SRC_000002,1,1,1,1,1
RU_HIN_007100,SRC_000004,1,1,1,1,1
RU_HIN_007101,SRC_000002,1,1,1,1,1
RU_HIN_007102,SRC_000003,1,1,1,1,1
RU_HIN_007103,SRC_000005,0,0,0,0,0
RU_HIN_007104,SRC_000002,1,1,1,1,1
RU_HIN_007105,SRC_000004,1,1,1,1,1
RU_HIN_007106,SRC_000004,1,1,1,1,1
RU_HIN_007107,SRC_000002,1,1,1,1,1
RU_HIN_007108,SRC_000002,1,1,1,1,1
RU_HIN_007109,SRC_000003,1,1,1,1,1
RU_HIN_007110,SRC_000004,1,1,1,1,1
RU_HIN_007111,SRC_000004,1,1,1,1,1
RU_HIN_007112,SRC_000001,1,1,1,1,1
RU_HIN_007113,SRC_000003,1,1,1,1,1
RU_HIN_007114,SRC_000001,1,1,1,1,1
RU_HIN_007115,SRC_000005,1,1,1,1,1
RU_HIN_007116,SRC_000001,1,1,1,1,1
RU_HIN_007117,SRC_000003,1,1,1,1,1
RU_HIN_007118,SRC_000001,1,1,1,1,1
RU_HIN_007119,SRC_000003,0,0,0,0,0
RU_HIN_007120,SRC_000001,1,1,1,1,1
RU_HIN_007121,SRC_000001,1,1,1,1,1
RU_HIN_007122,SRC_000003,1,1,1,1,1
RU_HIN_007123,SRC_000002,1,1,1,1,1
RU_HIN_007124,SRC_000004,1,1,1,1,1
RU_HIN_007125,SRC_000002,0,0,0,0,0
RU_HIN_007126,SRC_000003,1,0,1,1,1
RU_HIN_007127,SRC_000003,1,1,1,1,1
RU_HIN_007128,SRC_000001,1,0,1,1,0
RU_HIN_007129,SRC_000001,1,0,1,1,0
RU_HIN_007130,SRC_000002,1,1,1,1,1
RU_HIN_007131,SRC_000005,0,0,0,0,0
RU_HIN_007132,SRC_000003,1,1,1,1,1
RU_HIN_007133,SRC_000004,0,0,0,0,0
RU_HIN_007134,SRC_000005,1,1,1,1,1
RU_HIN_007135,SRC_000003,1,1,1,1,1
RU_HIN_007136,SRC_000002,1,1,1,1,1
RU_HIN_007137,SRC_000003,1,1,1,1,1
RU_HIN_007138,SRC_000004,0,0,0,0,0
RU_HIN_007139,SRC_000002,0,0,0,0,0
RU_HIN_007140,SRC_000003,1,1,1,1,1
RU_HIN_007141,SRC_000001,1,1,1,1,1
RU_HIN_007142,SRC_000005,1,1,1,1,1
RU_HIN_007143,SRC_000001,0,0,0,0,0
RU_HIN_007144,SRC_000003,1,1,1,1,1
RU_HIN_007145,SRC_000005,1,1,1,1,1
RU_HIN_007146,SRC_000004,1,1,1,1,1
RU_HIN_007147,SRC_000002,1,1,1,1,1
RU_HIN_007148,SRC_000001,1,0,1,1,0
RU_HIN_007149,SRC_000001,1,0,1,1,1
RU_HIN_007150,SRC_000003,1,1,1,1,1
RU_HIN_007151,SRC_000003,1,1,1,1,1
RU_HIN_007152,SRC_000001,1,1,1,1,1
RU_HIN_007153,SRC_000004,0,0,0,0,0
RU_HIN_007154,SRC_000004,1,1,1,1,1
RU_HIN_007155,SRC_000001,1,1,1,1,1
RU_HIN_007156,SRC_000005,1,1,1,1,1
RU_HIN_007157,SRC_000004,1,1,1,1,1
RU_HIN_007158,SRC_000003,1,1,1,1,1
RU_HIN_007159,SRC_000003,1,1,1,1,1
RU_HIN_007160,SRC_000003,0,0,0,0,0
RU_HIN_007161,SRC_000002,1,1,1,1,1
RU_HIN_007162,SRC_000005,1,1,1,1,1
RU_HIN_007163,SRC_000004,1,0,1,1,1
RU_HIN_007164,SRC_000002,0,0,0,0,0
RU_HIN_007165,SRC_000004,1,1,1,1,1
RU_HIN_007166,SRC_000001,1,1,1,1,1
RU_HIN_007167,SRC_000001,0,0,0,0,0
RU_HIN_007168,SRC_000005,1,1,1,1,1
RU_HIN_007169,SRC_000005,1,1,1,1,1
RU_HIN_007170,SRC_000001,0,0,0,0,0
RU_HIN_007171,SRC_000004,1,1,1,1,1
RU_HIN_007172,SRC_000005,1,1,1,1,1
RU_HIN_007173,SRC_000003,1,1,1,1,1
RU_HIN_007174,SRC_000002,0,0,0,0,0
RU_HIN_007175,SRC_000005,0,0,0,0,0
RU_HIN_007176,SRC_000002,1,1,1,1,1
RU_HIN_007177,SRC_000005,0,0,0,0,0
RU_HIN_007178,SRC_000004,1,1,1,1,1
RU_HIN_007179,SRC_000005,1,1,1,1,1
RU_HIN_007180,SRC_000002,0,0,0,0,0
RU_HIN_007181,SRC_000005,1,1,1,1,1
RU_HIN_007182,SRC_000004,1,1,1,1,1
RU_HIN_007183,SRC_000004,1,1,1,1,1
RU_HIN_007184,SRC_000005,1,1,1,1,1
RU_HIN_007185,SRC_000002,1,1,1,1,1
RU_HIN_007186,SRC_000001,1,1,1,1,1
RU_HIN_007187,SRC_000001,1,1,1,1,1
RU_HIN_007188,SRC_000005,1,1,1,1,1
RU_HIN_007189,SRC_000005,1,1,1,1,1
RU_HIN_007190,SRC_000004,1,1,1,1,1
RU_HIN_007191,SRC_000001,1,0,1,1,0
RU_HIN_007192,SRC_000002,1,1,1,1,1
RU_HIN_007193,SRC_000004,1,1,1,1,1
RU_HIN_007194,SRC_000002,1,1,1,1,1
RU_HIN_007195,SRC_000003,0,0,0,0,0
RU_HIN_007196,SRC_000003,1,1,1,1,1
RU_HIN_007197,SRC_000003,1,1,1,1,1
RU_HIN_007198,SRC_000001,1,0,1,1,1
RU_HIN_007199,SRC_000004,1,1,1,1,1
RU_HIN_007200,SRC_000002,1,1,1,1,1
RU_HIN_007201,SRC_000001,1,1,1,1,1
RU_HIN_007202,SRC_000005,1,1,1,1,1
RU_HIN_007203,SRC_000004,1,0,1,1,1
RU_HIN_007204,SRC_000003,1,0,1,1,0
RU_HIN_007205,SRC_000004,1,1,1,1,1
RU_HIN_007206,SRC_000003,1,1,1,1,1
RU_HIN_007207,SRC_000001,1,1,1,1,1
RU_HIN_007208,SRC_000002,1,1,1,1,1
RU_HIN_007209,SRC_000001,1,1,1,1,1
RU_HIN_007210,SRC_000005,1,0,1,1,0
RU_HIN_007211,SRC_000003,1,1,1,1,1
RU_HIN_007212,SRC_000002,1,1,1,1,1
RU_HIN_007213,SRC_000002,1,1,1,1,1
RU_HIN_007214,SRC_000004,0,0,0,0,0
RU_HIN_007215,SRC_000002,1,1,1,1,1
RU_HIN_007216,SRC_000002,1,1,1,1,1
RU_HIN_007217,SRC_000001,0,0,0,0,0
RU_HIN_007218,SRC_000004,1,1,1,1,1
RU_HIN_007219,SRC_000005,1,1,1,1,1
RU_HIN_007220,SRC_000002,0,0,0,0,0
RU_HIN_007221,SRC_000004,1,1,1,1,1
RU_HIN_007222,SRC_000002,1,1,1,1,1
RU_HIN_007223,SRC_000003,1,1,1,1,1
RU_HIN_007224,SRC_000003,1,1,1,1,1
RU_HIN_007225,SRC_000004,1,1,1,1,1
RU_HIN_007226,SRC_000001,0,0,0,0,0
RU_HIN_007227,SRC_000004,1,1,1,1,1
RU_HIN_007228,SRC_000003,1,1,1,1,1
RU_HIN_007229,SRC_000002,1,1,1,1,1
RU_HIN_007230,SRC_000005,1,1,1,1,1
RU_HIN_007231,SRC_000003,1,1,1,1,1
RU_HIN_007232,SRC_000005,1,1,1,1,1
RU_HIN_007233,SRC_000002,1,1,1,1,1
RU_HIN_007234,SRC_000005,1,1,1,1,1
RU_HIN_007235,SRC_000005,1,1,1,1,1
RU_HIN_007236,SRC_000005,1,1,1,1,1
RU_HIN_007237,SRC_000003,1,1,1,1,1
RU_HIN_007238,SRC_000005,0,0,0,0,0
RU_HIN_007239,SRC_000004,0,0,0,0,0
RU_HIN_007240,SRC_000001,1,1,1,1,1
RU_HIN_007241,SRC_000004,1,1,1,1,1
RU_HIN_007242,SRC_000001,1,1,1,1,1
RU_HIN_007243,SRC_000004,1,1,1,1,1
RU_HIN_007244,SRC_000005,1,1,1,1,1
RU_HIN_007245,SRC_000005,1,1,1,1,1
RU_HIN_007246,SRC_000001,1,1,1,1,1
RU_HIN_007247,SRC_000002,1,1,1,1,1
RU_HIN_007248,SRC_000003,1,1,1,1,1
RU_HIN_007249,SRC_000004,1,1,1,1,1
RU_HIN_007250,SRC_000005,1,1,1,1,1
RU_HIN_007251,SRC_000003,1,1,1,1,1
RU_HIN_007252,SRC_000003,1,1,1,1,1
RU_HIN_007253,SRC_000001,1,1,1,1,1
RU_HIN_007254,SRC_000001,1,1,1,1,1
RU_HIN_007255,SRC_000002,0,0,0,0,0
RU_HIN_007256,SRC_000002,1,1,1,1,1
RU_HIN_007257,SRC_000002,1,1,1,1,1
RU_HIN_007258,SRC_000002,0,0,0,0,0
RU_HIN_007259,SRC_000005,1,1,1,1,1
RU_HIN_007260,SRC_000001,1,1,1,1,1
RU_HIN_007261,SRC_000005,1,1,1,1,1
RU_HIN_007262,SRC_000005,1,1,1,1,1
RU_HIN_007263,SRC_000004,1,0,1,1,1
RU_HIN_007264,SRC_000002,1,1,1,1,1
RU_HIN_007265,SRC_000005,1,1,1,1,1
RU_HIN_007266,SRC_000003,1,1,1,1,1
RU_HIN_007267,SRC_000004,0,0,0,0,0
RU_HIN_007268,SRC_000001,1,1,1,1,1
RU_HIN_007269,SRC_000003,1,1,1,1,1
RU_HIN_007270,SRC_000005,1,1,1,1,1
RU_HIN_007271,SRC_000002,1,1,1,1,1
RU_HIN_007272,SRC_000003,0,0,0,0,0
RU_HIN_007273,SRC_000002,1,1,1,1,1
RU_HIN_007274,SRC_000003,1,1,1,1,1
RU_HIN_007275,SRC_000003,1,1,1,1,1
RU_HIN_007276,SRC_000002,1,1,1,1,1
RU_HIN_007277,SRC_000004,1,1,1,1,1
RU_HIN_007278,SRC_000003,0,0,0,0,0
RU_HIN_007279,SRC_000001,0,0,0,0,0
RU_HIN_007280,SRC_000003,1,1,1,1,1
RU_HIN_007281,SRC_000002,1,1,1,1,1
RU_HIN_007282,SRC_000001,0,0,0,0,0
RU_HIN_007283,SRC_000004,1,1,1,1,1
RU_HIN_007284,SRC_000002,0,0,0,0,0
RU_HIN_007285,SRC_000003,1,1,1,1,1
RU_HIN_007286,SRC_000001,0,0,0,0,0
RU_HIN_007287,SRC_000003,1,1,1,1,1
RU_HIN_007288,SRC_000004,1,1,1,1,1
RU_HIN_007289,SRC_000003,1,1,1,1,1
RU_HIN_007290,SRC_000004,0,0,0,0,0
RU_HIN_007291,SRC_000002,1,1,1,1,1
RU_HIN_007292,SRC_000004,1,1,1,1,1
RU_HIN_007293,SRC_000001,1,1,1,1,1
RU_HIN_007294,SRC_000003,1,0,1,1,0
RU_HIN_007295,SRC_000005,1,1,1,1,1
RU_HIN_007296,SRC_000005,1,1,1,1,1
RU_HIN_007297,SRC_000005,1,1,1,1,1
RU_HIN_007298,SRC_000003,1,1,1,1,1
RU_HIN_007299,SRC_000003,0,0,0,0,0
RU_HIN_007300,SRC_000004,1,1,1,1,1
RU_HIN_007301,SRC_000003,0,0,0,0,0
RU_HIN_007302,SRC_000002,1,1,1,1,1
RU_HIN_007303,SRC_000005,1,1,1,1,1
RU_HIN_007304,SRC_000002,0,0,0,0,0
RU_HIN_007305,SRC_000001,1,1,1,1,1
RU_HIN_007306,SRC_000001,0,0,0,0,0
RU_HIN_007307,SRC_000001,1,1,1,1,1
RU_HIN_007308,SRC_000004,0,0,0,0,0
RU_HIN_007309,SRC_000001,1,1,1,1,1
RU_HIN_007310,SRC_000005,0,0,0,0,0
RU_HIN_007311,SRC_000004,1,1,1,1,1
RU_HIN_007312,SRC_000004,1,1,1,1,1
RU_HIN_007313,SRC_000003,0,0,0,0,0
RU_HIN_007314,SRC_000002,0,0,0,0,0
RU_HIN_007315,SRC_000004,1,1,1,1,1
RU_HIN_007316,SRC_000002,1,1,1,1,1
RU_HIN_007317,SRC_000002,1,1,1,1,1
RU_HIN_007318,SRC_000001,0,0,0,0,0
RU_HIN_007319,SRC_000001,1,1,1,1,1
RU_HIN_007320,SRC_000004,1,1,1,1,1
RU_HIN_007321,SRC_000002,1,1,1,1,1
RU_HIN_007322,SRC_000004,1,1,1,1,1
RU_HIN_007323,SRC_000002,1,1,1,1,1
RU_HIN_007324,SRC_000004,1,0,1,1,0
RU_HIN_007325,SRC_000001,1,1,1,1,1
RU_HIN_007326,SRC_000001,1,1,1,1,1
RU_HIN_007327,SRC_000001,1,1,1,1,1
RU_HIN_007328,SRC_000002,1,1,1,1,1
RU_HIN_007329,SRC_000005,0,0,0,0,0
RU_HIN_007330,SRC_000002,1,1,1,1,1
RU_HIN_007331,SRC_000002,1,1,1,1,1
RU_HIN_007332,SRC_000001,0,0,0,0,0
RU_HIN_007333,SRC_000005,1,1,1,1,1
RU_HIN_007334,SRC_000005,1,1,1,1,1
RU_HIN_007335,SRC_000004,1,1,1,1,1
RU_HIN_007336,SRC_000001,1,1,1,1,1
RU_HIN_007337,SRC_000001,0,0,0,0,0
RU_HIN_007338,SRC_000005,1,1,1,1,1
RU_HIN_007339,SRC_000005,1,1,1,1,1
RU_HIN_007340,SRC_000005,1,1,1,1,1
RU_HIN_007341,SRC_000003,0,0,0,0,0
RU_HIN_007342,SRC_000002,1,1,1,1,1
RU_HIN_007343,SRC_000003,0,0,0,0,0
RU_HIN_007344,SRC_000001,1,1,1,1,1
RU_HIN_007345,SRC_000001,0,0,0,0,0
RU_HIN_007346,SRC_000004,1,1,1,1,1
RU_HIN_007347,SRC_000005,1,1,1,1,1
RU_HIN_007348,SRC_000001,1,1,1,1,1
RU_HIN_007349,SRC_000003,1,1,1,1,1
RU_HIN_007350,SRC_000005,1,1,1,1,1
RU_HIN_007351,SRC_000002,0,0,0,0,0
RU_HIN_007352,SRC_000005,1,1,1,1,1
RU_HIN_007353,SRC_000001,0,0,0,0,0
RU_HIN_007354,SRC_000001,1,1,1,1,1
RU_HIN_007355,SRC_000002,1,0,1,1,0
RU_HIN_007356,SRC_000001,1,0,1,1,0
RU_HIN_007357,SRC_000004,1,1,1,1,1
RU_HIN_007358,SRC_000004,1,1,1,1,1
RU_HIN_007359,SRC_000001,0,0,0,0,0
RU_HIN_007360,SRC_000002,1,1,1,1,1
RU_HIN_007361,SRC_000002,1,1,1,1,1
RU_HIN_007362,SRC_000004,1,1,1,1,1
RU_HIN_007363,SRC_000001,1,1,1,1,1
RU_HIN_007364,SRC_000004,1,1,1,1,1
RU_HIN_007365,SRC_000002,0,0,0,0,0
RU_HIN_007366,SRC_000002,1,1,1,1,1
RU_HIN_007367,SRC_000002,1,1,1,1,1
RU_HIN_007368,SRC_000002,0,0,0,0,0
RU_HIN_007369,SRC_000001,1,1,1,1,1
RU_HIN_007370,SRC_000004,1,1,1,1,1
RU_HIN_007371,SRC_000001,0,0,0,0,0
RU_HIN_007372,SRC_000003,0,0,0,0,0
RU_HIN_007373,SRC_000001,1,1,1,1,1
RU_HIN_007374,SRC_000004,1,1,1,1,1
RU_HIN_007375,SRC_000002,1,1,1,1,1
RU_HIN_007376,SRC_000005,0,0,0,0,0
RU_HIN_007377,SRC_000003,1,1,1,1,1
RU_HIN_007378,SRC_000001,0,0,0,0,0
RU_HIN_007379,SRC_000005,1,1,1,1,1
RU_HIN_007380,SRC_000004,1,1,1,1,1
RU_HIN_007381,SRC_000003,0,0,0,0,0
RU_HIN_007382,SRC_000001,0,0,0,0,0
RU_HIN_007383,SRC_000001,1,1,1,1,1
RU_HIN_007384,SRC_000001,1,1,1,1,1
RU_HIN_007385,SRC_000005,1,1,1,1,1
RU_HIN_007386,SRC_000004,1,0,1,1,0
RU_HIN_007387,SRC_000005,0,0,0,0,0
RU_HIN_007388,SRC_000003,1,1,1,1,1
RU_HIN_007389,SRC_000003,1,1,1,1,1
RU_HIN_007390,SRC_000005,1,1,1,1,1
RU_HIN_007391,SRC_000002,1,1,1,1,1
RU_HIN_007392,SRC_000003,1,1,1,1,1
RU_HIN_007393,SRC_000005,1,1,1,1,1
RU_HIN_007394,SRC_000001,1,1,1,1,1
RU_HIN_007395,SRC_000003,1,1,1,1,1
RU_HIN_007396,SRC_000004,1,1,1,1,1
RU_HIN_007397,SRC_000004,1,1,1,1,1
RU_HIN_007398,SRC_000001,1,1,1,1,1
RU_HIN_007399,SRC_000003,1,1,1,1,1
RU_HIN_007400,SRC_000002,1,1,1,1,1
RU_HIN_007401,SRC_000001,0,0,0,0,0
RU_HIN_007402,SRC_000004,1,1,1,1,1
RU_HIN_007403,SRC_000003,1,1,1,1,1
RU_HIN_007404,SRC_000001,0,0,0,0,0
RU_HIN_007405,SRC_000001,0,0,0,0,0
RU_HIN_007406,SRC_000002,1,1,1,1,1
RU_HIN_007407,SRC_000004,1,1,1,1,1
RU_HIN_007408,SRC_000002,0,0,0,0,0
RU_HIN_007409,SRC_000004,1,1,1,1,1
RU_HIN_007410,SRC_000003,1,1,1,1,1
RU_HIN_007411,SRC_000001,0,0,0,0,0
RU_HIN_007412,SRC_000002,0,0,0,0,0
RU_HIN_007413,SRC_000002,1,1,1,1,1
RU_HIN_007414,SRC_000001,0,0,0,0,0
RU_HIN_007415,SRC_000002,1,1,1,1,1
RU_HIN_007416,SRC_000005,1,1,1,1,1
RU_HIN_007417,SRC_000004,1,1,1,1,1
RU_HIN_007418,SRC_000005,1,1,1,1,1
RU_HIN_007419,SRC_000003,1,1,1,1,1
RU_HIN_007420,SRC_000003,1,1,1,1,1
RU_HIN_007421,SRC_000002,0,0,0,0,0
RU_HIN_007422,SRC_000002,1,1,1,1,1
RU_HIN_007423,SRC_000002,1,1,1,1,1
RU_HIN_007424,SRC_000001,1,1,1,1,1
RU_HIN_007425,SRC_000005,0,0,0,0,0
RU_HIN_007426,SRC_000004,1,1,1,1,1
RU_HIN_007427,SRC_000001,1,1,1,1,1
RU_HIN_007428,SRC_000004,1,1,1,1,1
RU_HIN_007429,SRC_000004,1,0,1,1,1
RU_HIN_007430,SRC_000002,0,0,0,0,0
RU_HIN_007431,SRC_000002,1,1,1,1,1
RU_HIN_007432,SRC_000005,0,0,0,0,0
RU_HIN_007433,SRC_000004,1,1,1,1,1
RU_HIN_007434,SRC_000002,1,1,1,1,1
RU_HIN_007435,SRC_000002,0,0,0,0,0
RU_HIN_007436,SRC_000003,1,1,1,1,1
RU_HIN_007437,SRC_000002,0,0,0,0,0
RU_HIN_007438,SRC_000004,1,0,1,1,0
RU_HIN_007439,SRC_000003,1,1,1,1,1
RU_HIN_007440,SRC_000002,1,1,1,1,1
RU_HIN_007441,SRC_000003,0,0,0,0,0
RU_HIN_007442,SRC_000005,1,1,1,1,1
RU_HIN_007443,SRC_000003,1,1,1,1,1
RU_HIN_007444,SRC_000001,0,0,0,0,0
RU_HIN_007445,SRC_000005,1,1,1,1,1
RU_HIN_007446,SRC_000005,1,1,1,1,1
RU_HIN_007447,SRC_000003,0,0,0,0,0
RU_HIN_007448,SRC_000004,1,1,1,1,1
RU_HIN_007449,SRC_000005,1,1,1,1,1
RU_HIN_007450,SRC_000001,1,1,1,1,1
RU_HIN_007451,SRC_000002,1,1,1,1,1
RU_HIN_007452,SRC_000005,1,1,1,1,1
RU_HIN_007453,SRC_000004,1,1,1,1,1
RU_HIN_007454,SRC_000005,1,1,1,1,1
RU_HIN_007455,SRC_000002,1,1,1,1,1
RU_HIN_007456,SRC_000001,1,1,1,1,1
RU_HIN_007457,SRC_000005,1,1,1,1,1
RU_HIN_007458,SRC_000002,1,1,1,1,1
RU_HIN_007459,SRC_000004,1,1,1,1,1
RU_HIN_007460,SRC_000001,1,1,1,1,1
RU_HIN_007461,SRC_000003,1,0,1,1,0
RU_HIN_007462,SRC_000003,0,0,0,0,0
RU_HIN_007463,SRC_000003,1,1,1,1,1
RU_HIN_007464,SRC_000005,1,1,1,1,1
RU_HIN_007465,SRC_000005,1,1,1,1,1
RU_HIN_007466,SRC_000004,1,1,1,1,1
RU_HIN_007467,SRC_000005,1,0,1,1,1
RU_HIN_007468,SRC_000004,1,1,1,1,1
RU_HIN_007469,SRC_000004,0,0,0,0,0
RU_HIN_007470,SRC_000002,1,1,1,1,1
RU_HIN_007471,SRC_000004,1,1,1,1,1
RU_HIN_007472,SRC_000004,1,1,1,1,1
RU_HIN_007473,SRC_000002,1,1,1,1,1
RU_HIN_007474,SRC_000005,1,0,1,1,1
RU_HIN_007475,SRC_000003,1,0,1,1,0
RU_HIN_007476,SRC_000003,0,0,0,0,0
RU_HIN_007477,SRC_000002,0,0,0,0,0
RU_HIN_007478,SRC_000004,1,1,1,1,1
RU_HIN_007479,SRC_000005,0,0,0,0,0
RU_HIN_007480,SRC_000004,1,1,1,1,1
RU_HIN_007481,SRC_000004,0,0,0,0,0
RU_HIN_007482,SRC_000004,1,1,1,1,1
RU_HIN_007483,SRC_000001,1,1,1,1,1
RU_HIN_007484,SRC_000003,1,1,1,1,1
RU_HIN_007485,SRC_000003,0,0,0,0,0
RU_HIN_007486,SRC_000003,0,0,0,0,0
RU_HIN_007487,SRC_000004,1,1,1,1,1
RU_HIN_007488,SRC_000004,1,1,1,1,1
RU_HIN_007489,SRC_000003,1,1,1,1,1
RU_HIN_007490,SRC_000005,0,0,0,0,0
RU_HIN_007491,SRC_000003,0,0,0,0,0
RU_HIN_007492,SRC_000003,0,0,0,0,0
RU_HIN_007493,SRC_000003,0,0,0,0,0
RU_HIN_007494,SRC_000001,1,1,1,1,1
RU_HIN_007495,SRC_000003,1,1,1,1,1
RU_HIN_007496,SRC_000001,1,1,1,1,1
RU_HIN_007497,SRC_000002,1,1,1,1,1
RU_HIN_007498,SRC_000002,0,0,0,0,0
RU_HIN_007499,SRC_000003,0,0,0,0,0
RU_HIN_007500,SRC_000005,1,1,1,1,1
RU_HIN_007501,SRC_000005,0,0,0,0,0
RU_HIN_007502,SRC_000002,1,1,1,1,1
RU_HIN_007503,SRC_000005,1,1,1,1,1
RU_HIN_007504,SRC_000001,1,1,1,1,1
RU_HIN_007505,SRC_000003,1,1,1,1,1
RU_HIN_007506,SRC_000002,1,1,1,1,1
RU_HIN_007507,SRC_000001,0,0,0,0,0
RU_HIN_007508,SRC_000004,1,1,1,1,1
RU_HIN_007509,SRC_000002,0,0,0,0,0
RU_HIN_007510,SRC_000003,1,1,1,1,1
RU_HIN_007511,SRC_000001,1,1,1,1,1
RU_HIN_007512,SRC_000002,1,1,1,1,1
RU_HIN_007513,SRC_000003,1,1,1,1,1
RU_HIN_007514,SRC_000001,0,0,0,0,0
RU_HIN_007515,SRC_000004,1,1,1,1,1
RU_HIN_007516,SRC_000001,1,1,1,1,1
RU_HIN_007517,SRC_000004,1,1,1,1,1
RU_HIN_007518,SRC_000002,1,1,1,1,1
RU_HIN_007519,SRC_000002,1,1,1,1,1
RU_HIN_007520,SRC_000004,1,1,1,1,1
RU_HIN_007521,SRC_000003,0,0,0,0,0
RU_HIN_007522,SRC_000004,1,1,1,1,1
RU_HIN_007523,SRC_000004,1,1,1,1,1
RU_HIN_007524,SRC_000001,1,1,1,1,1
RU_HIN_007525,SRC_000005,1,1,1,1,1
RU_HIN_007526,SRC_000002,1,1,1,1,1
RU_HIN_007527,SRC_000004,1,1,1,1,1
RU_HIN_007528,SRC_000002,1,1,1,1,1
RU_HIN_007529,SRC_000003,1,1,1,1,1
RU_HIN_007530,SRC_000005,0,0,0,0,0
RU_HIN_007531,SRC_000003,0,0,0,0,0
RU_HIN_007532,SRC_000001,1,1,1,1,1
RU_HIN_007533,SRC_000005,1,1,1,1,1
RU_HIN_007534,SRC_000005,0,0,0,0,0
RU_HIN_007535,SRC_000003,0,0,0,0,0
RU_HIN_007536,SRC_000004,1,1,1,1,1
RU_HIN_007537,SRC_000001,0,0,0,0,0
RU_HIN_007538,SRC_000004,1,1,1,1,1
RU_HIN_007539,SRC_000001,1,1,1,1,1
RU_HIN_007540,SRC_000003,1,1,1,1,1
RU_HIN_007541,SRC_000004,1,1,1,1,1
RU_HIN_007542,SRC_000003,1,1,1,1,1
RU_HIN_007543,SRC_000001,1,0,1,1,1
RU_HIN_007544,SRC_000004,0,0,0,0,0
RU_HIN_007545,SRC_000003,1,1,1,1,1
RU_HIN_007546,SRC_000003,1,1,1,1,1
RU_HIN_007547,SRC_000005,1,1,1,1,1
RU_HIN_007548,SRC_000002,1,1,1,1,1
RU_HIN_007549,SRC_000003,1,1,1,1,1
RU_HIN_007550,SRC_000001,1,1,1,1,1
RU_HIN_007551,SRC_000003,0,0,0,0,0
RU_HIN_007552,SRC_000002,1,1,1,1,1
RU_HIN_007553,SRC_000002,1,1,1,1,1
RU_HIN_007554,SRC_000001,1,1,1,1,1
RU_HIN_007555,SRC_000001,0,0,0,0,0
RU_HIN_007556,SRC_000001,1,1,1,1,1
RU_HIN_007557,SRC_000005,0,0,0,0,0
RU_HIN_007558,SRC_000003,1,1,1,1,1
RU_HIN_007559,SRC_000005,1,1,1,1,1
RU_HIN_007560,SRC_000002,0,0,0,0,0
RU_HIN_007561,SRC_000003,1,1,1,1,1
RU_HIN_007562,SRC_000005,1,1,1,1,1
RU_HIN_007563,SRC_000004,0,0,0,0,0
RU_HIN_007564,SRC_000005,1,1,1,1,1
RU_HIN_007565,SRC_000005,0,0,0,0,0
RU_HIN_007566,SRC_000002,1,1,1,1,1
RU_HIN_007567,SRC_000005,1,1,1,1,1
RU_HIN_007568,SRC_000003,1,1,1,1,1
RU_HIN_007569,SRC_000005,1,1,1,1,1
RU_HIN_007570,SRC_000003,1,1,1,1,1
RU_HIN_007571,SRC_000003,0,0,0,0,0
RU_HIN_007572,SRC_000005,1,1,1,1,1
RU_HIN_007573,SRC_000001,1,1,1,1,1
RU_HIN_007574,SRC_000004,1,1,1,1,1
RU_HIN_007575,SRC_000001,0,0,0,0,0
RU_HIN_007576,SRC_000003,1,1,1,1,1
RU_HIN_007577,SRC_000003,1,1,1,1,1
RU_HIN_007578,SRC_000002,1,1,1,1,1
RU_HIN_007579,SRC_000004,1,1,1,1,1
RU_HIN_007580,SRC_000003,0,0,0,0,0
RU_HIN_007581,SRC_000001,1,1,1,1,1
RU_HIN_007582,SRC_000003,1,1,1,1,1
RU_HIN_007583,SRC_000005,1,1,1,1,1
RU_HIN_007584,SRC_000001,1,1,1,1,1
RU_HIN_007585,SRC_000005,1,1,1,1,1
RU_HIN_007586,SRC_000004,0,0,0,0,0
RU_HIN_007587,SRC_000004,1,1,1,1,1
RU_HIN_007588,SRC_000004,1,1,1,1,1
RU_HIN_007589,SRC_000003,0,0,0,0,0
RU_HIN_007590,SRC_000004,1,1,1,1,1
RU_HIN_007591,SRC_000003,0,0,0,0,0
RU_HIN_007592,SRC_000004,1,1,1,1,1
RU_HIN_007593,SRC_000002,0,0,0,0,0
RU_HIN_007594,SRC_000002,1,1,1,1,1
RU_HIN_007595,SRC_000003,0,0,1,1,0
RU_HIN_007596,SRC_000005,0,0,0,0,0
RU_HIN_007597,SRC_000003,1,1,1,1,1
RU_HIN_007598,SRC_000004,1,1,1,1,1
RU_HIN_007599,SRC_000005,1,1,1,1,1
RU_HIN_007600,SRC_000004,1,1,1,1,1
RU_HIN_007601,SRC_000003,1,1,1,1,1
RU_HIN_007602,SRC_000001,1,1,1,1,1
RU_HIN_007603,SRC_000003,1,1,1,1,1
RU_HIN_007604,SRC_000001,1,1,1,1,1
RU_HIN_007605,SRC_000002,1,1,1,1,1
RU_HIN_007606,SRC_000001,1,1,1,1,1
RU_HIN_007607,SRC_000001,1,1,1,1,1
RU_HIN_007608,SRC_000005,1,1,1,1,1
RU_HIN_007609,SRC_000002,1,1,1,1,1
RU_HIN_007610,SRC_000001,1,1,1,1,1
RU_HIN_007611,SRC_000005,1,1,1,1,1
RU_HIN_007612,SRC_000001,1,1,1,1,1
RU_HIN_007613,SRC_000005,0,0,0,0,0
RU_HIN_007614,SRC_000005,1,1,1,1,1
RU_HIN_007615,SRC_000004,1,1,1,1,1
RU_HIN_007616,SRC_000002,1,1,1,1,1
RU_HIN_007617,SRC_000005,1,1,1,1,1
RU_HIN_007618,SRC_000004,1,1,1,1,1
RU_HIN_007619,SRC_000004,1,1,1,1,1
RU_HIN_007620,SRC_000004,1,1,1,1,1
RU_HIN_007621,SRC_000005,1,1,1,1,1
RU_HIN_007622,SRC_000005,1,1,1,1,1
RU_HIN_007623,SRC_000003,1,1,1,1,1
RU_HIN_007624,SRC_000004,1,1,1,1,1
RU_HIN_007625,SRC_000003,0,0,0,0,0
RU_HIN_007626,SRC_000005,1,1,1,1,1
RU_HIN_007627,SRC_000003,0,0,0,0,0
RU_HIN_007628,SRC_000003,1,1,1,1,1
RU_HIN_007629,SRC_000002,1,1,1,1,1
RU_HIN_007630,SRC_000003,1,1,1,1,1
RU_HIN_007631,SRC_000001,0,0,1,1,0
RU_HIN_007632,SRC_000002,0,0,0,0,0
RU_HIN_007633,SRC_000002,0,0,0,0,0
RU_HIN_007634,SRC_000003,1,1,1,1,1
RU_HIN_007635,SRC_000001,1,1,1,1,1
RU_HIN_007636,SRC_000005,1,1,1,1,1
RU_HIN_007637,SRC_000002,1,1,1,1,1
RU_HIN_007638,SRC_000004,1,1,1,1,1
RU_HIN_007639,SRC_000003,1,1,1,1,1
RU_HIN_007640,SRC_000004,0,0,0,0,0
RU_HIN_007641,SRC_000004,1,1,1,1,1
RU_HIN_007642,SRC_000003,1,1,1,1,1
RU_HIN_007643,SRC_000004,1,1,1,1,1
RU_HIN_007644,SRC_000002,0,0,0,0,0
RU_HIN_007645,SRC_000001,1,1,1,1,1
RU_HIN_007646,SRC_000003,0,0,0,0,0
RU_HIN_007647,SRC_000001,1,1,1,1,1
RU_HIN_007648,SRC_000004,1,1,1,1,1
RU_HIN_007649,SRC_000002,1,1,1,1,1
RU_HIN_007650,SRC_000005,1,1,1,1,1
RU_HIN_007651,SRC_000004,1,1,1,1,1
RU_HIN_007652,SRC_000003,1,1,1,1,1
RU_HIN_007653,SRC_000002,0,0,0,0,0
RU_HIN_007654,SRC_000004,1,1,1,1,1
RU_HIN_007655,SRC_000004,1,1,1,1,1
RU_HIN_007656,SRC_000002,1,1,1,1,1
RU_HIN_007657,SRC_000004,0,0,0,0,0
RU_HIN_007658,SRC_000004,1,1,1,1,1
RU_HIN_007659,SRC_000005,1,1,1,1,1
RU_HIN_007660,SRC_000003,0,0,0,0,0
RU_HIN_007661,SRC_000003,1,1,1,1,1
RU_HIN_007662,SRC_000004,1,1,1,1,1
RU_HIN_007663,SRC_000001,0,0,0,0,0
RU_HIN_007664,SRC_000003,0,0,0,0,0
RU_HIN_007665,SRC_000003,1,1,1,1,1
RU_HIN_007666,SRC_000001,1,1,1,1,1
RU_HIN_007667,SRC_000005,0,0,0,0,0
RU_HIN_007668,SRC_000004,1,1,1,1,1
RU_HIN_007669,SRC_000002,1,1,1,1,1
RU_HIN_007670,SRC_000002,1,1,1,1,1
RU_HIN_007671,SRC_000004,1,1,1,1,1
RU_HIN_007672,SRC_000004,1,1,1,1,1
RU_HIN_007673,SRC_000002,1,1,1,1,1
RU_HIN_007674,SRC_000003,1,1,1,1,1
RU_HIN_007675,SRC_000003,1,1,1,1,1
RU_HIN_007676,SRC_000004,0,0,0,0,0
RU_HIN_007677,SRC_000004,0,0,0,0,0
RU_HIN_007678,SRC_000004,1,1,1,1,1
RU_HIN_007679,SRC_000003,0,0,0,0,0
RU_HIN_007680,SRC_000005,1,1,1,1,1
RU_HIN_007681,SRC_000004,0,0,0,0,0
RU_HIN_007682,SRC_000001,1,1,1,1,1
RU_HIN_007683,SRC_000005,0,0,0,0,0
RU_HIN_007684,SRC_000003,1,1,1,1,1
RU_HIN_007685,SRC_000001,0,0,0,0,0
RU_HIN_007686,SRC_000005,1,1,1,1,1
RU_HIN_007687,SRC_000003,0,0,0,0,0
RU_HIN_007688,SRC_000005,1,1,1,1,1
RU_HIN_007689,SRC_000001,1,1,1,1,1
RU_HIN_007690,SRC_000004,1,1,1,1,1
RU_HIN_007691,SRC_000001,1,1,1,1,1
RU_HIN_007692,SRC_000001,0,0,0,0,0
RU_HIN_007693,SRC_000005,1,1,1,1,1
RU_HIN_007694,SRC_000001,1,1,1,1,1
RU_HIN_007695,SRC_000003,1,1,1,1,1
RU_HIN_007696,SRC_000002,1,1,1,1,1
RU_HIN_007697,SRC_000002,1,1,1,1,1
RU_HIN_007698,SRC_000005,0,0,0,0,0
RU_HIN_007699,SRC_000003,1,1,1,1,1
RU_HIN_007700,SRC_000002,0,0,0,0,0
RU_HIN_007701,SRC_000003,1,1,1,1,1
RU_HIN_007702,SRC_000005,1,1,1,1,1
RU_HIN_007703,SRC_000005,1,1,1,1,1
RU_HIN_007704,SRC_000004,1,1,1,1,1
RU_HIN_007705,SRC_000003,1,1,1,1,1
RU_HIN_007706,SRC_000002,0,0,0,0,0
RU_HIN_007707,SRC_000001,1,1,1,1,1
RU_HIN_007708,SRC_000003,1,1,1,1,1
RU_HIN_007709,SRC_000002,1,1,1,1,1
RU_HIN_007710,SRC_000004,1,1,1,1,1
RU_HIN_007711,SRC_000003,1,1,1,1,1
RU_HIN_007712,SRC_000002,1,1,1,1,1
RU_HIN_007713,SRC_000004,1,1,1,1,1
RU_HIN_007714,SRC_000001,1,1,1,1,1
RU_HIN_007715,SRC_000004,0,0,0,0,0
RU_HIN_007716,SRC_000002,0,0,0,0,0
RU_HIN_007717,SRC_000001,1,1,1,1,1
RU_HIN_007718,SRC_000001,1,0,1,1,0
RU_HIN_007719,SRC_000001,1,1,1,1,1
RU_HIN_007720,SRC_000001,0,0,0,0,0
RU_HIN_007721,SRC_000001,1,1,1,1,1
RU_HIN_007722,SRC_000005,1,1,1,1,1
RU_HIN_007723,SRC_000002,1,1,1,1,1
RU_HIN_007724,SRC_000005,1,1,1,1,1
RU_HIN_007725,SRC_000004,0,0,0,0,0
RU_HIN_007726,SRC_000003,1,1,1,1,1
RU_HIN_007727,SRC_000005,0,0,0,0,0
RU_HIN_007728,SRC_000005,1,1,1,1,1
RU_HIN_007729,SRC_000004,1,1,1,1,1
RU_HIN_007730,SRC_000002,1,1,1,1,1
RU_HIN_007731,SRC_000005,1,1,1,1,1
RU_HIN_007732,SRC_000001,0,0,0,0,0
RU_HIN_007733,SRC_000003,1,1,1,1,1
RU_HIN_007734,SRC_000005,1,1,1,1,1
RU_HIN_007735,SRC_000001,1,1,1,1,1
RU_HIN_007736,SRC_000003,1,1,1,1,1
RU_HIN_007737,SRC_000003,1,1,1,1,1
RU_HIN_007738,SRC_000004,1,1,1,1,1
RU_HIN_007739,SRC_000004,1,1,1,1,1
RU_HIN_007740,SRC_000005,1,1,1,1,1
RU_HIN_007741,SRC_000004,1,1,1,1,1
RU_HIN_007742,SRC_000002,1,1,1,1,1
RU_HIN_007743,SRC_000005,1,1,1,1,1
RU_HIN_007744,SRC_000004,1,1,1,1,1
RU_HIN_007745,SRC_000004,1,1,1,1,1
RU_HIN_007746,SRC_000002,1,1,1,1,1
RU_HIN_007747,SRC_000001,0,0,0,0,0
RU_HIN_007748,SRC_000005,1,1,1,1,1
RU_HIN_007749,SRC_000005,1,1,1,1,1
RU_HIN_007750,SRC_000002,1,1,1,1,1
RU_HIN_007751,SRC_000004,1,1,1,1,1
RU_HIN_007752,SRC_000005,1,1,1,1,1
RU_HIN_007753,SRC_000002,1,1,1,1,1
RU_HIN_007754,SRC_000003,1,1,1,1,1
RU_HIN_007755,SRC_000002,1,1,1,1,1
RU_HIN_007756,SRC_000005,1,1,1,1,1
RU_HIN_007757,SRC_000005,1,1,1,1,1
RU_HIN_007758,SRC_000001,1,1,1,1,1
RU_HIN_007759,SRC_000004,1,1,1,1,1
RU_HIN_007760,SRC_000001,1,1,1,1,1
RU_HIN_007761,SRC_000003,1,1,1,1,1
RU_HIN_007762,SRC_000003,1,1,1,1,1
RU_HIN_007763,SRC_000002,1,1,1,1,1
RU_HIN_007764,SRC_000004,1,1,1,1,1
RU_HIN_007765,SRC_000003,1,1,1,1,1
RU_HIN_007766,SRC_000002,1,1,1,1,1
RU_HIN_007767,SRC_000001,1,1,1,1,1
RU_HIN_007768,SRC_000004,0,0,0,0,0
RU_HIN_007769,SRC_000005,0,0,0,0,0
RU_HIN_007770,SRC_000001,1,1,1,1,1
RU_HIN_007771,SRC_000004,1,1,1,1,1
RU_HIN_007772,SRC_000003,0,0,0,0,0
RU_HIN_007773,SRC_000001,1,1,1,1,1
RU_HIN_007774,SRC_000005,1,1,1,1,1
RU_HIN_007775,SRC_000005,1,1,1,1,1
RU_HIN_007776,SRC_000005,0,0,0,0,0
RU_HIN_007777,SRC_000001,1,1,1,1,1
RU_HIN_007778,SRC_000002,1,1,1,1,1
RU_HIN_007779,SRC_000001,1,1,1,1,1
RU_HIN_007780,SRC_000002,0,0,0,0,0
RU_HIN_007781,SRC_000003,1,1,1,1,1
RU_HIN_007782,SRC_000002,0,0,0,0,0
RU_HIN_007783,SRC_000003,1,1,1,1,1
RU_HIN_007784,SRC_000002,1,1,1,1,1
RU_HIN_007785,SRC_000004,1,1,1,1,1
RU_HIN_007786,SRC_000004,0,0,0,0,0
RU_HIN_007787,SRC_000003,1,1,1,1,1
RU_HIN_007788,SRC_000001,0,0,0,0,0
RU_HIN_007789,SRC_000001,1,1,1,1,1
RU_HIN_007790,SRC_000004,1,1,1,1,1
RU_HIN_007791,SRC_000001,1,1,1,1,1
RU_HIN_007792,SRC_000003,1,1,1,1,1
RU_HIN_007793,SRC_000001,1,1,1,1,1
RU_HIN_007794,SRC_000003,0,0,0,0,0
RU_HIN_007795,SRC_000003,1,1,1,1,1
RU_HIN_007796,SRC_000004,1,1,1,1,1
RU_HIN_007797,SRC_000005,1,0,1,1,1
RU_HIN_007798,SRC_000003,1,1,1,1,1
RU_HIN_007799,SRC_000004,1,1,1,1,1
RU_HIN_007800,SRC_000005,1,1,1,1,1
RU_HIN_007801,SRC_000003,1,1,1,1,1
RU_HIN_007802,SRC_000001,1,1,1,1,1
RU_HIN_007803,SRC_000003,1,1,1,1,1
RU_HIN_007804,SRC_000005,1,1,1,1,1
RU_HIN_007805,SRC_000005,1,1,1,1,1
RU_HIN_007806,SRC_000003,1,1,1,1,1
RU_HIN_007807,SRC_000001,1,1,1,1,1
RU_HIN_007808,SRC_000001,0,0,0,0,0
RU_HIN_007809,SRC_000004,1,1,1,1,1
RU_HIN_007810,SRC_000004,1,1,1,1,1
RU_HIN_007811,SRC_000004,0,0,0,0,0
RU_HIN_007812,SRC_000002,1,1,1,1,1
RU_HIN_007813,SRC_000004,0,0,1,1,0
RU_HIN_007814,SRC_000003,0,0,0,0,0
RU_HIN_007815,SRC_000005,1,1,1,1,1
RU_HIN_007816,SRC_000002,1,1,1,1,1
RU_HIN_007817,SRC_000001,1,1,1,1,1
RU_HIN_007818,SRC_000003,1,1,1,1,1
RU_HIN_007819,SRC_000002,0,0,0,0,0
RU_HIN_007820,SRC_000002,1,1,1,1,1
RU_HIN_007821,SRC_000002,1,0,1,1,1
RU_HIN_007822,SRC_000002,1,1,1,1,1
RU_HIN_007823,SRC_000001,1,1,1,1,1
RU_HIN_007824,SRC_000002,0,0,0,0,0
RU_HIN_007825,SRC_000004,1,1,1,1,1
RU_HIN_007826,SRC_000001,1,1,1,1,1
RU_HIN_007827,SRC_000002,1,1,1,1,1
RU_HIN_007828,SRC_000003,1,1,1,1,1
RU_HIN_007829,SRC_000001,0,0,0,0,0
RU_HIN_007830,SRC_000005,0,0,0,0,0
RU_HIN_007831,SRC_000004,1,1,1,1,1
RU_HIN_007832,SRC_000003,0,0,0,0,0
RU_HIN_007833,SRC_000005,1,1,1,1,1
RU_HIN_007834,SRC_000005,1,1,1,1,1
RU_HIN_007835,SRC_000005,1,1,1,1,1
RU_HIN_007836,SRC_000004,1,1,1,1,1
RU_HIN_007837,SRC_000005,1,1,1,1,1
RU_HIN_007838,SRC_000001,1,1,1,1,1
RU_HIN_007839,SRC_000004,1,1,1,1,1
RU_HIN_007840,SRC_000001,1,1,1,1,1
RU_HIN_007841,SRC_000002,1,1,1,1,1
RU_HIN_007842,SRC_000003,0,0,0,0,0
RU_HIN_007843,SRC_000004,1,1,1,1,1
RU_HIN_007844,SRC_000005,1,1,1,1,1
RU_HIN_007845,SRC_000003,1,1,1,1,1
RU_HIN_007846,SRC_000002,1,1,1,1,1
RU_HIN_007847,SRC_000005,1,1,1,1,1
RU_HIN_007848,SRC_000003,0,0,0,0,0
RU_HIN_007849,SRC_000003,1,1,1,1,1
RU_HIN_007850,SRC_000002,1,1,1,1,1
RU_HIN_007851,SRC_000003,1,1,1,1,1
RU_HIN_007852,SRC_000003,0,0,0,0,0
RU_HIN_007853,SRC_000005,1,1,1,1,1
RU_HIN_007854,SRC_000002,1,1,1,1,1
RU_HIN_007855,SRC_000003,1,1,1,1,1
RU_HIN_007856,SRC_000002,0,0,0,0,0
RU_HIN_007857,SRC_000002,1,1,1,1,1
RU_HIN_007858,SRC_000001,1,1,1,1,1
RU_HIN_007859,SRC_000005,1,1,1,1,1
RU_HIN_007860,SRC_000001,0,0,0,0,0
RU_HIN_007861,SRC_000003,1,1,1,1,1
RU_HIN_007862,SRC_000001,0,0,0,0,0
RU_HIN_007863,SRC_000005,1,1,1,1,1
RU_HIN_007864,SRC_000001,1,1,1,1,1
RU_HIN_007865,SRC_000001,1,0,1,1,1
RU_HIN_007866,SRC_000002,1,1,1,1,1
RU_HIN_007867,SRC_000005,1,1,1,1,1
RU_HIN_007868,SRC_000002,1,1,1,1,1
RU_HIN_007869,SRC_000004,1,1,1,1,1
RU_HIN_007870,SRC_000001,1,1,1,1,1
RU_HIN_007871,SRC_000001,1,1,1,1,1
RU_HIN_007872,SRC_000001,1,1,1,1,1
RU_HIN_007873,SRC_000004,1,1,1,1,1
RU_HIN_007874,SRC_000002,1,1,1,1,1
RU_HIN_007875,SRC_000002,1,1,1,1,1
RU_HIN_007876,SRC_000002,1,1,1,1,1
RU_HIN_007877,SRC_000002,1,1,1,1,1
RU_HIN_007878,SRC_000001,1,1,1,1,1
RU_HIN_007879,SRC_000001,0,0,0,0,0
RU_HIN_007880,SRC_000001,1,1,1,1,1
RU_HIN_007881,SRC_000001,1,1,1,1,1
RU_HIN_007882,SRC_000005,1,1,1,1,1
RU_HIN_007883,SRC_000002,1,1,1,1,1
RU_HIN_007884,SRC_000004,1,1,1,1,1
RU_HIN_007885,SRC_000001,1,1,1,1,1
RU_HIN_007886,SRC_000004,1,1,1,1,1
RU_HIN_007887,SRC_000001,1,1,1,1,1
RU_HIN_007888,SRC_000002,1,1,1,1,1
RU_HIN_007889,SRC_000005,1,1,1,1,1
RU_HIN_007890,SRC_000003,1,1,1,1,1
RU_HIN_007891,SRC_000003,1,1,1,1,1
RU_HIN_007892,SRC_000005,0,0,0,0,0
RU_HIN_007893,SRC_000002,1,1,1,1,1
RU_HIN_007894,SRC_000005,1,1,1,1,1
RU_HIN_007895,SRC_000002,1,1,1,1,1
RU_HIN_007896,SRC_000004,1,1,1,1,1
RU_HIN_007897,SRC_000005,1,1,1,1,1
RU_HIN_007898,SRC_000001,0,0,0,0,0
RU_HIN_007899,SRC_000002,1,1,1,1,1
RU_HIN_007900,SRC_000003,0,0,0,0,0
RU_HIN_007901,SRC_000004,1,1,1,1,1
RU_HIN_007902,SRC_000001,1,1,1,1,1
RU_HIN_007903,SRC_000001,0,0,0,0,0
RU_HIN_007904,SRC_000003,1,1,1,1,1
RU_HIN_007905,SRC_000001,0,0,0,0,0
RU_HIN_007906,SRC_000004,1,1,1,1,1
RU_HIN_007907,SRC_000001,0,0,0,0,0
RU_HIN_007908,SRC_000002,1,1,1,1,1
RU_HIN_007909,SRC_000005,1,1,1,1,1
RU_HIN_007910,SRC_000002,1,1,1,1,1
RU_HIN_007911,SRC_000004,1,1,1,1,1
RU_HIN_007912,SRC_000001,0,0,1,1,0
RU_HIN_007913,SRC_000004,1,1,1,1,1
RU_HIN_007914,SRC_000003,1,1,1,1,1
RU_HIN_007915,SRC_000003,0,0,0,0,0
RU_HIN_007916,SRC_000001,1,1,1,1,1
RU_HIN_007917,SRC_000001,0,0,0,0,0
RU_HIN_007918,SRC_000005,1,1,1,1,1
RU_HIN_007919,SRC_000002,1,1,1,1,1
RU_HIN_007920,SRC_000003,0,0,0,0,0
RU_HIN_007921,SRC_000004,1,1,1,1,1
RU_HIN_007922,SRC_000005,1,0,1,1,0
RU_HIN_007923,SRC_000003,0,0,0,0,0
RU_HIN_007924,SRC_000002,0,0,0,0,0
RU_HIN_007925,SRC_000002,1,1,1,1,1
RU_HIN_007926,SRC_000004,1,1,1,1,1
RU_HIN_007927,SRC_000004,1,1,1,1,1
RU_HIN_007928,SRC_000003,1,1,1,1,1
RU_HIN_007929,SRC_000001,1,1,1,1,1
RU_HIN_007930,SRC_000002,1,1,1,1,1
RU_HIN_007931,SRC_000004,1,1,1,1,1
RU_HIN_007932,SRC_000004,1,1,1,1,1
RU_HIN_007933,SRC_000001,1,1,1,1,1
RU_HIN_007934,SRC_000002,0,0,0,0,0
RU_HIN_007935,SRC_000004,1,1,1,1,1
RU_HIN_007936,SRC_000002,1,1,1,1,1
RU_HIN_007937,SRC_000002,1,1,1,1,1
RU_HIN_007938,SRC_000001,1,1,1,1,1
RU_HIN_007939,SRC_000001,1,1,1,1,1
RU_HIN_007940,SRC_000004,1,1,1,1,1
RU_HIN_007941,SRC_000003,1,1,1,1,1
RU_HIN_007942,SRC_000002,0,0,0,0,0
RU_HIN_007943,SRC_000003,1,1,1,1,1
RU_HIN_007944,SRC_000004,1,1,1,1,1
RU_HIN_007945,SRC_000003,0,0,0,0,0
RU_HIN_007946,SRC_000003,1,1,1,1,1
RU_HIN_007947,SRC_000003,1,1,1,1,1
RU_HIN_007948,SRC_000004,1,1,1,1,1
RU_HIN_007949,SRC_000005,1,1,1,1,1
RU_HIN_007950,SRC_000002,1,1,1,1,1
RU_HIN_007951,SRC_000005,0,0,0,0,0
RU_HIN_007952,SRC_000002,1,1,1,1,1
RU_HIN_007953,SRC_000005,1,1,1,1,1
RU_HIN_007954,SRC_000003,0,0,0,0,0
RU_HIN_007955,SRC_000005,0,0,0,0,0
RU_HIN_007956,SRC_000003,0,0,0,0,0
RU_HIN_007957,SRC_000002,1,1,1,1,1
RU_HIN_007958,SRC_000004,1,1,1,1,1
RU_HIN_007959,SRC_000003,1,1,1,1,1
RU_HIN_007960,SRC_000003,1,1,1,1,1
RU_HIN_007961,SRC_000005,0,0,0,0,0
RU_HIN_007962,SRC_000003,1,1,1,1,1
RU_HIN_007963,SRC_000003,1,1,1,1,1
RU_HIN_007964,SRC_000003,0,0,0,0,0
RU_HIN_007965,SRC_000005,1,1,1,1,1
RU_HIN_007966,SRC_000001,1,1,1,1,1
RU_HIN_007967,SRC_000003,1,1,1,1,1
RU_HIN_007968,SRC_000001,1,1,1,1,1
RU_HIN_007969,SRC_000003,1,1,1,1,1
RU_HIN_007970,SRC_000002,1,1,1,1,1
RU_HIN_007971,SRC_000003,1,1,1,1,1
RU_HIN_007972,SRC_000002,1,1,1,1,1
RU_HIN_007973,SRC_000002,1,1,1,1,1
RU_HIN_007974,SRC_000002,1,1,1,1,1
RU_HIN_007975,SRC_000002,1,1,1,1,1
RU_HIN_007976,SRC_000005,1,1,1,1,1
RU_HIN_007977,SRC_000005,0,0,0,0,0
RU_HIN_007978,SRC_000005,0,0,0,0,0
RU_HIN_007979,SRC_000002,1,1,1,1,1
RU_HIN_007980,SRC_000003,1,1,1,1,1
RU_HIN_007981,SRC_000001,1,1,1,1,1
RU_HIN_007982,SRC_000001,1,1,1,1,1
RU_HIN_007983,SRC_000002,1,1,1,1,1
RU_HIN_007984,SRC_000003,1,1,1,1,1
RU_HIN_007985,SRC_000003,0,0,0,0,0
RU_HIN_007986,SRC_000001,1,1,1,1,1
RU_HIN_007987,SRC_000005,1,0,1,1,1
RU_HIN_007988,SRC_000003,0,0,0,0,0
RU_HIN_007989,SRC_000001,0,0,0,0,0
RU_HIN_007990,SRC_000003,1,1,1,1,1
RU_HIN_007991,SRC_000004,1,1,1,1,1
RU_HIN_007992,SRC_000002,1,1,1,1,1
RU_HIN_007993,SRC_000002,1,0,1,1,1
RU_HIN_007994,SRC_000002,0,0,0,0,0
RU_HIN_007995,SRC_000005,1,1,1,1,1
RU_HIN_007996,SRC_000003,1,1,1,1,1
RU_HIN_007997,SRC_000001,1,1,1,1,1
RU_HIN_007998,SRC_000003,0,0,0,0,0
RU_HIN_007999,SRC_000005,0,0,0,0,0
RU_HIN_008000,SRC_000002,1,1,1,1,1
RU_HIN_008001,SRC_000002,1,0,1,1,0
RU_HIN_008002,SRC_000002,1,1,1,1,1
RU_HIN_008003,SRC_000005,1,1,1,1,1
RU_HIN_008004,SRC_000004,1,1,1,1,1
RU_HIN_008005,SRC_000004,1,1,1,1,1
RU_HIN_008006,SRC_000002,0,0,0,0,0
RU_HIN_008007,SRC_000001,1,1,1,1,1
RU_HIN_008008,SRC_000005,0,0,0,0,0
RU_HIN_008009,SRC_000005,1,1,1,1,1
RU_HIN_008010,SRC_000005,1,1,1,1,1
RU_HIN_008011,SRC_000005,1,1,1,1,1
RU_HIN_008012,SRC_000001,1,1,1,1,1
RU_HIN_008013,SRC_000002,1,1,1,1,1
RU_HIN_008014,SRC_000001,1,1,1,1,1
RU_HIN_008015,SRC_000005,1,1,1,1,1
RU_HIN_008016,SRC_000001,1,1,1,1,1
RU_HIN_008017,SRC_000002,1,1,1,1,1
RU_HIN_008018,SRC_000001,1,1,1,1,1
RU_HIN_008019,SRC_000003,1,1,1,1,1
RU_HIN_008020,SRC_000002,1,1,1,1,1
RU_HIN_008021,SRC_000003,1,1,1,1,1
RU_HIN_008022,SRC_000003,1,1,1,1,1
RU_HIN_008023,SRC_000005,1,1,1,1,1
RU_HIN_008024,SRC_000005,1,1,1,1,1
RU_HIN_008025,SRC_000004,1,1,1,1,1
RU_HIN_008026,SRC_000004,1,1,1,1,1
RU_HIN_008027,SRC_000005,1,1,1,1,1
RU_HIN_008028,SRC_000003,1,1,1,1,1
RU_HIN_008029,SRC_000001,1,1,1,1,1
RU_HIN_008030,SRC_000004,1,1,1,1,1
RU_HIN_008031,SRC_000002,1,1,1,1,1
RU_HIN_008032,SRC_000001,0,0,0,0,0
RU_HIN_008033,SRC_000004,1,0,1,1,0
RU_HIN_008034,SRC_000005,1,1,1,1,1
RU_HIN_008035,SRC_000005,1,1,1,1,1
RU_HIN_008036,SRC_000001,1,1,1,1,1
RU_HIN_008037,SRC_000002,1,1,1,1,1
RU_HIN_008038,SRC_000005,1,1,1,1,1
RU_HIN_008039,SRC_000002,1,1,1,1,1
RU_HIN_008040,SRC_000003,1,1,1,1,1
RU_HIN_008041,SRC_000003,1,1,1,1,1
RU_HIN_008042,SRC_000002,1,1,1,1,1
RU_HIN_008043,SRC_000001,1,1,1,1,1
RU_HIN_008044,SRC_000003,0,0,0,0,0
RU_HIN_008045,SRC_000003,0,0,0,0,0
RU_HIN_008046,SRC_000004,0,0,0,0,0
RU_HIN_008047,SRC_000002,0,0,1,1,0
RU_HIN_008048,SRC_000004,1,0,1,1,1
RU_HIN_008049,SRC_000001,1,1,1,1,1
RU_HIN_008050,SRC_000001,0,0,0,0,0
RU_HIN_008051,SRC_000001,0,0,0,0,0
RU_HIN_008052,SRC_000005,1,1,1,1,1
RU_HIN_008053,SRC_000002,1,1,1,1,1
RU_HIN_008054,SRC_000004,1,1,1,1,1
RU_HIN_008055,SRC_000004,1,1,1,1,1
RU_HIN_008056,SRC_000001,0,0,0,0,0
RU_HIN_008057,SRC_000002,1,1,1,1,1
RU_HIN_008058,SRC_000005,1,1,1,1,1
RU_HIN_008059,SRC_000004,1,1,1,1,1
RU_HIN_008060,SRC_000001,1,1,1,1,1
RU_HIN_008061,SRC_000003,1,1,1,1,1
RU_HIN_008062,SRC_000001,1,1,1,1,1
RU_HIN_008063,SRC_000003,1,1,1,1,1
RU_HIN_008064,SRC_000004,1,1,1,1,1
RU_HIN_008065,SRC_000002,0,0,0,0,0
RU_HIN_008066,SRC_000003,1,1,1,1,1
RU_HIN_008067,SRC_000005,1,1,1,1,1
RU_HIN_008068,SRC_000005,1,1,1,1,1
RU_HIN_008069,SRC_000002,1,1,1,1,1
RU_HIN_008070,SRC_000003,1,1,1,1,1
RU_HIN_008071,SRC_000004,1,1,1,1,1
RU_HIN_008072,SRC_000002,1,1,1,1,1
RU_HIN_008073,SRC_000001,1,1,1,1,1
RU_HIN_008074,SRC_000004,0,0,0,0,0
RU_HIN_008075,SRC_000002,1,1,1,1,1
RU_HIN_008076,SRC_000005,0,0,0,0,0
RU_HIN_008077,SRC_000004,1,1,1,1,1
RU_HIN_008078,SRC_000004,1,1,1,1,1
RU_HIN_008079,SRC_000003,1,1,1,1,1
RU_HIN_008080,SRC_000001,1,1,1,1,1
RU_HIN_008081,SRC_000004,1,1,1,1,1
RU_HIN_008082,SRC_000003,1,1,1,1,1
RU_HIN_008083,SRC_000003,1,0,1,1,0
RU_HIN_008084,SRC_000005,1,1,1,1,1
RU_HIN_008085,SRC_000005,1,1,1,1,1
RU_HIN_008086,SRC_000001,1,1,1,1,1
RU_HIN_008087,SRC_000005,1,1,1,1,1
RU_HIN_008088,SRC_000004,1,1,1,1,1
RU_HIN_008089,SRC_000002,1,1,1,1,1
RU_HIN_008090,SRC_000004,1,1,1,1,1
RU_HIN_008091,SRC_000005,0,0,0,0,0
RU_HIN_008092,SRC_000001,1,1,1,1,1
RU_HIN_008093,SRC_000003,0,0,0,0,0
RU_HIN_008094,SRC_000005,1,1,1,1,1
RU_HIN_008095,SRC_000002,1,1,1,1,1
RU_HIN_008096,SRC_000002,0,0,0,0,0
RU_HIN_008097,SRC_000005,1,1,1,1,1
RU_HIN_008098,SRC_000003,1,1,1,1,1
RU_HIN_008099,SRC_000003,1,1,1,1,1
RU_HIN_008100,SRC_000002,1,1,1,1,1
RU_HIN_008101,SRC_000003,1,1,1,1,1
RU_HIN_008102,SRC_000003,1,1,1,1,1
RU_HIN_008103,SRC_000001,1,1,1,1,1
RU_HIN_008104,SRC_000005,1,1,1,1,1
RU_HIN_008105,SRC_000003,1,0,1,1,1
RU_HIN_008106,SRC_000005,1,0,1,1,0
RU_HIN_008107,SRC_000002,1,1,1,1,1
RU_HIN_008108,SRC_000003,1,1,1,1,1
RU_HIN_008109,SRC_000004,1,1,1,1,1
RU_HIN_008110,SRC_000002,0,0,0,0,0
RU_HIN_008111,SRC_000004,1,1,1,1,1
RU_HIN_008112,SRC_000004,0,0,0,0,0
RU_HIN_008113,SRC_000004,0,0,0,0,0
RU_HIN_008114,SRC_000005,1,1,1,1,1
RU_HIN_008115,SRC_000001,1,1,1,1,1
RU_HIN_008116,SRC_000005,1,1,1,1,1
RU_HIN_008117,SRC_000001,1,1,1,1,1
RU_HIN_008118,SRC_000001,1,1,1,1,1
RU_HIN_008119,SRC_000005,1,1,1,1,1
RU_HIN_008120,SRC_000002,0,0,0,0,0
RU_HIN_008121,SRC_000004,1,1,1,1,1
RU_HIN_008122,SRC_000004,1,1,1,1,1
RU_HIN_008123,SRC_000005,1,0,1,1,1
RU_HIN_008124,SRC_000001,1,1,1,1,1
RU_HIN_008125,SRC_000004,1,1,1,1,1
RU_HIN_008126,SRC_000001,1,1,1,1,1
RU_HIN_008127,SRC_000003,0,0,0,0,0
RU_HIN_008128,SRC_000001,1,1,1,1,1
RU_HIN_008129,SRC_000002,1,1,1,1,1
RU_HIN_008130,SRC_000001,1,1,1,1,1
RU_HIN_008131,SRC_000002,1,1,1,1,1
RU_HIN_008132,SRC_000002,1,1,1,1,1
RU_HIN_008133,SRC_000001,0,0,0,0,0
RU_HIN_008134,SRC_000004,1,1,1,1,1
RU_HIN_008135,SRC_000003,1,1,1,1,1
RU_HIN_008136,SRC_000004,1,1,1,1,1
RU_HIN_008137,SRC_000003,1,1,1,1,1
RU_HIN_008138,SRC_000004,1,1,1,1,1
RU_HIN_008139,SRC_000003,1,1,1,1,1
RU_HIN_008140,SRC_000004,1,1,1,1,1
RU_HIN_008141,SRC_000004,1,1,1,1,1
RU_HIN_008142,SRC_000005,0,0,0,0,0
RU_HIN_008143,SRC_000002,1,1,1,1,1
RU_HIN_008144,SRC_000003,0,0,0,0,0
RU_HIN_008145,SRC_000003,1,1,1,1,1
RU_HIN_008146,SRC_000002,1,1,1,1,1
RU_HIN_008147,SRC_000003,1,1,1,1,1
RU_HIN_008148,SRC_000002,0,0,0,0,0
RU_HIN_008149,SRC_000004,1,1,1,1,1
RU_HIN_008150,SRC_000004,1,1,1,1,1
RU_HIN_008151,SRC_000004,0,0,0,0,0
RU_HIN_008152,SRC_000001,1,1,1,1,1
RU_HIN_008153,SRC_000001,1,1,1,1,1
RU_HIN_008154,SRC_000001,1,1,1,1,1
RU_HIN_008155,SRC_000004,0,0,0,0,0
RU_HIN_008156,SRC_000003,1,1,1,1,1
RU_HIN_008157,SRC_000005,1,1,1,1,1
RU_HIN_008158,SRC_000001,1,1,1,1,1
RU_HIN_008159,SRC_000004,1,1,1,1,1
RU_HIN_008160,SRC_000004,1,1,1,1,1
RU_HIN_008161,SRC_000004,1,1,1,1,1
RU_HIN_008162,SRC_000005,1,1,1,1,1
RU_HIN_008163,SRC_000005,0,0,0,0,0
RU_HIN_008164,SRC_000002,1,1,1,1,1
RU_HIN_008165,SRC_000004,1,1,1,1,1
RU_HIN_008166,SRC_000001,1,1,1,1,1
RU_HIN_008167,SRC_000001,1,1,1,1,1
RU_HIN_008168,SRC_000002,1,1,1,1,1
RU_HIN_008169,SRC_000004,1,1,1,1,1
RU_HIN_008170,SRC_000003,1,1,1,1,1
RU_HIN_008171,SRC_000001,1,1,1,1,1
RU_HIN_008172,SRC_000001,1,1,1,1,1
RU_HIN_008173,SRC_000005,1,1,1,1,1
RU_HIN_008174,SRC_000003,1,1,1,1,1
RU_HIN_008175,SRC_000004,1,1,1,1,1
RU_HIN_008176,SRC_000003,1,1,1,1,1
RU_HIN_008177,SRC_000001,1,1,1,1,1
RU_HIN_008178,SRC_000001,1,1,1,1,1
RU_HIN_008179,SRC_000005,1,1,1,1,1
RU_HIN_008180,SRC_000002,1,1,1,1,1
RU_HIN_008181,SRC_000003,1,1,1,1,1
RU_HIN_008182,SRC_000002,1,1,1,1,1
RU_HIN_008183,SRC_000005,1,1,1,1,1
RU_HIN_008184,SRC_000002,1,1,1,1,1
RU_HIN_008185,SRC_000005,1,1,1,1,1
RU_HIN_008186,SRC_000002,1,1,1,1,1
RU_HIN_008187,SRC_000001,0,0,1,1,0
RU_HIN_008188,SRC_000005,0,0,0,0,0
RU_HIN_008189,SRC_000001,0,0,0,0,0
RU_HIN_008190,SRC_000002,1,1,1,1,1
RU_HIN_008191,SRC_000003,1,1,1,1,1
RU_HIN_008192,SRC_000004,1,1,1,1,1
RU_HIN_008193,SRC_000004,1,1,1,1,1
RU_HIN_008194,SRC_000004,0,0,0,0,0
RU_HIN_008195,SRC_000002,1,1,1,1,1
RU_HIN_008196,SRC_000001,1,1,1,1,1
RU_HIN_008197,SRC_000004,1,1,1,1,1
RU_HIN_008198,SRC_000004,0,0,0,0,0
RU_HIN_008199,SRC_000002,1,1,1,1,1
RU_HIN_008200,SRC_000002,0,0,0,0,0
RU_HIN_008201,SRC_000004,1,1,1,1,1
RU_HIN_008202,SRC_000002,0,0,0,0,0
RU_HIN_008203,SRC_000003,1,1,1,1,1
RU_HIN_008204,SRC_000004,1,1,1,1,1
RU_HIN_008205,SRC_000005,0,0,0,0,0
RU_HIN_008206,SRC_000005,0,0,1,1,0
RU_HIN_008207,SRC_000002,0,0,0,0,0
RU_HIN_008208,SRC_000005,1,1,1,1,1
RU_HIN_008209,SRC_000003,1,1,1,1,1
RU_HIN_008210,SRC_000002,0,0,0,0,0
RU_HIN_008211,SRC_000001,1,1,1,1,1
RU_HIN_008212,SRC_000004,1,1,1,1,1
RU_HIN_008213,SRC_000001,1,1,1,1,1
RU_HIN_008214,SRC_000002,1,1,1,1,1
RU_HIN_008215,SRC_000004,0,0,0,0,0
RU_HIN_008216,SRC_000004,1,1,1,1,1
RU_HIN_008217,SRC_000004,1,1,1,1,1
RU_HIN_008218,SRC_000001,0,0,0,0,0
RU_HIN_008219,SRC_000001,1,1,1,1,1
RU_HIN_008220,SRC_000001,1,1,1,1,1
RU_HIN_008221,SRC_000003,1,1,1,1,1
RU_HIN_008222,SRC_000004,0,0,0,0,0
RU_HIN_008223,SRC_000001,0,0,0,0,0
RU_HIN_008224,SRC_000001,1,1,1,1,1
RU_HIN_008225,SRC_000001,1,1,1,1,1
RU_HIN_008226,SRC_000002,0,0,0,0,0
RU_HIN_008227,SRC_000005,1,1,1,1,1
RU_HIN_008228,SRC_000004,1,1,1,1,1
RU_HIN_008229,SRC_000001,1,1,1,1,1
RU_HIN_008230,SRC_000004,0,0,0,0,0
RU_HIN_008231,SRC_000003,1,1,1,1,1
RU_HIN_008232,SRC_000005,1,1,1,1,1
RU_HIN_008233,SRC_000003,1,1,1,1,1
RU_HIN_008234,SRC_000001,0,0,1,1,0
RU_HIN_008235,SRC_000005,1,1,1,1,1
RU_HIN_008236,SRC_000005,0,0,0,0,0
RU_HIN_008237,SRC_000001,1,1,1,1,1
RU_HIN_008238,SRC_000003,1,1,1,1,1
RU_HIN_008239,SRC_000002,1,1,1,1,1
RU_HIN_008240,SRC_000003,0,0,0,0,0
RU_HIN_008241,SRC_000003,1,1,1,1,1
RU_HIN_008242,SRC_000003,1,1,1,1,1
RU_HIN_008243,SRC_000003,1,1,1,1,1
RU_HIN_008244,SRC_000001,1,1,1,1,1
RU_HIN_008245,SRC_000005,1,1,1,1,1
RU_HIN_008246,SRC_000002,1,1,1,1,1
RU_HIN_008247,SRC_000001,1,1,1,1,1
RU_HIN_008248,SRC_000004,0,0,0,0,0
RU_HIN_008249,SRC_000002,1,1,1,1,1
RU_HIN_008250,SRC_000003,1,1,1,1,1
RU_HIN_008251,SRC_000004,1,1,1,1,1
RU_HIN_008252,SRC_000002,1,1,1,1,1
RU_HIN_008253,SRC_000004,0,0,0,0,0
RU_HIN_008254,SRC_000002,0,0,0,0,0
RU_HIN_008255,SRC_000001,0,0,0,0,0
RU_HIN_008256,SRC_000005,1,1,1,1,1
RU_HIN_008257,SRC_000003,1,1,1,1,1
RU_HIN_008258,SRC_000005,1,1,1,1,1
RU_HIN_008259,SRC_000004,1,1,1,1,1
RU_HIN_008260,SRC_000005,1,1,1,1,1
RU_HIN_008261,SRC_000001,1,1,1,1,1
RU_HIN_008262,SRC_000004,1,1,1,1,1
RU_HIN_008263,SRC_000003,1,1,1,1,1
RU_HIN_008264,SRC_000001,0,0,0,0,0
RU_HIN_008265,SRC_000004,1,1,1,1,1
RU_HIN_008266,SRC_000002,1,1,1,1,1
RU_HIN_008267,SRC_000005,1,1,1,1,1
RU_HIN_008268,SRC_000001,1,1,1,1,1
RU_HIN_008269,SRC_000001,0,0,0,0,0
RU_HIN_008270,SRC_000001,1,1,1,1,1
RU_HIN_008271,SRC_000002,1,1,1,1,1
RU_HIN_008272,SRC_000001,1,1,1,1,1
RU_HIN_008273,SRC_000001,1,1,1,1,1
RU_HIN_008274,SRC_000003,1,1,1,1,1
RU_HIN_008275,SRC_000005,1,1,1,1,1
RU_HIN_008276,SRC_000002,0,0,0,0,0
RU_HIN_008277,SRC_000005,1,1,1,1,1
RU_HIN_008278,SRC_000002,0,0,1,1,0
RU_HIN_008279,SRC_000005,0,0,0,0,0
RU_HIN_008280,SRC_000003,1,1,1,1,1
RU_HIN_008281,SRC_000004,0,0,0,0,0
RU_HIN_008282,SRC_000002,1,1,1,1,1
RU_HIN_008283,SRC_000004,1,1,1,1,1
RU_HIN_008284,SRC_000004,1,1,1,1,1
RU_HIN_008285,SRC_000001,0,0,0,0,0
RU_HIN_008286,SRC_000003,0,0,1,1,0
RU_HIN_008287,SRC_000003,1,1,1,1,1
RU_HIN_008288,SRC_000004,1,1,1,1,1
RU_HIN_008289,SRC_000001,0,0,0,0,0
RU_HIN_008290,SRC_000005,1,1,1,1,1
RU_HIN_008291,SRC_000003,1,1,1,1,1
RU_HIN_008292,SRC_000002,1,1,1,1,1
RU_HIN_008293,SRC_000003,1,1,1,1,1
RU_HIN_008294,SRC_000003,0,0,0,0,0
RU_HIN_008295,SRC_000005,1,1,1,1,1
RU_HIN_008296,SRC_000005,1,1,1,1,1
RU_HIN_008297,SRC_000005,1,1,1,1,1
RU_HIN_008298,SRC_000005,1,1,1,1,1
RU_HIN_008299,SRC_000002,1,1,1,1,1
RU_HIN_008300,SRC_000004,1,1,1,1,1
RU_HIN_008301,SRC_000002,1,0,1,1,0
RU_HIN_008302,SRC_000002,0,0,0,0,0
RU_HIN_008303,SRC_000001,1,1,1,1,1
RU_HIN_008304,SRC_000003,1,1,1,1,1
RU_HIN_008305,SRC_000003,1,1,1,1,1
RU_HIN_008306,SRC_000002,1,1,1,1,1
RU_HIN_008307,SRC_000002,1,1,1,1,1
RU_HIN_008308,SRC_000003,1,1,1,1,1
RU_HIN_008309,SRC_000003,1,1,1,1,1
RU_HIN_008310,SRC_000001,1,1,1,1,1
RU_HIN_008311,SRC_000005,1,1,1,1,1
RU_HIN_008312,SRC_000003,0,0,0,0,0
RU_HIN_008313,SRC_000005,1,1,1,1,1
RU_HIN_008314,SRC_000004,1,1,1,1,1
RU_HIN_008315,SRC_000002,1,1,1,1,1
RU_HIN_008316,SRC_000004,1,1,1,1,1
RU_HIN_008317,SRC_000003,1,1,1,1,1
RU_HIN_008318,SRC_000003,1,1,1,1,1
RU_HIN_008319,SRC_000005,1,1,1,1,1
RU_HIN_008320,SRC_000005,1,1,1,1,1
RU_HIN_008321,SRC_000004,0,0,0,0,0
RU_HIN_008322,SRC_000003,1,1,1,1,1
RU_HIN_008323,SRC_000004,1,1,1,1,1
RU_HIN_008324,SRC_000003,0,0,0,0,0
RU_HIN_008325,SRC_000003,0,0,0,0,0
RU_HIN_008326,SRC_000001,1,1,1,1,1
RU_HIN_008327,SRC_000004,0,0,0,0,0
RU_HIN_008328,SRC_000005,1,1,1,1,1
RU_HIN_008329,SRC_000003,0,0,0,0,0
RU_HIN_008330,SRC_000003,1,1,1,1,1
RU_HIN_008331,SRC_000005,1,1,1,1,1
RU_HIN_008332,SRC_000005,1,1,1,1,1
RU_HIN_008333,SRC_000005,0,0,0,0,0
RU_HIN_008334,SRC_000005,1,1,1,1,1
RU_HIN_008335,SRC_000003,1,1,1,1,1
RU_HIN_008336,SRC_000001,1,1,1,1,1
RU_HIN_008337,SRC_000002,1,1,1,1,1
RU_HIN_008338,SRC_000004,1,1,1,1,1
RU_HIN_008339,SRC_000002,1,1,1,1,1
RU_HIN_008340,SRC_000002,0,0,0,0,0
RU_HIN_008341,SRC_000001,0,0,0,0,0
RU_HIN_008342,SRC_000002,1,1,1,1,1
RU_HIN_008343,SRC_000004,1,1,1,1,1
RU_HIN_008344,SRC_000002,0,0,0,0,0
RU_HIN_008345,SRC_000001,0,0,0,0,0
RU_HIN_008346,SRC_000003,1,1,1,1,1
RU_HIN_008347,SRC_000004,1,1,1,1,1
RU_HIN_008348,SRC_000003,1,1,1,1,1
RU_HIN_008349,SRC_000004,1,1,1,1,1
RU_HIN_008350,SRC_000004,0,0,0,0,0
RU_HIN_008351,SRC_000005,1,1,1,1,1
RU_HIN_008352,SRC_000004,1,1,1,1,1
RU_HIN_008353,SRC_000004,1,1,1,1,1
RU_HIN_008354,SRC_000001,1,1,1,1,1
RU_HIN_008355,SRC_000003,0,0,0,0,0
RU_HIN_008356,SRC_000005,1,0,1,1,1
RU_HIN_008357,SRC_000004,1,1,1,1,1
RU_HIN_008358,SRC_000005,1,1,1,1,1
RU_HIN_008359,SRC_000001,1,1,1,1,1
RU_HIN_008360,SRC_000004,1,1,1,1,1
RU_HIN_008361,SRC_000001,1,1,1,1,1
RU_HIN_008362,SRC_000002,1,1,1,1,1
RU_HIN_008363,SRC_000003,1,1,1,1,1
RU_HIN_008364,SRC_000002,1,1,1,1,1
RU_HIN_008365,SRC_000005,0,0,1,1,0
RU_HIN_008366,SRC_000003,1,1,1,1,1
RU_HIN_008367,SRC_000003,1,1,1,1,1
RU_HIN_008368,SRC_000001,1,1,1,1,1
RU_HIN_008369,SRC_000003,0,0,0,0,0
RU_HIN_008370,SRC_000005,0,0,0,0,0
RU_HIN_008371,SRC_000002,1,1,1,1,1
RU_HIN_008372,SRC_000005,1,1,1,1,1
RU_HIN_008373,SRC_000004,0,0,0,0,0
RU_HIN_008374,SRC_000004,0,0,0,0,0
RU_HIN_008375,SRC_000005,1,1,1,1,1
RU_HIN_008376,SRC_000002,0,0,0,0,0
RU_HIN_008377,SRC_000004,1,1,1,1,1
RU_HIN_008378,SRC_000001,1,1,1,1,1
RU_HIN_008379,SRC_000001,1,1,1,1,1
RU_HIN_008380,SRC_000003,1,1,1,1,1
RU_HIN_008381,SRC_000002,1,1,1,1,1
RU_HIN_008382,SRC_000003,0,0,0,0,0
RU_HIN_008383,SRC_000001,1,1,1,1,1
RU_HIN_008384,SRC_000004,1,1,1,1,1
RU_HIN_008385,SRC_000004,1,1,1,1,1
RU_HIN_008386,SRC_000001,1,1,1,1,1
RU_HIN_008387,SRC_000001,0,0,0,0,0
RU_HIN_008388,SRC_000003,1,1,1,1,1
RU_HIN_008389,SRC_000002,1,1,1,1,1
RU_HIN_008390,SRC_000003,0,0,0,0,0
RU_HIN_008391,SRC_000005,1,1,1,1,1
RU_HIN_008392,SRC_000001,1,1,1,1,1
RU_HIN_008393,SRC_000002,1,1,1,1,1
RU_HIN_008394,SRC_000003,1,1,1,1,1
RU_HIN_008395,SRC_000004,0,0,0,0,0
RU_HIN_008396,SRC_000001,1,1,1,1,1
RU_HIN_008397,SRC_000001,1,1,1,1,1
RU_HIN_008398,SRC_000001,1,1,1,1,1
RU_HIN_008399,SRC_000004,0,0,0,0,0
RU_HIN_008400,SRC_000002,1,1,1,1,1
RU_HIN_008401,SRC_000003,1,1,1,1,1
RU_HIN_008402,SRC_000002,0,0,0,0,0
RU_HIN_008403,SRC_000005,0,0,0,0,0
RU_HIN_008404,SRC_000002,0,0,0,0,0
RU_HIN_008405,SRC_000001,1,1,1,1,1
RU_HIN_008406,SRC_000003,1,1,1,1,1
RU_HIN_008407,SRC_000002,1,1,1,1,1
RU_HIN_008408,SRC_000003,0,0,0,0,0
RU_HIN_008409,SRC_000003,1,1,1,1,1
RU_HIN_008410,SRC_000004,1,1,1,1,1
RU_HIN_008411,SRC_000004,0,0,0,0,0
RU_HIN_008412,SRC_000001,1,1,1,1,1
RU_HIN_008413,SRC_000001,0,0,0,0,0
RU_HIN_008414,SRC_000005,1,1,1,1,1
RU_HIN_008415,SRC_000003,1,0,1,1,0
RU_HIN_008416,SRC_000002,1,1,1,1,1
RU_HIN_008417,SRC_000001,1,1,1,1,1
RU_HIN_008418,SRC_000005,0,0,0,0,0
RU_HIN_008419,SRC_000003,1,1,1,1,1
RU_HIN_008420,SRC_000003,1,1,1,1,1
RU_HIN_008421,SRC_000001,1,1,1,1,1
RU_HIN_008422,SRC_000005,1,1,1,1,1
RU_HIN_008423,SRC_000005,1,1,1,1,1
RU_HIN_008424,SRC_000003,1,1,1,1,1
RU_HIN_008425,SRC_000004,1,1,1,1,1
RU_HIN_008426,SRC_000004,0,0,0,0,0
RU_HIN_008427,SRC_000002,1,1,1,1,1
RU_HIN_008428,SRC_000003,1,1,1,1,1
RU_HIN_008429,SRC_000004,1,1,1,1,1
RU_HIN_008430,SRC_000001,1,1,1,1,1
RU_HIN_008431,SRC_000005,1,1,1,1,1
RU_HIN_008432,SRC_000003,1,1,1,1,1
RU_HIN_008433,SRC_000004,1,1,1,1,1
RU_HIN_008434,SRC_000002,1,1,1,1,1
RU_HIN_008435,SRC_000001,1,1,1,1,1
RU_HIN_008436,SRC_000002,1,1,1,1,1
RU_HIN_008437,SRC_000002,1,1,1,1,1
RU_HIN_008438,SRC_000001,1,1,1,1,1
RU_HIN_008439,SRC_000004,1,1,1,1,1
RU_HIN_008440,SRC_000004,1,1,1,1,1
RU_HIN_008441,SRC_000002,0,0,0,0,0
RU_HIN_008442,SRC_000005,0,0,0,0,0
RU_HIN_008443,SRC_000004,1,1,1,1,1
RU_HIN_008444,SRC_000003,1,1,1,1,1
RU_HIN_008445,SRC_000004,1,1,1,1,1
RU_HIN_008446,SRC_000005,0,0,0,0,0
RU_HIN_008447,SRC_000004,1,1,1,1,1
RU_HIN_008448,SRC_000001,1,1,1,1,1
RU_HIN_008449,SRC_000001,1,1,1,1,1
RU_HIN_008450,SRC_000002,1,1,1,1,1
RU_HIN_008451,SRC_000002,0,0,0,0,0
RU_HIN_008452,SRC_000003,1,1,1,1,1
RU_HIN_008453,SRC_000001,1,1,1,1,1
RU_HIN_008454,SRC_000003,0,0,0,0,0
RU_HIN_008455,SRC_000005,1,1,1,1,1
RU_HIN_008456,SRC_000002,1,1,1,1,1
RU_HIN_008457,SRC_000003,1,1,1,1,1
RU_HIN_008458,SRC_000002,1,1,1,1,1
RU_HIN_008459,SRC_000003,1,1,1,1,1
RU_HIN_008460,SRC_000002,1,1,1,1,1
RU_HIN_008461,SRC_000004,1,1,1,1,1
RU_HIN_008462,SRC_000004,1,1,1,1,1
RU_HIN_008463,SRC_000005,0,0,0,0,0
RU_HIN_008464,SRC_000001,1,1,1,1,1
RU_HIN_008465,SRC_000004,1,1,1,1,1
RU_HIN_008466,SRC_000002,1,1,1,1,1
RU_HIN_008467,SRC_000004,1,1,1,1,1
RU_HIN_008468,SRC_000004,1,1,1,1,1
RU_HIN_008469,SRC_000005,1,1,1,1,1
RU_HIN_008470,SRC_000003,0,0,0,0,0
RU_HIN_008471,SRC_000002,1,1,1,1,1
RU_HIN_008472,SRC_000002,1,1,1,1,1
RU_HIN_008473,SRC_000003,1,0,1,1,0
RU_HIN_008474,SRC_000003,1,1,1,1,1
RU_HIN_008475,SRC_000004,1,1,1,1,1
RU_HIN_008476,SRC_000002,1,1,1,1,1
RU_HIN_008477,SRC_000005,1,1,1,1,1
RU_HIN_008478,SRC_000001,1,1,1,1,1
RU_HIN_008479,SRC_000001,0,0,0,0,0
RU_HIN_008480,SRC_000004,0,0,0,0,0
RU_HIN_008481,SRC_000002,1,1,1,1,1
RU_HIN_008482,SRC_000002,1,1,1,1,1
RU_HIN_008483,SRC_000002,1,1,1,1,1
RU_HIN_008484,SRC_000004,1,1,1,1,1
RU_HIN_008485,SRC_000001,1,1,1,1,1
RU_HIN_008486,SRC_000002,1,1,1,1,1
RU_HIN_008487,SRC_000002,1,1,1,1,1
RU_HIN_008488,SRC_000001,1,1,1,1,1
RU_HIN_008489,SRC_000002,1,1,1,1,1
RU_HIN_008490,SRC_000004,1,1,1,1,1
RU_HIN_008491,SRC_000002,1,1,1,1,1
RU_HIN_008492,SRC_000004,1,1,1,1,1
RU_HIN_008493,SRC_000002,0,0,0,0,0
RU_HIN_008494,SRC_000005,1,1,1,1,1
RU_HIN_008495,SRC_000005,1,1,1,1,1
RU_HIN_008496,SRC_000001,1,1,1,1,1
RU_HIN_008497,SRC_000004,1,1,1,1,1
RU_HIN_008498,SRC_000004,1,1,1,1,1
RU_HIN_008499,SRC_000004,1,1,1,1,1
RU_HIN_008500,SRC_000004,0,0,0,0,0
RU_HIN_008501,SRC_000003,0,0,0,0,0
RU_HIN_008502,SRC_000005,1,1,1,1,1
RU_HIN_008503,SRC_000002,0,0,0,0,0
RU_HIN_008504,SRC_000003,1,1,1,1,1
RU_HIN_008505,SRC_000001,0,0,0,0,0
RU_HIN_008506,SRC_000003,1,1,1,1,1
RU_HIN_008507,SRC_000003,1,1,1,1,1
RU_HIN_008508,SRC_000005,1,1,1,1,1
RU_HIN_008509,SRC_000005,1,1,1,1,1
RU_HIN_008510,SRC_000005,1,1,1,1,1
RU_HIN_008511,SRC_000004,1,1,1,1,1
RU_HIN_008512,SRC_000004,1,1,1,1,1
RU_HIN_008513,SRC_000004,1,1,1,1,1
RU_HIN_008514,SRC_000002,1,1,1,1,1
RU_HIN_008515,SRC_000002,0,0,0,0,0
RU_HIN_008516,SRC_000004,1,1,1,1,1
RU_HIN_008517,SRC_000002,1,1,1,1,1
RU_HIN_008518,SRC_000003,1,1,1,1,1
RU_HIN_008519,SRC_000004,1,1,1,1,1
RU_HIN_008520,SRC_000003,1,1,1,1,1
RU_HIN_008521,SRC_000003,1,1,1,1,1
RU_HIN_008522,SRC_000001,1,1,1,1,1
RU_HIN_008523,SRC_000005,1,1,1,1,1
RU_HIN_008524,SRC_000005,0,0,1,1,0
RU_HIN_008525,SRC_000004,1,1,1,1,1
RU_HIN_008526,SRC_000001,1,1,1,1,1
RU_HIN_008527,SRC_000001,1,1,1,1,1
RU_HIN_008528,SRC_000005,1,1,1,1,1
RU_HIN_008529,SRC_000003,1,0,1,1,1
RU_HIN_008530,SRC_000001,1,1,1,1,1
RU_HIN_008531,SRC_000001,0,0,0,0,0
RU_HIN_008532,SRC_000001,1,1,1,1,1
RU_HIN_008533,SRC_000001,1,1,1,1,1
RU_HIN_008534,SRC_000004,1,1,1,1,1
RU_HIN_008535,SRC_000004,0,0,0,0,0
RU_HIN_008536,SRC_000004,1,1,1,1,1
RU_HIN_008537,SRC_000005,1,0,1,1,1
RU_HIN_008538,SRC_000001,1,1,1,1,1
RU_HIN_008539,SRC_000004,1,1,1,1,1
RU_HIN_008540,SRC_000002,1,1,1,1,1
RU_HIN_008541,SRC_000002,1,1,1,1,1
RU_HIN_008542,SRC_000005,1,1,1,1,1
RU_HIN_008543,SRC_000001,1,1,1,1,1
RU_HIN_008544,SRC_000002,1,1,1,1,1
RU_HIN_008545,SRC_000002,1,1,1,1,1
RU_HIN_008546,SRC_000004,0,0,0,0,0
RU_HIN_008547,SRC_000004,0,0,0,0,0
RU_HIN_008548,SRC_000001,0,0,0,0,0
RU_HIN_008549,SRC_000001,1,1,1,1,1
RU_HIN_008550,SRC_000005,1,1,1,1,1
RU_HIN_008551,SRC_000005,1,1,1,1,1
RU_HIN_008552,SRC_000002,0,0,0,0,0
RU_HIN_008553,SRC_000005,0,0,0,0,0
RU_HIN_008554,SRC_000002,0,0,0,0,0
RU_HIN_008555,SRC_000005,0,0,0,0,0
RU_HIN_008556,SRC_000003,1,1,1,1,1
RU_HIN_008557,SRC_000002,0,0,0,0,0
RU_HIN_008558,SRC_000001,1,1,1,1,1
RU_HIN_008559,SRC_000004,1,1,1,1,1
RU_HIN_008560,SRC_000001,1,1,1,1,1
RU_HIN_008561,SRC_000002,0,0,0,0,0
RU_HIN_008562,SRC_000003,1,1,1,1,1
RU_HIN_008563,SRC_000002,0,0,0,0,0
RU_HIN_008564,SRC_000004,1,1,1,1,1
RU_HIN_008565,SRC_000001,0,0,0,0,0
RU_HIN_008566,SRC_000005,1,1,1,1,1
RU_HIN_008567,SRC_000003,0,0,0,0,0
RU_HIN_008568,SRC_000001,0,0,0,0,0
RU_HIN_008569,SRC_000004,1,1,1,1,1
RU_HIN_008570,SRC_000003,1,1,1,1,1
RU_HIN_008571,SRC_000004,1,1,1,1,1
RU_HIN_008572,SRC_000003,1,1,1,1,1
RU_HIN_008573,SRC_000005,0,0,0,0,0
RU_HIN_008574,SRC_000003,1,1,1,1,1
RU_HIN_008575,SRC_000005,1,1,1,1,1
RU_HIN_008576,SRC_000003,1,1,1,1,1
RU_HIN_008577,SRC_000001,1,1,1,1,1
RU_HIN_008578,SRC_000005,1,1,1,1,1
RU_HIN_008579,SRC_000003,1,1,1,1,1
RU_HIN_008580,SRC_000004,1,1,1,1,1
RU_HIN_008581,SRC_000002,1,1,1,1,1
RU_HIN_008582,SRC_000002,1,1,1,1,1
RU_HIN_008583,SRC_000002,1,1,1,1,1
RU_HIN_008584,SRC_000003,1,1,1,1,1
RU_HIN_008585,SRC_000003,1,1,1,1,1
RU_HIN_008586,SRC_000002,1,1,1,1,1
RU_HIN_008587,SRC_000003,1,1,1,1,1
RU_HIN_008588,SRC_000001,1,1,1,1,1
RU_HIN_008589,SRC_000005,1,1,1,1,1
RU_HIN_008590,SRC_000004,1,1,1,1,1
RU_HIN_008591,SRC_000004,1,1,1,1,1
RU_HIN_008592,SRC_000004,0,0,0,0,0
RU_HIN_008593,SRC_000004,1,1,1,1,1
RU_HIN_008594,SRC_000005,1,1,1,1,1
RU_HIN_008595,SRC_000002,1,1,1,1,1
RU_HIN_008596,SRC_000002,1,1,1,1,1
RU_HIN_008597,SRC_000005,1,1,1,1,1
RU_HIN_008598,SRC_000001,1,1,1,1,1
RU_HIN_008599,SRC_000001,0,0,0,0,0
RU_HIN_008600,SRC_000002,1,1,1,1,1
RU_HIN_008601,SRC_000002,1,1,1,1,1
RU_HIN_008602,SRC_000003,1,1,1,1,1
RU_HIN_008603,SRC_000004,0,0,0,0,0
RU_HIN_008604,SRC_000003,1,1,1,1,1
RU_HIN_008605,SRC_000001,1,1,1,1,1
RU_HIN_008606,SRC_000005,1,1,1,1,1
RU_HIN_008607,SRC_000004,1,1,1,1,1
RU_HIN_008608,SRC_000003,1,1,1,1,1
RU_HIN_008609,SRC_000001,1,1,1,1,1
RU_HIN_008610,SRC_000002,1,1,1,1,1
RU_HIN_008611,SRC_000004,1,1,1,1,1
RU_HIN_008612,SRC_000004,1,1,1,1,1
RU_HIN_008613,SRC_000001,1,1,1,1,1
RU_HIN_008614,SRC_000005,1,1,1,1,1
RU_HIN_008615,SRC_000003,1,1,1,1,1
RU_HIN_008616,SRC_000003,1,1,1,1,1
RU_HIN_008617,SRC_000002,0,0,0,0,0
RU_HIN_008618,SRC_000001,0,0,0,0,0
RU_HIN_008619,SRC_000004,1,1,1,1,1
RU_HIN_008620,SRC_000002,1,1,1,1,1
RU_HIN_008621,SRC_000003,1,1,1,1,1
RU_HIN_008622,SRC_000004,0,0,0,0,0
RU_HIN_008623,SRC_000002,1,1,1,1,1
RU_HIN_008624,SRC_000005,1,1,1,1,1
RU_HIN_008625,SRC_000004,0,0,1,1,0
RU_HIN_008626,SRC_000001,1,1,1,1,1
RU_HIN_008627,SRC_000004,1,1,1,1,1
RU_HIN_008628,SRC_000004,1,1,1,1,1
RU_HIN_008629,SRC_000005,1,1,1,1,1
RU_HIN_008630,SRC_000003,1,1,1,1,1
RU_HIN_008631,SRC_000004,1,1,1,1,1
RU_HIN_008632,SRC_000004,0,0,0,0,0
RU_HIN_008633,SRC_000001,1,1,1,1,1
RU_HIN_008634,SRC_000002,0,0,0,0,0
RU_HIN_008635,SRC_000003,0,0,0,0,0
RU_HIN_008636,SRC_000004,0,0,0,0,0
RU_HIN_008637,SRC_000004,1,1,1,1,1
RU_HIN_008638,SRC_000002,1,1,1,1,1
RU_HIN_008639,SRC_000001,1,1,1,1,1
RU_HIN_008640,SRC_000005,1,1,1,1,1
RU_HIN_008641,SRC_000001,0,0,0,0,0
RU_HIN_008642,SRC_000004,0,0,0,0,0
RU_HIN_008643,SRC_000003,0,0,0,0,0
RU_HIN_008644,SRC_000005,1,1,1,1,1
RU_HIN_008645,SRC_000002,0,0,0,0,0
RU_HIN_008646,SRC_000005,0,0,0,0,0
RU_HIN_008647,SRC_000002,1,1,1,1,1
RU_HIN_008648,SRC_000001,0,0,0,0,0
RU_HIN_008649,SRC_000001,1,1,1,1,1
RU_HIN_008650,SRC_000003,0,0,0,0,0
RU_HIN_008651,SRC_000004,1,1,1,1,1
RU_HIN_008652,SRC_000005,1,1,1,1,1
RU_HIN_008653,SRC_000001,0,0,0,0,0
RU_HIN_008654,SRC_000003,0,0,0,0,0
RU_HIN_008655,SRC_000004,1,1,1,1,1
RU_HIN_008656,SRC_000005,1,1,1,1,1
RU_HIN_008657,SRC_000001,0,0,0,0,0
RU_HIN_008658,SRC_000004,1,1,1,1,1
RU_HIN_008659,SRC_000005,1,1,1,1,1
RU_HIN_008660,SRC_000002,1,1,1,1,1
RU_HIN_008661,SRC_000003,1,1,1,1,1
RU_HIN_008662,SRC_000005,1,1,1,1,1
RU_HIN_008663,SRC_000003,0,0,0,0,0
RU_HIN_008664,SRC_000005,1,1,1,1,1
RU_HIN_008665,SRC_000003,1,1,1,1,1
RU_HIN_008666,SRC_000004,1,1,1,1,1
RU_HIN_008667,SRC_000003,1,1,1,1,1
RU_HIN_008668,SRC_000001,1,1,1,1,1
RU_HIN_008669,SRC_000001,1,1,1,1,1
RU_HIN_008670,SRC_000005,0,0,0,0,0
RU_HIN_008671,SRC_000003,0,0,0,0,0
RU_HIN_008672,SRC_000003,1,1,1,1,1
RU_HIN_008673,SRC_000001,1,1,1,1,1
RU_HIN_008674,SRC_000001,0,0,0,0,0
RU_HIN_008675,SRC_000003,1,1,1,1,1
RU_HIN_008676,SRC_000002,1,1,1,1,1
RU_HIN_008677,SRC_000003,0,0,0,0,0
RU_HIN_008678,SRC_000001,1,1,1,1,1
RU_HIN_008679,SRC_000001,1,1,1,1,1
RU_HIN_008680,SRC_000004,1,1,1,1,1
RU_HIN_008681,SRC_000005,0,0,0,0,0
RU_HIN_008682,SRC_000001,1,1,1,1,1
RU_HIN_008683,SRC_000004,1,1,1,1,1
RU_HIN_008684,SRC_000003,1,1,1,1,1
RU_HIN_008685,SRC_000005,1,1,1,1,1
RU_HIN_008686,SRC_000002,0,0,0,0,0
RU_HIN_008687,SRC_000002,1,1,1,1,1
RU_HIN_008688,SRC_000005,1,1,1,1,1
RU_HIN_008689,SRC_000002,0,0,0,0,0
RU_HIN_008690,SRC_000002,1,1,1,1,1
RU_HIN_008691,SRC_000001,1,1,1,1,1
RU_HIN_008692,SRC_000004,1,1,1,1,1
RU_HIN_008693,SRC_000004,1,1,1,1,1
RU_HIN_008694,SRC_000004,1,1,1,1,1
RU_HIN_008695,SRC_000004,1,1,1,1,1
RU_HIN_008696,SRC_000005,1,1,1,1,1
RU_HIN_008697,SRC_000003,1,1,1,1,1
RU_HIN_008698,SRC_000005,1,1,1,1,1
RU_HIN_008699,SRC_000003,1,1,1,1,1
RU_HIN_008700,SRC_000004,1,1,1,1,1
RU_HIN_008701,SRC_000004,0,0,0,0,0
RU_HIN_008702,SRC_000004,1,1,1,1,1
RU_HIN_008703,SRC_000004,1,1,1,1,1
RU_HIN_008704,SRC_000004,1,1,1,1,1
RU_HIN_008705,SRC_000001,1,1,1,1,1
RU_HIN_008706,SRC_000005,1,1,1,1,1
RU_HIN_008707,SRC_000004,0,0,0,0,0
RU_HIN_008708,SRC_000005,1,1,1,1,1
RU_HIN_008709,SRC_000002,0,0,0,0,0
RU_HIN_008710,SRC_000002,1,1,1,1,1
RU_HIN_008711,SRC_000001,1,1,1,1,1
RU_HIN_008712,SRC_000005,0,0,0,0,0
RU_HIN_008713,SRC_000002,1,1,1,1,1
RU_HIN_008714,SRC_000004,1,1,1,1,1
RU_HIN_008715,SRC_000005,1,1,1,1,1
RU_HIN_008716,SRC_000004,1,1,1,1,1
RU_HIN_008717,SRC_000005,0,0,0,0,0
RU_HIN_008718,SRC_000003,1,1,1,1,1
RU_HIN_008719,SRC_000004,1,1,1,1,1
RU_HIN_008720,SRC_000001,1,1,1,1,1
RU_HIN_008721,SRC_000004,1,1,1,1,1
RU_HIN_008722,SRC_000002,1,1,1,1,1
RU_HIN_008723,SRC_000002,0,0,0,0,0
RU_HIN_008724,SRC_000005,1,1,1,1,1
RU_HIN_008725,SRC_000001,0,0,0,0,0
RU_HIN_008726,SRC_000004,1,1,1,1,1
RU_HIN_008727,SRC_000004,0,0,0,0,0
RU_HIN_008728,SRC_000005,1,0,1,1,0
RU_HIN_008729,SRC_000004,0,0,0,0,0
RU_HIN_008730,SRC_000005,1,1,1,1,1
RU_HIN_008731,SRC_000004,0,0,0,0,0
RU_HIN_008732,SRC_000001,1,1,1,1,1
RU_HIN_008733,SRC_000001,1,1,1,1,1
RU_HIN_008734,SRC_000003,0,0,1,1,0
RU_HIN_008735,SRC_000003,1,0,1,1,1
RU_HIN_008736,SRC_000001,1,1,1,1,1
RU_HIN_008737,SRC_000004,1,1,1,1,1
RU_HIN_008738,SRC_000001,1,1,1,1,1
RU_HIN_008739,SRC_000005,1,1,1,1,1
RU_HIN_008740,SRC_000004,1,1,1,1,1
RU_HIN_008741,SRC_000004,1,1,1,1,1
RU_HIN_008742,SRC_000005,1,1,1,1,1
RU_HIN_008743,SRC_000002,1,1,1,1,1
RU_HIN_008744,SRC_000004,1,1,1,1,1
RU_HIN_008745,SRC_000001,1,1,1,1,1
RU_HIN_008746,SRC_000001,1,1,1,1,1
RU_HIN_008747,SRC_000003,1,1,1,1,1
RU_HIN_008748,SRC_000004,1,1,1,1,1
RU_HIN_008749,SRC_000004,1,1,1,1,1
RU_HIN_008750,SRC_000001,1,1,1,1,1
RU_HIN_008751,SRC_000001,1,1,1,1,1
RU_HIN_008752,SRC_000002,0,0,0,0,0
RU_HIN_008753,SRC_000001,1,1,1,1,1
RU_HIN_008754,SRC_000001,1,1,1,1,1
RU_HIN_008755,SRC_000004,1,1,1,1,1
RU_HIN_008756,SRC_000001,1,1,1,1,1
RU_HIN_008757,SRC_000002,1,1,1,1,1
RU_HIN_008758,SRC_000004,1,1,1,1,1
RU_HIN_008759,SRC_000002,0,0,0,0,0
RU_HIN_008760,SRC_000004,1,1,1,1,1
RU_HIN_008761,SRC_000002,1,1,1,1,1
RU_HIN_008762,SRC_000002,1,1,1,1,1
RU_HIN_008763,SRC_000005,1,1,1,1,1
RU_HIN_008764,SRC_000003,1,1,1,1,1
RU_HIN_008765,SRC_000001,1,1,1,1,1
RU_HIN_008766,SRC_000004,1,1,1,1,1
RU_HIN_008767,SRC_000001,1,1,1,1,1
RU_HIN_008768,SRC_000003,1,1,1,1,1
RU_HIN_008769,SRC_000005,0,0,0,0,0
RU_HIN_008770,SRC_000002,1,1,1,1,1
RU_HIN_008771,SRC_000002,1,1,1,1,1
RU_HIN_008772,SRC_000002,1,1,1,1,1
RU_HIN_008773,SRC_000001,0,0,0,0,0
RU_HIN_008774,SRC_000003,0,0,0,0,0
RU_HIN_008775,SRC_000005,1,1,1,1,1
RU_HIN_008776,SRC_000002,0,0,0,0,0
RU_HIN_008777,SRC_000003,1,1,1,1,1
RU_HIN_008778,SRC_000005,1,1,1,1,1
RU_HIN_008779,SRC_000002,1,1,1,1,1
RU_HIN_008780,SRC_000003,1,1,1,1,1
RU_HIN_008781,SRC_000004,1,1,1,1,1
RU_HIN_008782,SRC_000003,1,1,1,1,1
RU_HIN_008783,SRC_000001,1,1,1,1,1
RU_HIN_008784,SRC_000005,1,1,1,1,1
RU_HIN_008785,SRC_000005,0,0,0,0,0
RU_HIN_008786,SRC_000004,1,1,1,1,1
RU_HIN_008787,SRC_000004,1,1,1,1,1
RU_HIN_008788,SRC_000001,0,0,0,0,0
RU_HIN_008789,SRC_000005,0,0,0,0,0
RU_HIN_008790,SRC_000003,0,0,0,0,0
RU_HIN_008791,SRC_000005,1,1,1,1,1
RU_HIN_008792,SRC_000003,0,0,0,0,0
RU_HIN_008793,SRC_000001,0,0,0,0,0
RU_HIN_008794,SRC_000001,1,1,1,1,1
RU_HIN_008795,SRC_000005,0,0,0,0,0
RU_HIN_008796,SRC_000005,1,1,1,1,1
RU_HIN_008797,SRC_000002,1,1,1,1,1
RU_HIN_008798,SRC_000004,0,0,0,0,0
RU_HIN_008799,SRC_000003,1,0,1,1,1
RU_HIN_008800,SRC_000003,1,1,1,1,1
RU_HIN_008801,SRC_000005,0,0,0,0,0
RU_HIN_008802,SRC_000001,0,0,0,0,0
RU_HIN_008803,SRC_000005,0,0,0,0,0
RU_HIN_008804,SRC_000005,1,1,1,1,1
RU_HIN_008805,SRC_000004,0,0,0,0,0
RU_HIN_008806,SRC_000002,1,1,1,1,1
RU_HIN_008807,SRC_000003,1,0,1,1,0
RU_HIN_008808,SRC_000004,0,0,0,0,0
RU_HIN_008809,SRC_000004,1,1,1,1,1
RU_HIN_008810,SRC_000001,1,0,1,1,1
RU_HIN_008811,SRC_000001,1,1,1,1,1
RU_HIN_008812,SRC_000001,1,1,1,1,1
RU_HIN_008813,SRC_000002,1,1,1,1,1
RU_HIN_008814,SRC_000002,0,0,0,0,0
RU_HIN_008815,SRC_000004,0,0,1,1,0
RU_HIN_008816,SRC_000004,1,1,1,1,1
RU_HIN_008817,SRC_000001,1,1,1,1,1
RU_HIN_008818,SRC_000004,1,1,1,1,1
RU_HIN_008819,SRC_000005,1,1,1,1,1
RU_HIN_008820,SRC_000005,1,1,1,1,1
RU_HIN_008821,SRC_000003,1,1,1,1,1
RU_HIN_008822,SRC_000004,1,1,1,1,1
RU_HIN_008823,SRC_000001,1,1,1,1,1
RU_HIN_008824,SRC_000005,1,1,1,1,1
RU_HIN_008825,SRC_000004,1,1,1,1,1
RU_HIN_008826,SRC_000004,1,1,1,1,1
RU_HIN_008827,SRC_000003,0,0,0,0,0
RU_HIN_008828,SRC_000005,1,1,1,1,1
RU_HIN_008829,SRC_000004,0,0,0,0,0
RU_HIN_008830,SRC_000002,0,0,0,0,0
RU_HIN_008831,SRC_000004,1,1,1,1,1
RU_HIN_008832,SRC_000002,1,1,1,1,1
RU_HIN_008833,SRC_000004,0,0,0,0,0
RU_HIN_008834,SRC_000003,1,1,1,1,1
RU_HIN_008835,SRC_000003,1,0,1,1,1
RU_HIN_008836,SRC_000002,1,1,1,1,1
RU_HIN_008837,SRC_000002,1,1,1,1,1
RU_HIN_008838,SRC_000004,1,1,1,1,1
RU_HIN_008839,SRC_000004,1,1,1,1,1
RU_HIN_008840,SRC_000001,0,0,0,0,0
RU_HIN_008841,SRC_000003,1,1,1,1,1
RU_HIN_008842,SRC_000004,1,1,1,1,1
RU_HIN_008843,SRC_000005,1,1,1,1,1
RU_HIN_008844,SRC_000002,0,0,0,0,0
RU_HIN_008845,SRC_000002,1,1,1,1,1
RU_HIN_008846,SRC_000002,1,1,1,1,1
RU_HIN_008847,SRC_000004,1,1,1,1,1
RU_HIN_008848,SRC_000004,1,1,1,1,1
RU_HIN_008849,SRC_000005,0,0,0,0,0
RU_HIN_008850,SRC_000001,1,1,1,1,1
RU_HIN_008851,SRC_000002,1,1,1,1,1
RU_HIN_008852,SRC_000005,1,1,1,1,1
RU_HIN_008853,SRC_000001,0,0,0,0,0
RU_HIN_008854,SRC_000004,0,0,0,0,0
RU_HIN_008855,SRC_000003,1,1,1,1,1
RU_HIN_008856,SRC_000004,0,0,0,0,0
RU_HIN_008857,SRC_000005,1,1,1,1,1
RU_HIN_008858,SRC_000001,1,0,1,1,1
RU_HIN_008859,SRC_000003,1,1,1,1,1
RU_HIN_008860,SRC_000005,1,1,1,1,1
RU_HIN_008861,SRC_000005,0,0,0,0,0
RU_HIN_008862,SRC_000002,1,1,1,1,1
RU_HIN_008863,SRC_000005,1,1,1,1,1
RU_HIN_008864,SRC_000005,1,1,1,1,1
RU_HIN_008865,SRC_000005,0,0,0,0,0
RU_HIN_008866,SRC_000002,1,1,1,1,1
RU_HIN_008867,SRC_000005,1,1,1,1,1
RU_HIN_008868,SRC_000005,1,1,1,1,1
RU_HIN_008869,SRC_000003,0,0,0,0,0
RU_HIN_008870,SRC_000004,1,1,1,1,1
RU_HIN_008871,SRC_000002,1,1,1,1,1
RU_HIN_008872,SRC_000001,0,0,0,0,0
RU_HIN_008873,SRC_000005,1,1,1,1,1
RU_HIN_008874,SRC_000002,1,1,1,1,1
RU_HIN_008875,SRC_000005,1,1,1,1,1
RU_HIN_008876,SRC_000004,1,1,1,1,1
RU_HIN_008877,SRC_000001,1,1,1,1,1
RU_HIN_008878,SRC_000002,1,1,1,1,1
RU_HIN_008879,SRC_000003,1,1,1,1,1
RU_HIN_008880,SRC_000003,1,1,1,1,1
RU_HIN_008881,SRC_000001,1,1,1,1,1
RU_HIN_008882,SRC_000002,1,1,1,1,1
RU_HIN_008883,SRC_000003,0,0,0,0,0
RU_HIN_008884,SRC_000003,0,0,0,0,0
RU_HIN_008885,SRC_000004,1,1,1,1,1
RU_HIN_008886,SRC_000003,0,0,0,0,0
RU_HIN_008887,SRC_000004,1,1,1,1,1
RU_HIN_008888,SRC_000001,1,1,1,1,1
RU_HIN_008889,SRC_000005,1,1,1,1,1
RU_HIN_008890,SRC_000004,1,1,1,1,1
RU_HIN_008891,SRC_000004,0,0,0,0,0
RU_HIN_008892,SRC_000004,0,0,1,1,0
RU_HIN_008893,SRC_000004,0,0,0,0,0
RU_HIN_008894,SRC_000004,0,0,0,0,0
RU_HIN_008895,SRC_000004,0,0,0,0,0
RU_HIN_008896,SRC_000003,1,1,1,1,1
RU_HIN_008897,SRC_000001,1,1,1,1,1
RU_HIN_008898,SRC_000005,1,1,1,1,1
RU_HIN_008899,SRC_000005,1,1,1,1,1
RU_HIN_008900,SRC_000002,1,1,1,1,1
RU_HIN_008901,SRC_000001,1,1,1,1,1
RU_HIN_008902,SRC_000004,1,1,1,1,1
RU_HIN_008903,SRC_000002,1,1,1,1,1
RU_HIN_008904,SRC_000004,0,0,0,0,0
RU_HIN_008905,SRC_000002,1,1,1,1,1
RU_HIN_008906,SRC_000002,0,0,0,0,0
RU_HIN_008907,SRC_000001,1,1,1,1,1
RU_HIN_008908,SRC_000004,1,0,1,1,0
RU_HIN_008909,SRC_000004,1,1,1,1,1
RU_HIN_008910,SRC_000003,1,1,1,1,1
RU_HIN_008911,SRC_000004,1,1,1,1,1
RU_HIN_008912,SRC_000005,1,1,1,1,1
RU_HIN_008913,SRC_000004,1,1,1,1,1
RU_HIN_008914,SRC_000003,1,1,1,1,1
RU_HIN_008915,SRC_000005,1,1,1,1,1
RU_HIN_008916,SRC_000004,1,1,1,1,1
RU_HIN_008917,SRC_000005,1,1,1,1,1
RU_HIN_008918,SRC_000001,1,1,1,1,1
RU_HIN_008919,SRC_000003,1,1,1,1,1
RU_HIN_008920,SRC_000001,1,1,1,1,1
RU_HIN_008921,SRC_000001,1,0,1,1,1
RU_HIN_008922,SRC_000005,1,1,1,1,1
RU_HIN_008923,SRC_000001,1,1,1,1,1
RU_HIN_008924,SRC_000001,1,1,1,1,1
RU_HIN_008925,SRC_000005,1,1,1,1,1
RU_HIN_008926,SRC_000001,1,1,1,1,1
RU_HIN_008927,SRC_000004,1,1,1,1,1
RU_HIN_008928,SRC_000005,1,1,1,1,1
RU_HIN_008929,SRC_000003,1,1,1,1,1
RU_HIN_008930,SRC_000001,1,1,1,1,1
RU_HIN_008931,SRC_000005,1,1,1,1,1
RU_HIN_008932,SRC_000003,1,1,1,1,1
RU_HIN_008933,SRC_000001,1,1,1,1,1
RU_HIN_008934,SRC_000005,1,1,1,1,1
RU_HIN_008935,SRC_000004,1,1,1,1,1
RU_HIN_008936,SRC_000004,1,1,1,1,1
RU_HIN_008937,SRC_000004,1,1,1,1,1
RU_HIN_008938,SRC_000001,0,0,1,1,0
RU_HIN_008939,SRC_000001,1,1,1,1,1
RU_HIN_008940,SRC_000004,1,1,1,1,1
RU_HIN_008941,SRC_000003,1,1,1,1,1
RU_HIN_008942,SRC_000005,1,1,1,1,1
RU_HIN_008943,SRC_000005,0,0,0,0,0
RU_HIN_008944,SRC_000003,1,1,1,1,1
RU_HIN_008945,SRC_000005,1,1,1,1,1
RU_HIN_008946,SRC_000002,0,0,0,0,0
RU_HIN_008947,SRC_000004,1,1,1,1,1
RU_HIN_008948,SRC_000003,1,1,1,1,1
RU_HIN_008949,SRC_000002,1,1,1,1,1
RU_HIN_008950,SRC_000004,1,1,1,1,1
RU_HIN_008951,SRC_000001,1,1,1,1,1
RU_HIN_008952,SRC_000005,1,1,1,1,1
RU_HIN_008953,SRC_000001,1,1,1,1,1
RU_HIN_008954,SRC_000005,1,1,1,1,1
RU_HIN_008955,SRC_000004,0,0,0,0,0
RU_HIN_008956,SRC_000005,0,0,0,0,0
RU_HIN_008957,SRC_000002,1,1,1,1,1
RU_HIN_008958,SRC_000004,1,0,1,1,0
RU_HIN_008959,SRC_000004,1,1,1,1,1
RU_HIN_008960,SRC_000005,1,1,1,1,1
RU_HIN_008961,SRC_000002,1,1,1,1,1
RU_HIN_008962,SRC_000005,1,1,1,1,1
RU_HIN_008963,SRC_000005,1,1,1,1,1
RU_HIN_008964,SRC_000004,1,1,1,1,1
RU_HIN_008965,SRC_000003,1,1,1,1,1
RU_HIN_008966,SRC_000004,0,0,0,0,0
RU_HIN_008967,SRC_000002,1,1,1,1,1
RU_HIN_008968,SRC_000004,1,1,1,1,1
RU_HIN_008969,SRC_000002,1,1,1,1,1
RU_HIN_008970,SRC_000003,0,0,0,0,0
RU_HIN_008971,SRC_000005,0,0,0,0,0
RU_HIN_008972,SRC_000003,1,1,1,1,1
RU_HIN_008973,SRC_000002,1,1,1,1,1
RU_HIN_008974,SRC_000003,1,1,1,1,1
RU_HIN_008975,SRC_000001,1,1,1,1,1
RU_HIN_008976,SRC_000003,1,1,1,1,1
RU_HIN_008977,SRC_000003,0,0,0,0,0
RU_HIN_008978,SRC_000002,1,1,1,1,1
RU_HIN_008979,SRC_000002,1,1,1,1,1
RU_HIN_008980,SRC_000004,1,1,1,1,1
RU_HIN_008981,SRC_000003,0,0,0,0,0
RU_HIN_008982,SRC_000005,0,0,1,1,0
RU_HIN_008983,SRC_000005,1,1,1,1,1
RU_HIN_008984,SRC_000001,1,1,1,1,1
RU_HIN_008985,SRC_000004,1,1,1,1,1
RU_HIN_008986,SRC_000002,0,0,0,0,0
RU_HIN_008987,SRC_000002,1,1,1,1,1
RU_HIN_008988,SRC_000002,1,1,1,1,1
RU_HIN_008989,SRC_000004,1,1,1,1,1
RU_HIN_008990,SRC_000005,0,0,0,0,0
RU_HIN_008991,SRC_000003,0,0,1,1,0
RU_HIN_008992,SRC_000004,1,1,1,1,1
RU_HIN_008993,SRC_000005,1,0,1,1,1
RU_HIN_008994,SRC_000001,0,0,0,0,0
RU_HIN_008995,SRC_000002,0,0,0,0,0
RU_HIN_008996,SRC_000002,1,1,1,1,1
RU_HIN_008997,SRC_000004,1,1,1,1,1
RU_HIN_008998,SRC_000003,1,1,1,1,1
RU_HIN_008999,SRC_000004,1,1,1,1,1
RU_HIN_009000,SRC_000003,1,1,1,1,1
RU_HIN_009001,SRC_000005,1,1,1,1,1
RU_HIN_009002,SRC_000004,1,1,1,1,1
RU_HIN_009003,SRC_000001,1,1,1,1,1
RU_HIN_009004,SRC_000005,1,1,1,1,1
RU_HIN_009005,SRC_000002,0,0,0,0,0
RU_HIN_009006,SRC_000001,1,1,1,1,1
RU_HIN_009007,SRC_000004,1,1,1,1,1
RU_HIN_009008,SRC_000002,1,1,1,1,1
RU_HIN_009009,SRC_000002,1,1,1,1,1
RU_HIN_009010,SRC_000004,0,0,0,0,0
RU_HIN_009011,SRC_000005,0,0,0,0,0
RU_HIN_009012,SRC_000003,1,1,1,1,1
RU_HIN_009013,SRC_000002,1,1,1,1,1
RU_HIN_009014,SRC_000004,1,1,1,1,1
RU_HIN_009015,SRC_000003,1,1,1,1,1
RU_HIN_009016,SRC_000003,0,0,0,0,0
RU_HIN_009017,SRC_000005,1,1,1,1,1
RU_HIN_009018,SRC_000005,1,1,1,1,1
RU_HIN_009019,SRC_000004,1,1,1,1,1
RU_HIN_009020,SRC_000003,0,0,0,0,0
RU_HIN_009021,SRC_000003,0,0,0,0,0
RU_HIN_009022,SRC_000004,0,0,0,0,0
RU_HIN_009023,SRC_000001,1,1,1,1,1
RU_HIN_009024,SRC_000005,1,1,1,1,1
RU_HIN_009025,SRC_000005,0,0,0,0,0
RU_HIN_009026,SRC_000004,1,1,1,1,1
RU_HIN_009027,SRC_000003,0,0,0,0,0
RU_HIN_009028,SRC_000001,1,1,1,1,1
RU_HIN_009029,SRC_000001,1,1,1,1,1
RU_HIN_009030,SRC_000003,1,1,1,1,1
RU_HIN_009031,SRC_000001,1,1,1,1,1
RU_HIN_009032,SRC_000001,1,1,1,1,1
RU_HIN_009033,SRC_000001,1,1,1,1,1
RU_HIN_009034,SRC_000004,1,1,1,1,1
RU_HIN_009035,SRC_000001,1,1,1,1,1
RU_HIN_009036,SRC_000005,1,1,1,1,1
RU_HIN_009037,SRC_000004,1,1,1,1,1
RU_HIN_009038,SRC_000003,0,0,0,0,0
RU_HIN_009039,SRC_000002,1,1,1,1,1
RU_HIN_009040,SRC_000001,1,1,1,1,1
RU_HIN_009041,SRC_000005,1,1,1,1,1
RU_HIN_009042,SRC_000002,1,1,1,1,1
RU_HIN_009043,SRC_000001,1,1,1,1,1
RU_HIN_009044,SRC_000001,0,0,0,0,0
RU_HIN_009045,SRC_000003,1,1,1,1,1
RU_HIN_009046,SRC_000002,1,1,1,1,1
RU_HIN_009047,SRC_000003,1,1,1,1,1
RU_HIN_009048,SRC_000005,0,0,0,0,0
RU_HIN_009049,SRC_000004,1,1,1,1,1
RU_HIN_009050,SRC_000003,1,1,1,1,1
RU_HIN_009051,SRC_000004,1,1,1,1,1
RU_HIN_009052,SRC_000001,0,0,0,0,0
RU_HIN_009053,SRC_000005,0,0,0,0,0
RU_HIN_009054,SRC_000005,1,1,1,1,1
RU_HIN_009055,SRC_000005,1,1,1,1,1
RU_HIN_009056,SRC_000005,1,1,1,1,1
RU_HIN_009057,SRC_000003,1,1,1,1,1
RU_HIN_009058,SRC_000002,1,1,1,1,1
RU_HIN_009059,SRC_000003,1,1,1,1,1
RU_HIN_009060,SRC_000004,1,1,1,1,1
RU_HIN_009061,SRC_000002,1,1,1,1,1
RU_HIN_009062,SRC_000003,1,1,1,1,1
RU_HIN_009063,SRC_000001,1,1,1,1,1
RU_HIN_009064,SRC_000004,1,1,1,1,1
RU_HIN_009065,SRC_000004,0,0,0,0,0
RU_HIN_009066,SRC_000002,0,0,0,0,0
RU_HIN_009067,SRC_000003,1,1,1,1,1
RU_HIN_009068,SRC_000001,1,1,1,1,1
RU_HIN_009069,SRC_000002,1,1,1,1,1
RU_HIN_009070,SRC_000002,0,0,0,0,0
RU_HIN_009071,SRC_000003,1,1,1,1,1
RU_HIN_009072,SRC_000001,1,1,1,1,1
RU_HIN_009073,SRC_000004,1,1,1,1,1
RU_HIN_009074,SRC_000002,1,1,1,1,1
RU_HIN_009075,SRC_000002,1,1,1,1,1
RU_HIN_009076,SRC_000003,0,0,0,0,0
RU_HIN_009077,SRC_000001,0,0,0,0,0
RU_HIN_009078,SRC_000001,1,1,1,1,1
RU_HIN_009079,SRC_000002,1,1,1,1,1
RU_HIN_009080,SRC_000002,1,1,1,1,1
RU_HIN_009081,SRC_000004,1,1,1,1,1
RU_HIN_009082,SRC_000002,1,1,1,1,1
RU_HIN_009083,SRC_000003,1,1,1,1,1
RU_HIN_009084,SRC_000003,0,0,0,0,0
RU_HIN_009085,SRC_000004,1,1,1,1,1
RU_HIN_009086,SRC_000005,1,1,1,1,1
RU_HIN_009087,SRC_000002,1,1,1,1,1
RU_HIN_009088,SRC_000001,1,1,1,1,1
RU_HIN_009089,SRC_000001,1,1,1,1,1
RU_HIN_009090,SRC_000005,1,1,1,1,1
RU_HIN_009091,SRC_000004,1,1,1,1,1
RU_HIN_009092,SRC_000002,1,1,1,1,1
RU_HIN_009093,SRC_000004,1,1,1,1,1
RU_HIN_009094,SRC_000005,1,1,1,1,1
RU_HIN_009095,SRC_000005,1,1,1,1,1
RU_HIN_009096,SRC_000005,1,1,1,1,1
RU_HIN_009097,SRC_000005,1,1,1,1,1
RU_HIN_009098,SRC_000004,1,1,1,1,1
RU_HIN_009099,SRC_000004,1,1,1,1,1
RU_HIN_009100,SRC_000002,1,1,1,1,1
RU_HIN_009101,SRC_000002,1,1,1,1,1
RU_HIN_009102,SRC_000001,1,1,1,1,1
RU_HIN_009103,SRC_000004,1,1,1,1,1
RU_HIN_009104,SRC_000003,0,0,0,0,0
RU_HIN_009105,SRC_000002,1,1,1,1,1
RU_HIN_009106,SRC_000005,1,1,1,1,1
RU_HIN_009107,SRC_000005,1,1,1,1,1
RU_HIN_009108,SRC_000005,0,0,0,0,0
RU_HIN_009109,SRC_000005,0,0,0,0,0
RU_HIN_009110,SRC_000003,1,1,1,1,1
RU_HIN_009111,SRC_000002,1,1,1,1,1
RU_HIN_009112,SRC_000004,1,1,1,1,1
RU_HIN_009113,SRC_000005,1,1,1,1,1
RU_HIN_009114,SRC_000001,1,1,1,1,1
RU_HIN_009115,SRC_000004,1,1,1,1,1
RU_HIN_009116,SRC_000002,0,0,0,0,0
RU_HIN_009117,SRC_000003,1,1,1,1,1
RU_HIN_009118,SRC_000003,1,1,1,1,1
RU_HIN_009119,SRC_000001,1,1,1,1,1
RU_HIN_009120,SRC_000001,1,1,1,1,1
RU_HIN_009121,SRC_000003,0,0,0,0,0
RU_HIN_009122,SRC_000004,1,1,1,1,1
RU_HIN_009123,SRC_000005,1,1,1,1,1
RU_HIN_009124,SRC_000002,1,1,1,1,1
RU_HIN_009125,SRC_000001,1,1,1,1,1
RU_HIN_009126,SRC_000005,0,0,0,0,0
RU_HIN_009127,SRC_000001,1,0,1,1,1
RU_HIN_009128,SRC_000002,1,1,1,1,1
RU_HIN_009129,SRC_000003,1,1,1,1,1
RU_HIN_009130,SRC_000001,0,0,0,0,0
RU_HIN_009131,SRC_000001,0,0,0,0,0
RU_HIN_009132,SRC_000002,0,0,0,0,0
RU_HIN_009133,SRC_000001,1,1,1,1,1
RU_HIN_009134,SRC_000003,0,0,0,0,0
RU_HIN_009135,SRC_000005,1,1,1,1,1
RU_HIN_009136,SRC_000002,1,1,1,1,1
RU_HIN_009137,SRC_000002,1,1,1,1,1
RU_HIN_009138,SRC_000002,1,1,1,1,1
RU_HIN_009139,SRC_000003,1,1,1,1,1
RU_HIN_009140,SRC_000003,0,0,0,0,0
RU_HIN_009141,SRC_000003,1,1,1,1,1
RU_HIN_009142,SRC_000003,1,1,1,1,1
RU_HIN_009143,SRC_000004,0,0,0,0,0
RU_HIN_009144,SRC_000002,1,1,1,1,1
RU_HIN_009145,SRC_000002,1,1,1,1,1
RU_HIN_009146,SRC_000003,1,1,1,1,1
RU_HIN_009147,SRC_000001,0,0,0,0,0
RU_HIN_009148,SRC_000005,1,1,1,1,1
RU_HIN_009149,SRC_000001,1,1,1,1,1
RU_HIN_009150,SRC_000005,1,1,1,1,1
RU_HIN_009151,SRC_000004,1,1,1,1,1
RU_HIN_009152,SRC_000003,1,1,1,1,1
RU_HIN_009153,SRC_000002,1,1,1,1,1
RU_HIN_009154,SRC_000005,1,1,1,1,1
RU_HIN_009155,SRC_000001,1,1,1,1,1
RU_HIN_009156,SRC_000002,1,1,1,1,1
RU_HIN_009157,SRC_000002,0,0,0,0,0
RU_HIN_009158,SRC_000001,1,1,1,1,1
RU_HIN_009159,SRC_000003,0,0,0,0,0
RU_HIN_009160,SRC_000002,1,1,1,1,1
RU_HIN_009161,SRC_000001,1,0,1,1,1
RU_HIN_009162,SRC_000001,1,1,1,1,1
RU_HIN_009163,SRC_000001,0,0,0,0,0
RU_HIN_009164,SRC_000003,0,0,0,0,0
RU_HIN_009165,SRC_000003,1,1,1,1,1
RU_HIN_009166,SRC_000005,1,1,1,1,1
RU_HIN_009167,SRC_000003,0,0,0,0,0
RU_HIN_009168,SRC_000003,0,0,0,0,0
RU_HIN_009169,SRC_000003,1,1,1,1,1
RU_HIN_009170,SRC_000002,1,1,1,1,1
RU_HIN_009171,SRC_000001,1,1,1,1,1
RU_HIN_009172,SRC_000001,1,1,1,1,1
RU_HIN_009173,SRC_000001,1,1,1,1,1
RU_HIN_009174,SRC_000003,1,1,1,1,1
RU_HIN_009175,SRC_000003,1,1,1,1,1
RU_HIN_009176,SRC_000004,1,1,1,1,1
RU_HIN_009177,SRC_000005,0,0,0,0,0
RU_HIN_009178,SRC_000003,1,1,1,1,1
RU_HIN_009179,SRC_000005,0,0,0,0,0
RU_HIN_009180,SRC_000005,0,0,0,0,0
RU_HIN_009181,SRC_000004,1,1,1,1,1
RU_HIN_009182,SRC_000004,1,1,1,1,1
RU_HIN_009183,SRC_000001,1,1,1,1,1
RU_HIN_009184,SRC_000002,1,1,1,1,1
RU_HIN_009185,SRC_000003,1,1,1,1,1
RU_HIN_009186,SRC_000004,0,0,0,0,0
RU_HIN_009187,SRC_000001,0,0,0,0,0
RU_HIN_009188,SRC_000004,1,1,1,1,1
RU_HIN_009189,SRC_000005,1,1,1,1,1
RU_HIN_009190,SRC_000003,0,0,0,0,0
RU_HIN_009191,SRC_000004,1,1,1,1,1
RU_HIN_009192,SRC_000002,0,0,0,0,0
RU_HIN_009193,SRC_000002,1,1,1,1,1
RU_HIN_009194,SRC_000005,0,0,0,0,0
RU_HIN_009195,SRC_000004,1,1,1,1,1
RU_HIN_009196,SRC_000004,1,1,1,1,1
RU_HIN_009197,SRC_000001,1,1,1,1,1
RU_HIN_009198,SRC_000003,0,0,0,0,0
RU_HIN_009199,SRC_000004,0,0,0,0,0
RU_HIN_009200,SRC_000003,1,1,1,1,1
RU_HIN_009201,SRC_000003,1,1,1,1,1
RU_HIN_009202,SRC_000003,1,1,1,1,1
RU_HIN_009203,SRC_000004,1,1,1,1,1
RU_HIN_009204,SRC_000002,1,1,1,1,1
RU_HIN_009205,SRC_000001,1,1,1,1,1
RU_HIN_009206,SRC_000001,1,1,1,1,1
RU_HIN_009207,SRC_000003,1,1,1,1,1
RU_HIN_009208,SRC_000004,1,1,1,1,1
RU_HIN_009209,SRC_000004,1,1,1,1,1
RU_HIN_009210,SRC_000004,1,1,1,1,1
RU_HIN_009211,SRC_000004,0,0,0,0,0
RU_HIN_009212,SRC_000001,1,1,1,1,1
RU_HIN_009213,SRC_000001,1,1,1,1,1
RU_HIN_009214,SRC_000002,1,1,1,1,1
RU_HIN_009215,SRC_000005,0,0,0,0,0
RU_HIN_009216,SRC_000004,1,1,1,1,1
RU_HIN_009217,SRC_000004,1,1,1,1,1
RU_HIN_009218,SRC_000003,1,1,1,1,1
RU_HIN_009219,SRC_000003,1,1,1,1,1
RU_HIN_009220,SRC_000002,1,1,1,1,1
RU_HIN_009221,SRC_000004,1,1,1,1,1
RU_HIN_009222,SRC_000001,1,1,1,1,1
RU_HIN_009223,SRC_000003,1,1,1,1,1
RU_HIN_009224,SRC_000001,1,0,1,1,1
RU_HIN_009225,SRC_000002,1,1,1,1,1
RU_HIN_009226,SRC_000003,1,1,1,1,1
RU_HIN_009227,SRC_000001,1,1,1,1,1
RU_HIN_009228,SRC_000001,1,1,1,1,1
RU_HIN_009229,SRC_000005,1,1,1,1,1
RU_HIN_009230,SRC_000001,1,1,1,1,1
RU_HIN_009231,SRC_000004,1,1,1,1,1
RU_HIN_009232,SRC_000005,0,0,0,0,0
RU_HIN_009233,SRC_000004,1,1,1,1,1
RU_HIN_009234,SRC_000001,1,1,1,1,1
RU_HIN_009235,SRC_000004,1,1,1,1,1
RU_HIN_009236,SRC_000005,0,0,0,0,0
RU_HIN_009237,SRC_000004,0,0,0,0,0
RU_HIN_009238,SRC_000001,1,1,1,1,1
RU_HIN_009239,SRC_000004,1,1,1,1,1
RU_HIN_009240,SRC_000002,1,1,1,1,1
RU_HIN_009241,SRC_000003,1,1,1,1,1
RU_HIN_009242,SRC_000001,1,1,1,1,1
RU_HIN_009243,SRC_000003,1,1,1,1,1
RU_HIN_009244,SRC_000001,1,1,1,1,1
RU_HIN_009245,SRC_000004,1,1,1,1,1
RU_HIN_009246,SRC_000002,1,1,1,1,1
RU_HIN_009247,SRC_000003,0,0,0,0,0
RU_HIN_009248,SRC_000002,1,1,1,1,1
RU_HIN_009249,SRC_000004,1,1,1,1,1
RU_HIN_009250,SRC_000001,1,1,1,1,1
RU_HIN_009251,SRC_000005,1,1,1,1,1
RU_HIN_009252,SRC_000001,1,1,1,1,1
RU_HIN_009253,SRC_000002,0,0,0,0,0
RU_HIN_009254,SRC_000005,1,1,1,1,1
RU_HIN_009255,SRC_000005,1,1,1,1,1
RU_HIN_009256,SRC_000002,1,1,1,1,1
RU_HIN_009257,SRC_000002,1,1,1,1,1
RU_HIN_009258,SRC_000001,1,1,1,1,1
RU_HIN_009259,SRC_000003,1,1,1,1,1
RU_HIN_009260,SRC_000002,1,1,1,1,1
RU_HIN_009261,SRC_000002,0,0,0,0,0
RU_HIN_009262,SRC_000003,1,1,1,1,1
RU_HIN_009263,SRC_000005,1,1,1,1,1
RU_HIN_009264,SRC_000002,0,0,0,0,0
RU_HIN_009265,SRC_000002,0,0,0,0,0
RU_HIN_009266,SRC_000005,0,0,0,0,0
RU_HIN_009267,SRC_000003,0,0,0,0,0
RU_HIN_009268,SRC_000005,1,1,1,1,1
RU_HIN_009269,SRC_000004,1,1,1,1,1
RU_HIN_009270,SRC_000005,1,0,1,1,1
RU_HIN_009271,SRC_000004,1,1,1,1,1
RU_HIN_009272,SRC_000004,1,1,1,1,1
RU_HIN_009273,SRC_000001,1,1,1,1,1
RU_HIN_009274,SRC_000001,1,1,1,1,1
RU_HIN_009275,SRC_000004,1,1,1,1,1
RU_HIN_009276,SRC_000001,1,1,1,1,1
RU_HIN_009277,SRC_000002,1,1,1,1,1
RU_HIN_009278,SRC_000004,1,1,1,1,1
RU_HIN_009279,SRC_000002,0,0,0,0,0
RU_HIN_009280,SRC_000003,1,1,1,1,1
RU_HIN_009281,SRC_000001,0,0,0,0,0
RU_HIN_009282,SRC_000005,1,1,1,1,1
RU_HIN_009283,SRC_000005,1,1,1,1,1
RU_HIN_009284,SRC_000001,1,1,1,1,1
RU_HIN_009285,SRC_000002,1,1,1,1,1
RU_HIN_009286,SRC_000002,0,0,0,0,0
RU_HIN_009287,SRC_000004,1,1,1,1,1
RU_HIN_009288,SRC_000003,1,1,1,1,1
RU_HIN_009289,SRC_000004,1,1,1,1,1
RU_HIN_009290,SRC_000003,1,1,1,1,1
RU_HIN_009291,SRC_000001,0,0,0,0,0
RU_HIN_009292,SRC_000004,1,1,1,1,1
RU_HIN_009293,SRC_000004,0,0,0,0,0
RU_HIN_009294,SRC_000001,1,1,1,1,1
RU_HIN_009295,SRC_000001,1,1,1,1,1
RU_HIN_009296,SRC_000003,0,0,0,0,0
RU_HIN_009297,SRC_000005,1,1,1,1,1
RU_HIN_009298,SRC_000003,1,1,1,1,1
RU_HIN_009299,SRC_000005,1,1,1,1,1
RU_HIN_009300,SRC_000002,1,1,1,1,1
RU_HIN_009301,SRC_000004,0,0,0,0,0
RU_HIN_009302,SRC_000002,0,0,0,0,0
RU_HIN_009303,SRC_000005,1,1,1,1,1
RU_HIN_009304,SRC_000004,0,0,0,0,0
RU_HIN_009305,SRC_000003,1,1,1,1,1
RU_HIN_009306,SRC_000002,1,1,1,1,1
RU_HIN_009307,SRC_000004,0,0,0,0,0
RU_HIN_009308,SRC_000005,1,1,1,1,1
RU_HIN_009309,SRC_000004,1,1,1,1,1
RU_HIN_009310,SRC_000004,0,0,0,0,0
RU_HIN_009311,SRC_000003,1,1,1,1,1
RU_HIN_009312,SRC_000003,1,1,1,1,1
RU_HIN_009313,SRC_000001,1,1,1,1,1
RU_HIN_009314,SRC_000003,1,1,1,1,1
RU_HIN_009315,SRC_000005,0,0,0,0,0
RU_HIN_009316,SRC_000003,1,1,1,1,1
RU_HIN_009317,SRC_000003,1,1,1,1,1
RU_HIN_009318,SRC_000003,1,1,1,1,1
RU_HIN_009319,SRC_000003,1,1,1,1,1
RU_HIN_009320,SRC_000001,1,1,1,1,1
RU_HIN_009321,SRC_000005,1,1,1,1,1
RU_HIN_009322,SRC_000001,1,1,1,1,1
RU_HIN_009323,SRC_000003,1,1,1,1,1
RU_HIN_009324,SRC_000004,1,1,1,1,1
RU_HIN_009325,SRC_000004,1,1,1,1,1
RU_HIN_009326,SRC_000001,1,1,1,1,1
RU_HIN_009327,SRC_000001,1,1,1,1,1
RU_HIN_009328,SRC_000003,1,1,1,1,1
RU_HIN_009329,SRC_000005,1,1,1,1,1
RU_HIN_009330,SRC_000001,1,1,1,1,1
RU_HIN_009331,SRC_000005,1,1,1,1,1
RU_HIN_009332,SRC_000004,1,1,1,1,1
RU_HIN_009333,SRC_000001,1,1,1,1,1
RU_HIN_009334,SRC_000003,1,1,1,1,1
RU_HIN_009335,SRC_000001,1,1,1,1,1
RU_HIN_009336,SRC_000005,1,1,1,1,1
RU_HIN_009337,SRC_000001,1,1,1,1,1
RU_HIN_009338,SRC_000004,0,0,0,0,0
RU_HIN_009339,SRC_000001,1,1,1,1,1
RU_HIN_009340,SRC_000004,1,1,1,1,1
RU_HIN_009341,SRC_000001,1,1,1,1,1
RU_HIN_009342,SRC_000002,1,1,1,1,1
RU_HIN_009343,SRC_000004,1,1,1,1,1
RU_HIN_009344,SRC_000001,1,1,1,1,1
RU_HIN_009345,SRC_000004,1,1,1,1,1
RU_HIN_009346,SRC_000005,1,1,1,1,1
RU_HIN_009347,SRC_000005,1,1,1,1,1
RU_HIN_009348,SRC_000002,1,1,1,1,1
RU_HIN_009349,SRC_000004,1,1,1,1,1
RU_HIN_009350,SRC_000004,1,1,1,1,1
RU_HIN_009351,SRC_000003,0,0,0,0,0
RU_HIN_009352,SRC_000001,1,1,1,1,1
RU_HIN_009353,SRC_000003,1,1,1,1,1
RU_HIN_009354,SRC_000005,1,1,1,1,1
RU_HIN_009355,SRC_000005,1,1,1,1,1
RU_HIN_009356,SRC_000004,1,1,1,1,1
RU_HIN_009357,SRC_000003,1,1,1,1,1
RU_HIN_009358,SRC_000005,1,1,1,1,1
RU_HIN_009359,SRC_000003,1,1,1,1,1
RU_HIN_009360,SRC_000004,0,0,0,0,0
RU_HIN_009361,SRC_000004,1,1,1,1,1
RU_HIN_009362,SRC_000004,1,1,1,1,1
RU_HIN_009363,SRC_000005,1,1,1,1,1
RU_HIN_009364,SRC_000002,0,0,0,0,0
RU_HIN_009365,SRC_000003,1,1,1,1,1
RU_HIN_009366,SRC_000004,0,0,0,0,0
RU_HIN_009367,SRC_000005,1,1,1,1,1
RU_HIN_009368,SRC_000005,1,1,1,1,1
RU_HIN_009369,SRC_000002,1,1,1,1,1
RU_HIN_009370,SRC_000001,1,1,1,1,1
RU_HIN_009371,SRC_000004,0,0,0,0,0
RU_HIN_009372,SRC_000001,0,0,0,0,0
RU_HIN_009373,SRC_000001,1,1,1,1,1
RU_HIN_009374,SRC_000001,1,1,1,1,1
RU_HIN_009375,SRC_000005,1,1,1,1,1
RU_HIN_009376,SRC_000003,1,1,1,1,1
RU_HIN_009377,SRC_000003,0,0,0,0,0
RU_HIN_009378,SRC_000003,1,1,1,1,1
RU_HIN_009379,SRC_000004,1,1,1,1,1
RU_HIN_009380,SRC_000002,1,1,1,1,1
RU_HIN_009381,SRC_000005,1,1,1,1,1
RU_HIN_009382,SRC_000004,1,1,1,1,1
RU_HIN_009383,SRC_000005,1,1,1,1,1
RU_HIN_009384,SRC_000004,1,1,1,1,1
RU_HIN_009385,SRC_000005,1,1,1,1,1
RU_HIN_009386,SRC_000004,1,1,1,1,1
RU_HIN_009387,SRC_000005,1,1,1,1,1
RU_HIN_009388,SRC_000004,0,0,0,0,0
RU_HIN_009389,SRC_000002,0,0,0,0,0
RU_HIN_009390,SRC_000002,1,1,1,1,1
RU_HIN_009391,SRC_000005,0,0,0,0,0
RU_HIN_009392,SRC_000003,1,1,1,1,1
RU_HIN_009393,SRC_000003,1,1,1,1,1
RU_HIN_009394,SRC_000003,1,1,1,1,1
RU_HIN_009395,SRC_000001,1,1,1,1,1
RU_HIN_009396,SRC_000003,0,0,0,0,0
RU_HIN_009397,SRC_000002,1,1,1,1,1
RU_HIN_009398,SRC_000001,1,1,1,1,1
RU_HIN_009399,SRC_000005,1,1,1,1,1
RU_HIN_009400,SRC_000005,1,1,1,1,1
RU_HIN_009401,SRC_000001,1,1,1,1,1
RU_HIN_009402,SRC_000005,1,1,1,1,1
RU_HIN_009403,SRC_000002,0,0,0,0,0
RU_HIN_009404,SRC_000005,1,1,1,1,1
RU_HIN_009405,SRC_000003,1,1,1,1,1
RU_HIN_009406,SRC_000005,1,1,1,1,1
RU_HIN_009407,SRC_000002,0,0,0,0,0
RU_HIN_009408,SRC_000003,1,1,1,1,1
RU_HIN_009409,SRC_000002,1,1,1,1,1
RU_HIN_009410,SRC_000004,1,1,1,1,1
RU_HIN_009411,SRC_000002,0,0,0,0,0
RU_HIN_009412,SRC_000005,1,1,1,1,1
RU_HIN_009413,SRC_000005,1,0,1,1,1
RU_HIN_009414,SRC_000005,1,1,1,1,1
RU_HIN_009415,SRC_000005,1,1,1,1,1
RU_HIN_009416,SRC_000003,1,1,1,1,1
RU_HIN_009417,SRC_000002,1,1,1,1,1
RU_HIN_009418,SRC_000005,0,0,0,0,0
RU_HIN_009419,SRC_000002,0,0,0,0,0
RU_HIN_009420,SRC_000004,0,0,0,0,0
RU_HIN_009421,SRC_000004,1,1,1,1,1
RU_HIN_009422,SRC_000002,1,1,1,1,1
RU_HIN_009423,SRC_000002,1,1,1,1,1
RU_HIN_009424,SRC_000003,0,0,0,0,0
RU_HIN_009425,SRC_000002,1,1,1,1,1
RU_HIN_009426,SRC_000004,1,1,1,1,1
RU_HIN_009427,SRC_000005,0,0,0,0,0
RU_HIN_009428,SRC_000001,0,0,0,0,0
RU_HIN_009429,SRC_000004,1,1,1,1,1
RU_HIN_009430,SRC_000004,1,1,1,1,1
RU_HIN_009431,SRC_000003,1,1,1,1,1
RU_HIN_009432,SRC_000004,1,1,1,1,1
RU_HIN_009433,SRC_000003,0,0,0,0,0
RU_HIN_009434,SRC_000001,1,1,1,1,1
RU_HIN_009435,SRC_000005,1,1,1,1,1
RU_HIN_009436,SRC_000003,1,1,1,1,1
RU_HIN_009437,SRC_000001,1,1,1,1,1
RU_HIN_009438,SRC_000002,1,1,1,1,1
RU_HIN_009439,SRC_000003,1,1,1,1,1
RU_HIN_009440,SRC_000005,1,1,1,1,1
RU_HIN_009441,SRC_000001,1,1,1,1,1
RU_HIN_009442,SRC_000001,1,1,1,1,1
RU_HIN_009443,SRC_000005,1,1,1,1,1
RU_HIN_009444,SRC_000001,1,1,1,1,1
RU_HIN_009445,SRC_000004,1,1,1,1,1
RU_HIN_009446,SRC_000003,1,1,1,1,1
RU_HIN_009447,SRC_000002,1,1,1,1,1
RU_HIN_009448,SRC_000002,1,1,1,1,1
RU_HIN_009449,SRC_000001,1,1,1,1,1
RU_HIN_009450,SRC_000002,1,1,1,1,1
RU_HIN_009451,SRC_000003,1,1,1,1,1
RU_HIN_009452,SRC_000001,1,1,1,1,1
RU_HIN_009453,SRC_000005,0,0,0,0,0
RU_HIN_009454,SRC_000003,1,1,1,1,1
RU_HIN_009455,SRC_000002,1,1,1,1,1
RU_HIN_009456,SRC_000004,1,1,1,1,1
RU_HIN_009457,SRC_000003,1,1,1,1,1
RU_HIN_009458,SRC_000001,1,1,1,1,1
RU_HIN_009459,SRC_000004,0,0,0,0,0
RU_HIN_009460,SRC_000004,1,1,1,1,1
RU_HIN_009461,SRC_000004,1,1,1,1,1
RU_HIN_009462,SRC_000003,0,0,0,0,0
RU_HIN_009463,SRC_000002,1,1,1,1,1
RU_HIN_009464,SRC_000002,1,1,1,1,1
RU_HIN_009465,SRC_000004,0,0,0,0,0
RU_HIN_009466,SRC_000001,0,0,0,0,0
RU_HIN_009467,SRC_000003,1,1,1,1,1
RU_HIN_009468,SRC_000004,0,0,0,0,0
RU_HIN_009469,SRC_000005,0,0,0,0,0
RU_HIN_009470,SRC_000004,1,1,1,1,1
RU_HIN_009471,SRC_000005,1,1,1,1,1
RU_HIN_009472,SRC_000004,1,1,1,1,1
RU_HIN_009473,SRC_000005,0,0,0,0,0
RU_HIN_009474,SRC_000001,1,1,1,1,1
RU_HIN_009475,SRC_000003,0,0,0,0,0
RU_HIN_009476,SRC_000003,0,0,0,0,0
RU_HIN_009477,SRC_000001,1,1,1,1,1
RU_HIN_009478,SRC_000001,0,0,0,0,0
RU_HIN_009479,SRC_000004,1,1,1,1,1
RU_HIN_009480,SRC_000004,1,1,1,1,1
RU_HIN_009481,SRC_000003,1,1,1,1,1
RU_HIN_009482,SRC_000005,1,1,1,1,1
RU_HIN_009483,SRC_000004,1,1,1,1,1
RU_HIN_009484,SRC_000001,1,1,1,1,1
RU_HIN_009485,SRC_000004,1,1,1,1,1
RU_HIN_009486,SRC_000005,1,1,1,1,1
RU_HIN_009487,SRC_000004,1,1,1,1,1
RU_HIN_009488,SRC_000003,0,0,0,0,0
RU_HIN_009489,SRC_000001,0,0,0,0,0
RU_HIN_009490,SRC_000001,1,1,1,1,1
RU_HIN_009491,SRC_000001,0,0,0,0,0
RU_HIN_009492,SRC_000001,0,0,0,0,0
RU_HIN_009493,SRC_000002,1,1,1,1,1
RU_HIN_009494,SRC_000004,1,1,1,1,1
RU_HIN_009495,SRC_000004,1,1,1,1,1
RU_HIN_009496,SRC_000001,1,1,1,1,1
RU_HIN_009497,SRC_000002,1,1,1,1,1
RU_HIN_009498,SRC_000002,1,0,1,1,1
RU_HIN_009499,SRC_000002,1,1,1,1,1
RU_HIN_009500,SRC_000003,1,1,1,1,1
RU_HIN_009501,SRC_000004,0,0,0,0,0
RU_HIN_009502,SRC_000005,1,1,1,1,1
RU_HIN_009503,SRC_000003,1,1,1,1,1
RU_HIN_009504,SRC_000004,0,0,0,0,0
RU_HIN_009505,SRC_000005,1,1,1,1,1
RU_HIN_009506,SRC_000003,0,0,0,0,0
RU_HIN_009507,SRC_000005,1,1,1,1,1
RU_HIN_009508,SRC_000005,1,1,1,1,1
RU_HIN_009509,SRC_000001,0,0,0,0,0
RU_HIN_009510,SRC_000004,1,1,1,1,1
RU_HIN_009511,SRC_000003,1,1,1,1,1
RU_HIN_009512,SRC_000001,1,1,1,1,1
RU_HIN_009513,SRC_000004,1,1,1,1,1
RU_HIN_009514,SRC_000005,0,0,0,0,0
RU_HIN_009515,SRC_000001,0,0,0,0,0
RU_HIN_009516,SRC_000004,1,1,1,1,1
RU_HIN_009517,SRC_000005,1,1,1,1,1
RU_HIN_009518,SRC_000001,1,0,1,1,1
RU_HIN_009519,SRC_000004,1,1,1,1,1
RU_HIN_009520,SRC_000004,0,0,0,0,0
RU_HIN_009521,SRC_000004,0,0,0,0,0
RU_HIN_009522,SRC_000002,0,0,0,0,0
RU_HIN_009523,SRC_000001,1,1,1,1,1
RU_HIN_009524,SRC_000005,1,1,1,1,1
RU_HIN_009525,SRC_000002,0,0,0,0,0
RU_HIN_009526,SRC_000004,1,1,1,1,1
RU_HIN_009527,SRC_000001,1,1,1,1,1
RU_HIN_009528,SRC_000004,1,1,1,1,1
RU_HIN_009529,SRC_000003,0,0,0,0,0
RU_HIN_009530,SRC_000003,0,0,0,0,0
RU_HIN_009531,SRC_000005,1,1,1,1,1
RU_HIN_009532,SRC_000002,1,1,1,1,1
RU_HIN_009533,SRC_000004,1,1,1,1,1
RU_HIN_009534,SRC_000001,0,0,0,0,0
RU_HIN_009535,SRC_000001,0,0,0,0,0
RU_HIN_009536,SRC_000004,1,1,1,1,1
RU_HIN_009537,SRC_000005,1,1,1,1,1
RU_HIN_009538,SRC_000003,1,1,1,1,1
RU_HIN_009539,SRC_000003,1,1,1,1,1
RU_HIN_009540,SRC_000002,1,1,1,1,1
RU_HIN_009541,SRC_000003,1,1,1,1,1
RU_HIN_009542,SRC_000001,1,1,1,1,1
RU_HIN_009543,SRC_000001,0,0,0,0,0
RU_HIN_009544,SRC_000005,1,1,1,1,1
RU_HIN_009545,SRC_000003,1,1,1,1,1
RU_HIN_009546,SRC_000003,1,1,1,1,1
RU_HIN_009547,SRC_000003,1,1,1,1,1
RU_HIN_009548,SRC_000003,0,0,0,0,0
RU_HIN_009549,SRC_000001,1,1,1,1,1
RU_HIN_009550,SRC_000002,1,1,1,1,1
RU_HIN_009551,SRC_000005,0,0,0,0,0
RU_HIN_009552,SRC_000004,1,1,1,1,1
RU_HIN_009553,SRC_000005,1,1,1,1,1
RU_HIN_009554,SRC_000005,1,1,1,1,1
RU_HIN_009555,SRC_000004,1,1,1,1,1
RU_HIN_009556,SRC_000001,1,1,1,1,1
RU_HIN_009557,SRC_000004,1,1,1,1,1
RU_HIN_009558,SRC_000001,1,1,1,1,1
RU_HIN_009559,SRC_000002,1,1,1,1,1
RU_HIN_009560,SRC_000004,1,1,1,1,1
RU_HIN_009561,SRC_000002,1,1,1,1,1
RU_HIN_009562,SRC_000003,1,1,1,1,1
RU_HIN_009563,SRC_000001,1,1,1,1,1
RU_HIN_009564,SRC_000003,1,1,1,1,1
RU_HIN_009565,SRC_000004,1,1,1,1,1
RU_HIN_009566,SRC_000002,1,1,1,1,1
RU_HIN_009567,SRC_000002,1,1,1,1,1
RU_HIN_009568,SRC_000002,1,1,1,1,1
RU_HIN_009569,SRC_000005,1,1,1,1,1
RU_HIN_009570,SRC_000001,1,1,1,1,1
RU_HIN_009571,SRC_000001,1,1,1,1,1
RU_HIN_009572,SRC_000005,0,0,0,0,0
RU_HIN_009573,SRC_000003,1,1,1,1,1
RU_HIN_009574,SRC_000004,1,1,1,1,1
RU_HIN_009575,SRC_000004,1,1,1,1,1
RU_HIN_009576,SRC_000002,1,1,1,1,1
RU_HIN_009577,SRC_000004,1,1,1,1,1
RU_HIN_009578,SRC_000002,1,1,1,1,1
RU_HIN_009579,SRC_000005,1,1,1,1,1
RU_HIN_009580,SRC_000004,1,1,1,1,1
RU_HIN_009581,SRC_000001,1,1,1,1,1
RU_HIN_009582,SRC_000001,1,1,1,1,1
RU_HIN_009583,SRC_000004,1,1,1,1,1
RU_HIN_009584,SRC_000001,1,1,1,1,1
RU_HIN_009585,SRC_000001,0,0,0,0,0
RU_HIN_009586,SRC_000005,0,0,0,0,0
RU_HIN_009587,SRC_000004,1,1,1,1,1
RU_HIN_009588,SRC_000002,1,1,1,1,1
RU_HIN_009589,SRC_000005,1,1,1,1,1
RU_HIN_009590,SRC_000005,1,1,1,1,1
RU_HIN_009591,SRC_000005,0,0,0,0,0
RU_HIN_009592,SRC_000004,1,1,1,1,1
RU_HIN_009593,SRC_000001,1,1,1,1,1
RU_HIN_009594,SRC_000005,0,0,0,0,0
RU_HIN_009595,SRC_000005,1,1,1,1,1
RU_HIN_009596,SRC_000005,1,1,1,1,1
RU_HIN_009597,SRC_000005,0,0,0,0,0
RU_HIN_009598,SRC_000004,1,1,1,1,1
RU_HIN_009599,SRC_000005,1,1,1,1,1
RU_HIN_009600,SRC_000003,1,1,1,1,1
RU_HIN_009601,SRC_000002,1,1,1,1,1
RU_HIN_009602,SRC_000001,1,1,1,1,1
RU_HIN_009603,SRC_000002,1,1,1,1,1
RU_HIN_009604,SRC_000005,1,1,1,1,1
RU_HIN_009605,SRC_000003,1,1,1,1,1
RU_HIN_009606,SRC_000004,1,1,1,1,1
RU_HIN_009607,SRC_000001,1,1,1,1,1
RU_HIN_009608,SRC_000003,1,1,1,1,1
RU_HIN_009609,SRC_000002,0,0,0,0,0
RU_HIN_009610,SRC_000005,1,1,1,1,1
RU_HIN_009611,SRC_000005,1,1,1,1,1
RU_HIN_009612,SRC_000005,0,0,0,0,0
RU_HIN_009613,SRC_000005,1,1,1,1,1
RU_HIN_009614,SRC_000001,1,1,1,1,1
RU_HIN_009615,SRC_000004,1,1,1,1,1
RU_HIN_009616,SRC_000003,1,1,1,1,1
RU_HIN_009617,SRC_000003,0,0,0,0,0
RU_HIN_009618,SRC_000003,1,1,1,1,1
RU_HIN_009619,SRC_000004,1,1,1,1,1
RU_HIN_009620,SRC_000002,1,1,1,1,1
RU_HIN_009621,SRC_000004,1,1,1,1,1
RU_HIN_009622,SRC_000001,1,1,1,1,1
RU_HIN_009623,SRC_000001,1,1,1,1,1
RU_HIN_009624,SRC_000005,1,1,1,1,1
RU_HIN_009625,SRC_000005,0,0,0,0,0
RU_HIN_009626,SRC_000005,1,1,1,1,1
RU_HIN_009627,SRC_000003,1,1,1,1,1
RU_HIN_009628,SRC_000005,0,0,0,0,0
RU_HIN_009629,SRC_000002,1,1,1,1,1
RU_HIN_009630,SRC_000005,1,1,1,1,1
RU_HIN_009631,SRC_000004,0,0,0,0,0
RU_HIN_009632,SRC_000002,1,1,1,1,1
RU_HIN_009633,SRC_000001,1,1,1,1,1
RU_HIN_009634,SRC_000002,1,1,1,1,1
RU_HIN_009635,SRC_000001,0,0,0,0,0
RU_HIN_009636,SRC_000003,0,0,0,0,0
RU_HIN_009637,SRC_000001,1,1,1,1,1
RU_HIN_009638,SRC_000004,0,0,0,0,0
RU_HIN_009639,SRC_000003,1,1,1,1,1
RU_HIN_009640,SRC_000001,1,1,1,1,1
RU_HIN_009641,SRC_000002,1,1,1,1,1
RU_HIN_009642,SRC_000002,0,0,0,0,0
RU_HIN_009643,SRC_000002,1,1,1,1,1
RU_HIN_009644,SRC_000001,0,0,0,0,0
RU_HIN_009645,SRC_000002,1,1,1,1,1
RU_HIN_009646,SRC_000004,0,0,0,0,0
RU_HIN_009647,SRC_000001,1,1,1,1,1
RU_HIN_009648,SRC_000001,1,1,1,1,1
RU_HIN_009649,SRC_000002,1,1,1,1,1
RU_HIN_009650,SRC_000003,1,1,1,1,1
RU_HIN_009651,SRC_000003,1,1,1,1,1
RU_HIN_009652,SRC_000003,0,0,0,0,0
RU_HIN_009653,SRC_000003,1,1,1,1,1
RU_HIN_009654,SRC_000001,1,0,1,1,1
RU_HIN_009655,SRC_000002,1,1,1,1,1
RU_HIN_009656,SRC_000005,1,1,1,1,1
RU_HIN_009657,SRC_000005,0,0,0,0,0
RU_HIN_009658,SRC_000005,1,1,1,1,1
RU_HIN_009659,SRC_000003,1,1,1,1,1
RU_HIN_009660,SRC_000001,1,1,1,1,1
RU_HIN_009661,SRC_000001,1,1,1,1,1
RU_HIN_009662,SRC_000004,1,1,1,1,1
RU_HIN_009663,SRC_000002,0,0,0,0,0
RU_HIN_009664,SRC_000005,1,1,1,1,1
RU_HIN_009665,SRC_000004,1,1,1,1,1
RU_HIN_009666,SRC_000003,0,0,0,0,0
RU_HIN_009667,SRC_000004,1,1,1,1,1
RU_HIN_009668,SRC_000005,1,1,1,1,1
RU_HIN_009669,SRC_000005,1,1,1,1,1
RU_HIN_009670,SRC_000001,1,1,1,1,1
RU_HIN_009671,SRC_000002,1,1,1,1,1
RU_HIN_009672,SRC_000004,1,1,1,1,1
RU_HIN_009673,SRC_000005,1,1,1,1,1
RU_HIN_009674,SRC_000004,1,1,1,1,1
RU_HIN_009675,SRC_000003,1,1,1,1,1
RU_HIN_009676,SRC_000003,1,1,1,1,1
RU_HIN_009677,SRC_000005,1,1,1,1,1
RU_HIN_009678,SRC_000004,1,0,1,1,1
RU_HIN_009679,SRC_000002,1,1,1,1,1
RU_HIN_009680,SRC_000001,0,0,0,0,0
RU_HIN_009681,SRC_000001,0,0,0,0,0
RU_HIN_009682,SRC_000001,1,1,1,1,1
RU_HIN_009683,SRC_000003,1,1,1,1,1
RU_HIN_009684,SRC_000003,1,1,1,1,1
RU_HIN_009685,SRC_000001,1,1,1,1,1
RU_HIN_009686,SRC_000001,1,1,1,1,1
RU_HIN_009687,SRC_000005,1,1,1,1,1
RU_HIN_009688,SRC_000005,1,1,1,1,1
RU_HIN_009689,SRC_000001,1,1,1,1,1
RU_HIN_009690,SRC_000001,1,1,1,1,1
RU_HIN_009691,SRC_000002,1,1,1,1,1
RU_HIN_009692,SRC_000004,0,0,0,0,0
RU_HIN_009693,SRC_000004,1,1,1,1,1
RU_HIN_009694,SRC_000005,1,1,1,1,1
RU_HIN_009695,SRC_000004,1,1,1,1,1
RU_HIN_009696,SRC_000005,1,1,1,1,1
RU_HIN_009697,SRC_000002,1,1,1,1,1
RU_HIN_009698,SRC_000004,0,0,0,0,0
RU_HIN_009699,SRC_000003,1,1,1,1,1
RU_HIN_009700,SRC_000005,1,1,1,1,1
RU_HIN_009701,SRC_000005,1,1,1,1,1
RU_HIN_009702,SRC_000005,1,1,1,1,1
RU_HIN_009703,SRC_000003,1,1,1,1,1
RU_HIN_009704,SRC_000004,1,1,1,1,1
RU_HIN_009705,SRC_000003,1,1,1,1,1
RU_HIN_009706,SRC_000002,1,1,1,1,1
RU_HIN_009707,SRC_000005,1,1,1,1,1
RU_HIN_009708,SRC_000004,0,0,0,0,0
RU_HIN_009709,SRC_000004,1,1,1,1,1
RU_HIN_009710,SRC_000003,1,1,1,1,1
RU_HIN_009711,SRC_000001,1,1,1,1,1
RU_HIN_009712,SRC_000005,1,1,1,1,1
RU_HIN_009713,SRC_000001,1,1,1,1,1
RU_HIN_009714,SRC_000002,0,0,0,0,0
RU_HIN_009715,SRC_000002,1,1,1,1,1
RU_HIN_009716,SRC_000002,0,0,0,0,0
RU_HIN_009717,SRC_000005,1,1,1,1,1
RU_HIN_009718,SRC_000002,0,0,0,0,0
RU_HIN_009719,SRC_000004,1,1,1,1,1
RU_HIN_009720,SRC_000002,1,1,1,1,1
RU_HIN_009721,SRC_000003,1,1,1,1,1
RU_HIN_009722,SRC_000004,1,1,1,1,1
RU_HIN_009723,SRC_000003,1,1,1,1,1
RU_HIN_009724,SRC_000005,1,1,1,1,1
RU_HIN_009725,SRC_000005,1,1,1,1,1
RU_HIN_009726,SRC_000005,1,1,1,1,1
RU_HIN_009727,SRC_000004,1,1,1,1,1
RU_HIN_009728,SRC_000002,1,1,1,1,1
RU_HIN_009729,SRC_000004,1,1,1,1,1
RU_HIN_009730,SRC_000002,1,1,1,1,1
RU_HIN_009731,SRC_000002,1,1,1,1,1
RU_HIN_009732,SRC_000002,1,1,1,1,1
RU_HIN_009733,SRC_000003,1,1,1,1,1
RU_HIN_009734,SRC_000005,0,0,0,0,0
RU_HIN_009735,SRC_000004,1,1,1,1,1
RU_HIN_009736,SRC_000001,1,1,1,1,1
RU_HIN_009737,SRC_000001,1,1,1,1,1
RU_HIN_009738,SRC_000003,1,1,1,1,1
RU_HIN_009739,SRC_000003,0,0,0,0,0
RU_HIN_009740,SRC_000003,1,1,1,1,1
RU_HIN_009741,SRC_000005,1,1,1,1,1
RU_HIN_009742,SRC_000001,1,1,1,1,1
RU_HIN_009743,SRC_000001,1,1,1,1,1
RU_HIN_009744,SRC_000005,0,0,0,0,0
RU_HIN_009745,SRC_000001,1,1,1,1,1
RU_HIN_009746,SRC_000001,1,1,1,1,1
RU_HIN_009747,SRC_000002,1,1,1,1,1
RU_HIN_009748,SRC_000002,1,1,1,1,1
RU_HIN_009749,SRC_000005,1,1,1,1,1
RU_HIN_009750,SRC_000005,1,1,1,1,1
RU_HIN_009751,SRC_000003,1,1,1,1,1
RU_HIN_009752,SRC_000004,1,1,1,1,1
RU_HIN_009753,SRC_000004,1,1,1,1,1
RU_HIN_009754,SRC_000001,1,1,1,1,1
RU_HIN_009755,SRC_000005,1,1,1,1,1
RU_HIN_009756,SRC_000005,1,1,1,1,1
RU_HIN_009757,SRC_000005,1,1,1,1,1
RU_HIN_009758,SRC_000005,0,0,0,0,0
RU_HIN_009759,SRC_000002,0,0,0,0,0
RU_HIN_009760,SRC_000001,1,1,1,1,1
RU_HIN_009761,SRC_000005,1,1,1,1,1
RU_HIN_009762,SRC_000005,0,0,0,0,0
RU_HIN_009763,SRC_000002,1,1,1,1,1
RU_HIN_009764,SRC_000004,1,1,1,1,1
RU_HIN_009765,SRC_000003,1,1,1,1,1
RU_HIN_009766,SRC_000001,1,1,1,1,1
RU_HIN_009767,SRC_000003,0,0,0,0,0
RU_HIN_009768,SRC_000003,1,1,1,1,1
RU_HIN_009769,SRC_000004,0,0,0,0,0
RU_HIN_009770,SRC_000001,1,1,1,1,1
RU_HIN_009771,SRC_000001,1,1,1,1,1
RU_HIN_009772,SRC_000004,0,0,0,0,0
RU_HIN_009773,SRC_000004,1,1,1,1,1
RU_HIN_009774,SRC_000005,1,1,1,1,1
RU_HIN_009775,SRC_000001,0,0,0,0,0
RU_HIN_009776,SRC_000004,1,1,1,1,1
RU_HIN_009777,SRC_000005,1,1,1,1,1
RU_HIN_009778,SRC_000004,0,0,0,0,0
RU_HIN_009779,SRC_000003,1,1,1,1,1
RU_HIN_009780,SRC_000003,1,1,1,1,1
RU_HIN_009781,SRC_000005,1,1,1,1,1
RU_HIN_009782,SRC_000003,1,1,1,1,1
RU_HIN_009783,SRC_000005,1,1,1,1,1
RU_HIN_009784,SRC_000005,0,0,0,0,0
RU_HIN_009785,SRC_000001,1,1,1,1,1
RU_HIN_009786,SRC_000003,1,1,1,1,1
RU_HIN_009787,SRC_000001,1,1,1,1,1
RU_HIN_009788,SRC_000005,1,1,1,1,1
RU_HIN_009789,SRC_000004,1,1,1,1,1
RU_HIN_009790,SRC_000005,1,0,1,1,1
RU_HIN_009791,SRC_000002,1,1,1,1,1
RU_HIN_009792,SRC_000003,1,1,1,1,1
RU_HIN_009793,SRC_000003,1,1,1,1,1
RU_HIN_009794,SRC_000001,1,1,1,1,1
RU_HIN_009795,SRC_000001,0,0,0,0,0
RU_HIN_009796,SRC_000001,1,1,1,1,1
RU_HIN_009797,SRC_000002,1,1,1,1,1
RU_HIN_009798,SRC_000004,1,1,1,1,1
RU_HIN_009799,SRC_000003,1,1,1,1,1
RU_HIN_009800,SRC_000005,1,1,1,1,1
RU_HIN_009801,SRC_000005,1,1,1,1,1
RU_HIN_009802,SRC_000004,1,1,1,1,1
RU_HIN_009803,SRC_000004,1,1,1,1,1
RU_HIN_009804,SRC_000005,1,1,1,1,1
RU_HIN_009805,SRC_000005,1,1,1,1,1
RU_HIN_009806,SRC_000003,1,1,1,1,1
RU_HIN_009807,SRC_000002,1,1,1,1,1
RU_HIN_009808,SRC_000001,1,1,1,1,1
RU_HIN_009809,SRC_000004,1,1,1,1,1
RU_HIN_009810,SRC_000001,1,1,1,1,1
RU_HIN_009811,SRC_000002,0,0,0,0,0
RU_HIN_009812,SRC_000003,1,1,1,1,1
RU_HIN_009813,SRC_000004,1,1,1,1,1
RU_HIN_009814,SRC_000003,1,1,1,1,1
RU_HIN_009815,SRC_000003,1,1,1,1,1
RU_HIN_009816,SRC_000002,1,1,1,1,1
RU_HIN_009817,SRC_000004,0,0,0,0,0
RU_HIN_009818,SRC_000001,1,1,1,1,1
RU_HIN_009819,SRC_000001,1,1,1,1,1
RU_HIN_009820,SRC_000003,1,1,1,1,1
RU_HIN_009821,SRC_000002,0,0,0,0,0
RU_HIN_009822,SRC_000005,1,1,1,1,1
RU_HIN_009823,SRC_000003,1,1,1,1,1
RU_HIN_009824,SRC_000002,0,0,0,0,0
RU_HIN_009825,SRC_000004,1,1,1,1,1
RU_HIN_009826,SRC_000004,1,1,1,1,1
RU_HIN_009827,SRC_000001,1,1,1,1,1
RU_HIN_009828,SRC_000004,0,0,0,0,0
RU_HIN_009829,SRC_000004,1,1,1,1,1
RU_HIN_009830,SRC_000001,1,1,1,1,1
RU_HIN_009831,SRC_000001,0,0,0,0,0
RU_HIN_009832,SRC_000003,1,1,1,1,1
RU_HIN_009833,SRC_000005,1,1,1,1,1
RU_HIN_009834,SRC_000004,1,1,1,1,1
RU_HIN_009835,SRC_000005,1,1,1,1,1
RU_HIN_009836,SRC_000002,1,1,1,1,1
RU_HIN_009837,SRC_000002,0,0,0,0,0
RU_HIN_009838,SRC_000005,0,0,0,0,0
RU_HIN_009839,SRC_000004,0,0,0,0,0
RU_HIN_009840,SRC_000004,1,1,1,1,1
RU_HIN_009841,SRC_000001,1,1,1,1,1
RU_HIN_009842,SRC_000002,1,1,1,1,1
RU_HIN_009843,SRC_000004,1,1,1,1,1
RU_HIN_009844,SRC_000005,1,1,1,1,1
RU_HIN_009845,SRC_000005,1,1,1,1,1
RU_HIN_009846,SRC_000004,1,1,1,1,1
RU_HIN_009847,SRC_000005,1,1,1,1,1
RU_HIN_009848,SRC_000005,1,1,1,1,1
RU_HIN_009849,SRC_000002,1,1,1,1,1
RU_HIN_009850,SRC_000003,1,1,1,1,1
RU_HIN_009851,SRC_000001,1,1,1,1,1
RU_HIN_009852,SRC_000003,1,1,1,1,1
RU_HIN_009853,SRC_000003,1,1,1,1,1
RU_HIN_009854,SRC_000003,1,1,1,1,1
RU_HIN_009855,SRC_000005,1,1,1,1,1
RU_HIN_009856,SRC_000005,0,0,0,0,0
RU_HIN_009857,SRC_000001,0,0,0,0,0
RU_HIN_009858,SRC_000001,1,1,1,1,1
RU_HIN_009859,SRC_000004,1,1,1,1,1
RU_HIN_009860,SRC_000001,1,1,1,1,1
RU_HIN_009861,SRC_000003,0,0,0,0,0
RU_HIN_009862,SRC_000002,0,0,0,0,0
RU_HIN_009863,SRC_000004,1,1,1,1,1
RU_HIN_009864,SRC_000002,0,0,0,0,0
RU_HIN_009865,SRC_000001,1,1,1,1,1
RU_HIN_009866,SRC_000002,0,0,0,0,0
RU_HIN_009867,SRC_000005,1,1,1,1,1
RU_HIN_009868,SRC_000004,1,1,1,1,1
RU_HIN_009869,SRC_000001,1,1,1,1,1
RU_HIN_009870,SRC_000005,1,1,1,1,1
RU_HIN_009871,SRC_000005,1,1,1,1,1
RU_HIN_009872,SRC_000001,1,1,1,1,1
RU_HIN_009873,SRC_000005,1,1,1,1,1
RU_HIN_009874,SRC_000002,1,1,1,1,1
RU_HIN_009875,SRC_000002,1,1,1,1,1
RU_HIN_009876,SRC_000001,1,1,1,1,1
RU_HIN_009877,SRC_000004,1,1,1,1,1
RU_HIN_009878,SRC_000005,1,1,1,1,1
RU_HIN_009879,SRC_000004,1,1,1,1,1
RU_HIN_009880,SRC_000004,1,1,1,1,1
RU_HIN_009881,SRC_000004,1,1,1,1,1
RU_HIN_009882,SRC_000005,1,1,1,1,1
RU_HIN_009883,SRC_000001,1,1,1,1,1
RU_HIN_009884,SRC_000001,1,1,1,1,1
RU_HIN_009885,SRC_000002,1,1,1,1,1
RU_HIN_009886,SRC_000004,1,1,1,1,1
RU_HIN_009887,SRC_000003,1,1,1,1,1
RU_HIN_009888,SRC_000005,1,1,1,1,1
RU_HIN_009889,SRC_000001,1,1,1,1,1
RU_HIN_009890,SRC_000001,0,0,0,0,0
RU_HIN_009891,SRC_000001,1,1,1,1,1
RU_HIN_009892,SRC_000002,1,1,1,1,1
RU_HIN_009893,SRC_000002,1,1,1,1,1
RU_HIN_009894,SRC_000002,1,1,1,1,1
RU_HIN_009895,SRC_000003,1,1,1,1,1
RU_HIN_009896,SRC_000002,0,0,0,0,0
RU_HIN_009897,SRC_000003,1,1,1,1,1
RU_HIN_009898,SRC_000005,1,1,1,1,1
RU_HIN_009899,SRC_000002,1,1,1,1,1
RU_HIN_009900,SRC_000003,1,1,1,1,1
RU_HIN_009901,SRC_000005,1,1,1,1,1
RU_HIN_009902,SRC_000002,1,1,1,1,1
RU_HIN_009903,SRC_000002,1,1,1,1,1
RU_HIN_009904,SRC_000004,1,1,1,1,1
RU_HIN_009905,SRC_000003,1,1,1,1,1
RU_HIN_009906,SRC_000005,1,1,1,1,1
RU_HIN_009907,SRC_000004,1,1,1,1,1
RU_HIN_009908,SRC_000005,1,1,1,1,1
RU_HIN_009909,SRC_000003,1,1,1,1,1
RU_HIN_009910,SRC_000002,1,1,1,1,1
RU_HIN_009911,SRC_000005,1,1,1,1,1
RU_HIN_009912,SRC_000003,1,1,1,1,1
RU_HIN_009913,SRC_000001,0,0,0,0,0
RU_HIN_009914,SRC_000002,1,1,1,1,1
RU_HIN_009915,SRC_000001,1,1,1,1,1
RU_HIN_009916,SRC_000001,1,1,1,1,1
RU_HIN_009917,SRC_000001,1,0,1,1,1
RU_HIN_009918,SRC_000005,1,1,1,1,1
RU_HIN_009919,SRC_000003,1,1,1,1,1
RU_HIN_009920,SRC_000002,1,1,1,1,1
RU_HIN_009921,SRC_000005,1,1,1,1,1
RU_HIN_009922,SRC_000005,1,1,1,1,1
RU_HIN_009923,SRC_000002,1,1,1,1,1
RU_HIN_009924,SRC_000001,1,1,1,1,1
RU_HIN_009925,SRC_000003,1,1,1,1,1
RU_HIN_009926,SRC_000003,0,0,0,0,0
RU_HIN_009927,SRC_000001,0,0,0,0,0
RU_HIN_009928,SRC_000003,1,1,1,1,1
RU_HIN_009929,SRC_000005,1,1,1,1,1
RU_HIN_009930,SRC_000002,1,1,1,1,1
RU_HIN_009931,SRC_000005,1,1,1,1,1
RU_HIN_009932,SRC_000004,1,1,1,1,1
RU_HIN_009933,SRC_000005,1,1,1,1,1
RU_HIN_009934,SRC_000005,1,1,1,1,1
RU_HIN_009935,SRC_000003,1,1,1,1,1
RU_HIN_009936,SRC_000004,1,1,1,1,1
RU_HIN_009937,SRC_000002,1,1,1,1,1
RU_HIN_009938,SRC_000004,0,0,0,0,0
RU_HIN_009939,SRC_000002,1,1,1,1,1
RU_HIN_009940,SRC_000002,1,1,1,1,1
RU_HIN_009941,SRC_000001,1,1,1,1,1
RU_HIN_009942,SRC_000001,1,1,1,1,1
RU_HIN_009943,SRC_000003,1,1,1,1,1
RU_HIN_009944,SRC_000002,1,1,1,1,1
RU_HIN_009945,SRC_000003,1,1,1,1,1
RU_HIN_009946,SRC_000002,1,1,1,1,1
RU_HIN_009947,SRC_000001,0,0,0,0,0
RU_HIN_009948,SRC_000002,1,1,1,1,1
RU_HIN_009949,SRC_000001,0,0,0,0,0
RU_HIN_009950,SRC_000003,1,1,1,1,1
RU_HIN_009951,SRC_000004,1,1,1,1,1
RU_HIN_009952,SRC_000002,0,0,0,0,0
RU_HIN_009953,SRC_000003,0,0,0,0,0
RU_HIN_009954,SRC_000003,0,0,0,0,0
RU_HIN_009955,SRC_000005,1,1,1,1,1
RU_HIN_009956,SRC_000005,0,0,0,0,0
RU_HIN_009957,SRC_000001,1,1,1,1,1
RU_HIN_009958,SRC_000001,1,1,1,1,1
RU_HIN_009959,SRC_000003,1,1,1,1,1
RU_HIN_009960,SRC_000004,0,0,0,0,0
RU_HIN_009961,SRC_000005,0,0,0,0,0
RU_HIN_009962,SRC_000001,1,1,1,1,1
RU_HIN_009963,SRC_000001,1,1,1,1,1
RU_HIN_009964,SRC_000002,1,1,1,1,1
RU_HIN_009965,SRC_000002,0,0,0,0,0
RU_HIN_009966,SRC_000001,1,1,1,1,1
RU_HIN_009967,SRC_000004,1,1,1,1,1
RU_HIN_009968,SRC_000001,1,1,1,1,1
RU_HIN_009969,SRC_000001,1,1,1,1,1
RU_HIN_009970,SRC_000003,1,1,1,1,1
RU_HIN_009971,SRC_000004,0,0,0,0,0
RU_HIN_009972,SRC_000002,1,1,1,1,1
RU_HIN_009973,SRC_000002,1,1,1,1,1
RU_HIN_009974,SRC_000003,0,0,0,0,0
RU_HIN_009975,SRC_000004,1,1,1,1,1
RU_HIN_009976,SRC_000002,1,1,1,1,1
RU_HIN_009977,SRC_000002,1,1,1,1,1
RU_HIN_009978,SRC_000002,0,0,0,0,0
RU_HIN_009979,SRC_000005,1,1,1,1,1
RU_HIN_009980,SRC_000004,0,0,0,0,0
RU_HIN_009981,SRC_000003,1,1,1,1,1
RU_HIN_009982,SRC_000001,1,1,1,1,1
RU_HIN_009983,SRC_000005,1,1,1,1,1
RU_HIN_009984,SRC_000001,0,0,0,0,0
RU_HIN_009985,SRC_000005,1,1,1,1,1
RU_HIN_009986,SRC_000003,0,0,0,0,0
RU_HIN_009987,SRC_000004,1,1,1,1,1
RU_HIN_009988,SRC_000002,1,1,1,1,1
RU_HIN_009989,SRC_000005,1,1,1,1,1
RU_HIN_009990,SRC_000003,1,1,1,1,1
RU_HIN_009991,SRC_000005,1,1,1,1,1
RU_HIN_009992,SRC_000003,1,1,1,1,1
RU_HIN_009993,SRC_000004,1,1,1,1,1
RU_HIN_009994,SRC_000003,1,1,1,1,1
RU_HIN_009995,SRC_000004,1,1,1,1,1
RU_HIN_009996,SRC_000001,1,1,1,1,1
RU_HIN_009997,SRC_000002,1,1,1,1,1
RU_HIN_009998,SRC_000001,0,0,0,0,0
RU_HIN_009999,SRC_000003,1,1,1,1,1
RU_HIN_010000,SRC_000003,1,1,1,1,1
RU_HIN_010001,SRC_000001,1,1,1,1,1
RU_HIN_010002,SRC_000005,1,1,1,1,1
RU_HIN_010003,SRC_000001,1,1,1,1,1
RU_HIN_010004,SRC_000003,0,0,0,0,0
RU_HIN_010005,SRC_000005,1,1,1,1,1
RU_HIN_010006,SRC_000003,1,1,1,1,1
RU_HIN_010007,SRC_000004,1,1,1,1,1
RU_HIN_010008,SRC_000005,1,1,1,1,1
RU_HIN_010009,SRC_000005,1,1,1,1,1
RU_HIN_010010,SRC_000003,1,1,1,1,1
RU_HIN_010011,SRC_000002,1,1,1,1,1
RU_HIN_010012,SRC_000003,1,1,1,1,1
RU_HIN_010013,SRC_000002,1,1,1,1,1
RU_HIN_010014,SRC_000001,0,0,0,0,0
RU_HIN_010015,SRC_000002,1,1,1,1,1
RU_HIN_010016,SRC_000001,1,1,1,1,1
RU_HIN_010017,SRC_000002,1,1,1,1,1
RU_HIN_010018,SRC_000002,1,1,1,1,1
RU_HIN_010019,SRC_000004,1,1,1,1,1
RU_HIN_010020,SRC_000003,0,0,0,0,0
RU_HIN_010021,SRC_000004,1,1,1,1,1
RU_HIN_010022,SRC_000005,1,1,1,1,1
RU_HIN_010023,SRC_000005,1,1,1,1,1
RU_HIN_010024,SRC_000002,1,1,1,1,1
RU_HIN_010025,SRC_000001,1,1,1,1,1
RU_HIN_010026,SRC_000005,1,1,1,1,1
RU_HIN_010027,SRC_000002,0,0,0,0,0
RU_HIN_010028,SRC_000002,1,1,1,1,1
RU_HIN_010029,SRC_000004,1,1,1,1,1
RU_HIN_010030,SRC_000004,1,1,1,1,1
RU_HIN_010031,SRC_000002,1,1,1,1,1
RU_HIN_010032,SRC_000004,0,0,0,0,0
RU_HIN_010033,SRC_000003,0,0,0,0,0
RU_HIN_010034,SRC_000002,0,0,0,0,0
RU_HIN_010035,SRC_000004,1,1,1,1,1
RU_HIN_010036,SRC_000004,1,1,1,1,1
RU_HIN_010037,SRC_000001,1,1,1,1,1
RU_HIN_010038,SRC_000003,1,1,1,1,1
RU_HIN_010039,SRC_000005,0,0,0,0,0
RU_HIN_010040,SRC_000003,1,1,1,1,1
RU_HIN_010041,SRC_000002,0,0,0,0,0
RU_HIN_010042,SRC_000005,1,1,1,1,1
RU_HIN_010043,SRC_000002,1,1,1,1,1
RU_HIN_010044,SRC_000004,1,1,1,1,1
RU_HIN_010045,SRC_000002,1,1,1,1,1
RU_HIN_010046,SRC_000003,1,1,1,1,1
RU_HIN_010047,SRC_000005,1,1,1,1,1
RU_HIN_010048,SRC_000002,1,1,1,1,1
RU_HIN_010049,SRC_000001,1,1,1,1,1
RU_HIN_010050,SRC_000004,1,1,1,1,1
RU_HIN_010051,SRC_000003,1,1,1,1,1
RU_HIN_010052,SRC_000005,1,1,1,1,1
RU_HIN_010053,SRC_000003,1,1,1,1,1
RU_HIN_010054,SRC_000005,1,1,1,1,1
RU_HIN_010055,SRC_000003,1,1,1,1,1
RU_HIN_010056,SRC_000004,1,1,1,1,1
RU_HIN_010057,SRC_000005,1,1,1,1,1
RU_HIN_010058,SRC_000001,1,1,1,1,1
RU_HIN_010059,SRC_000004,0,0,0,0,0
RU_HIN_010060,SRC_000003,1,1,1,1,1
RU_HIN_010061,SRC_000002,1,1,1,1,1
RU_HIN_010062,SRC_000005,0,0,0,0,0
RU_HIN_010063,SRC_000003,0,0,0,0,0
RU_HIN_010064,SRC_000005,0,0,0,0,0
RU_HIN_010065,SRC_000005,1,1,1,1,1
RU_HIN_010066,SRC_000005,1,1,1,1,1
RU_HIN_010067,SRC_000002,1,1,1,1,1
RU_HIN_010068,SRC_000004,1,1,1,1,1
RU_HIN_010069,SRC_000001,0,0,0,0,0
RU_HIN_010070,SRC_000004,1,1,1,1,1
RU_HIN_010071,SRC_000005,1,1,1,1,1
RU_HIN_010072,SRC_000001,1,1,1,1,1
RU_HIN_010073,SRC_000003,1,1,1,1,1
RU_HIN_010074,SRC_000004,1,1,1,1,1
RU_HIN_010075,SRC_000001,1,1,1,1,1
RU_HIN_010076,SRC_000004,1,1,1,1,1
RU_HIN_010077,SRC_000002,1,1,1,1,1
RU_HIN_010078,SRC_000002,1,1,1,1,1
RU_HIN_010079,SRC_000005,1,1,1,1,1
RU_HIN_010080,SRC_000001,1,1,1,1,1
RU_HIN_010081,SRC_000004,1,1,1,1,1
RU_HIN_010082,SRC_000004,1,1,1,1,1
RU_HIN_010083,SRC_000002,1,1,1,1,1
RU_HIN_010084,SRC_000005,1,1,1,1,1
RU_HIN_010085,SRC_000005,1,1,1,1,1
RU_HIN_010086,SRC_000005,0,0,0,0,0
RU_HIN_010087,SRC_000005,0,0,0,0,0
RU_HIN_010088,SRC_000005,1,1,1,1,1
RU_HIN_010089,SRC_000002,1,1,1,1,1
RU_HIN_010090,SRC_000005,1,1,1,1,1
RU_HIN_010091,SRC_000004,0,0,0,0,0
RU_HIN_010092,SRC_000005,0,0,0,0,0
RU_HIN_010093,SRC_000002,1,1,1,1,1
RU_HIN_010094,SRC_000002,1,1,1,1,1
RU_HIN_010095,SRC_000003,1,1,1,1,1
RU_HIN_010096,SRC_000005,1,1,1,1,1
RU_HIN_010097,SRC_000002,1,1,1,1,1
RU_HIN_010098,SRC_000002,1,1,1,1,1
RU_HIN_010099,SRC_000003,0,0,0,0,0
RU_HIN_010100,SRC_000001,1,1,1,1,1
RU_HIN_010101,SRC_000003,1,1,1,1,1
RU_HIN_010102,SRC_000004,1,1,1,1,1
RU_HIN_010103,SRC_000003,1,1,1,1,1
RU_HIN_010104,SRC_000002,0,0,0,0,0
RU_HIN_010105,SRC_000002,1,1,1,1,1
RU_HIN_010106,SRC_000003,0,0,0,0,0
RU_HIN_010107,SRC_000001,1,1,1,1,1
RU_HIN_010108,SRC_000003,1,1,1,1,1
RU_HIN_010109,SRC_000005,1,1,1,1,1
RU_HIN_010110,SRC_000005,1,1,1,1,1
RU_HIN_010111,SRC_000004,1,1,1,1,1
RU_HIN_010112,SRC_000004,1,1,1,1,1
RU_HIN_010113,SRC_000005,1,1,1,1,1
RU_HIN_010114,SRC_000004,1,1,1,1,1
RU_HIN_010115,SRC_000001,1,1,1,1,1
RU_HIN_010116,SRC_000001,1,1,1,1,1
RU_HIN_010117,SRC_000001,1,1,1,1,1
RU_HIN_010118,SRC_000004,1,1,1,1,1
RU_HIN_010119,SRC_000002,1,1,1,1,1
RU_HIN_010120,SRC_000004,1,1,1,1,1
RU_HIN_010121,SRC_000003,1,1,1,1,1
RU_HIN_010122,SRC_000004,0,0,0,0,0
RU_HIN_010123,SRC_000001,1,1,1,1,1
RU_HIN_010124,SRC_000004,1,1,1,1,1
RU_HIN_010125,SRC_000001,1,1,1,1,1
RU_HIN_010126,SRC_000005,1,1,1,1,1
RU_HIN_010127,SRC_000004,0,0,0,0,0
RU_HIN_010128,SRC_000001,1,1,1,1,1
RU_HIN_010129,SRC_000002,1,1,1,1,1
RU_HIN_010130,SRC_000004,0,0,0,0,0
RU_HIN_010131,SRC_000002,0,0,0,0,0
RU_HIN_010132,SRC_000004,1,1,1,1,1
RU_HIN_010133,SRC_000004,1,1,1,1,1
RU_HIN_010134,SRC_000004,0,0,0,0,0
RU_HIN_010135,SRC_000004,0,0,0,0,0
RU_HIN_010136,SRC_000002,0,0,0,0,0
RU_HIN_010137,SRC_000002,1,1,1,1,1
RU_HIN_010138,SRC_000001,1,1,1,1,1
RU_HIN_010139,SRC_000003,1,1,1,1,1
RU_HIN_010140,SRC_000002,1,1,1,1,1
RU_HIN_010141,SRC_000005,1,1,1,1,1
RU_HIN_010142,SRC_000001,1,1,1,1,1
RU_HIN_010143,SRC_000005,1,1,1,1,1
RU_HIN_010144,SRC_000005,1,1,1,1,1
RU_HIN_010145,SRC_000002,1,1,1,1,1
RU_HIN_010146,SRC_000002,1,1,1,1,1
RU_HIN_010147,SRC_000001,1,1,1,1,1
RU_HIN_010148,SRC_000004,1,1,1,1,1
RU_HIN_010149,SRC_000001,1,1,1,1,1
RU_HIN_010150,SRC_000001,1,1,1,1,1
RU_HIN_010151,SRC_000003,0,0,0,0,0
RU_HIN_010152,SRC_000005,1,1,1,1,1
RU_HIN_010153,SRC_000004,1,1,1,1,1
RU_HIN_010154,SRC_000004,0,0,0,0,0
RU_HIN_010155,SRC_000002,1,1,1,1,1
RU_HIN_010156,SRC_000005,0,0,0,0,0
RU_HIN_010157,SRC_000005,1,1,1,1,1
RU_HIN_010158,SRC_000004,1,1,1,1,1
RU_HIN_010159,SRC_000003,1,1,1,1,1
RU_HIN_010160,SRC_000001,1,1,1,1,1
RU_HIN_010161,SRC_000004,1,1,1,1,1
RU_HIN_010162,SRC_000002,1,1,1,1,1
RU_HIN_010163,SRC_000003,1,1,1,1,1
RU_HIN_010164,SRC_000001,0,0,0,0,0
RU_HIN_010165,SRC_000003,1,1,1,1,1
RU_HIN_010166,SRC_000002,1,1,1,1,1
RU_HIN_010167,SRC_000005,1,1,1,1,1
RU_HIN_010168,SRC_000002,1,0,1,1,1
RU_HIN_010169,SRC_000003,1,1,1,1,1
RU_HIN_010170,SRC_000005,0,0,0,0,0
RU_HIN_010171,SRC_000005,0,0,0,0,0
RU_HIN_010172,SRC_000005,1,1,1,1,1
RU_HIN_010173,SRC_000003,1,1,1,1,1
RU_HIN_010174,SRC_000004,1,1,1,1,1
RU_HIN_010175,SRC_000003,1,1,1,1,1
RU_HIN_010176,SRC_000001,1,1,1,1,1
RU_HIN_010177,SRC_000004,1,1,1,1,1
RU_HIN_010178,SRC_000004,1,1,1,1,1
RU_HIN_010179,SRC_000001,0,0,0,0,0
RU_HIN_010180,SRC_000004,1,1,1,1,1
RU_HIN_010181,SRC_000002,1,1,1,1,1
RU_HIN_010182,SRC_000003,1,1,1,1,1
RU_HIN_010183,SRC_000002,1,1,1,1,1
RU_HIN_010184,SRC_000001,1,1,1,1,1
RU_HIN_010185,SRC_000001,1,1,1,1,1
RU_HIN_010186,SRC_000005,1,1,1,1,1
RU_HIN_010187,SRC_000005,0,0,0,0,0
RU_HIN_010188,SRC_000003,1,1,1,1,1
RU_HIN_010189,SRC_000005,0,0,0,0,0
RU_HIN_010190,SRC_000003,1,1,1,1,1
RU_HIN_010191,SRC_000004,0,0,0,0,0
RU_HIN_010192,SRC_000004,1,1,1,1,1
RU_HIN_010193,SRC_000005,1,1,1,1,1
RU_HIN_010194,SRC_000002,1,1,1,1,1
RU_HIN_010195,SRC_000001,1,1,1,1,1
RU_HIN_010196,SRC_000005,1,1,1,1,1
RU_HIN_010197,SRC_000004,0,0,0,0,0
RU_HIN_010198,SRC_000005,1,1,1,1,1
RU_HIN_010199,SRC_000004,1,1,1,1,1
RU_HIN_010200,SRC_000005,1,1,1,1,1
RU_HIN_010201,SRC_000005,1,1,1,1,1
RU_HIN_010202,SRC_000003,0,0,0,0,0
RU_HIN_010203,SRC_000004,1,1,1,1,1
RU_HIN_010204,SRC_000004,0,0,0,0,0
RU_HIN_010205,SRC_000003,1,1,1,1,1
RU_HIN_010206,SRC_000005,0,0,0,0,0
RU_HIN_010207,SRC_000004,0,0,0,0,0
RU_HIN_010208,SRC_000003,0,0,0,0,0
RU_HIN_010209,SRC_000001,1,1,1,1,1
RU_HIN_010210,SRC_000005,1,1,1,1,1
RU_HIN_010211,SRC_000003,1,1,1,1,1
RU_HIN_010212,SRC_000005,1,1,1,1,1
RU_HIN_010213,SRC_000003,1,1,1,1,1
RU_HIN_010214,SRC_000005,1,1,1,1,1
RU_HIN_010215,SRC_000001,1,1,1,1,1
RU_HIN_010216,SRC_000004,1,1,1,1,1
RU_HIN_010217,SRC_000005,1,1,1,1,1
RU_HIN_010218,SRC_000001,0,0,0,0,0
RU_HIN_010219,SRC_000004,1,1,1,1,1
RU_HIN_010220,SRC_000001,1,1,1,1,1
RU_HIN_010221,SRC_000002,1,1,1,1,1
RU_HIN_010222,SRC_000001,1,1,1,1,1
RU_HIN_010223,SRC_000001,1,1,1,1,1
RU_HIN_010224,SRC_000002,1,1,1,1,1
RU_HIN_010225,SRC_000001,0,0,0,0,0
RU_HIN_010226,SRC_000003,0,0,0,0,0
RU_HIN_010227,SRC_000004,1,1,1,1,1
RU_HIN_010228,SRC_000005,1,1,1,1,1
RU_HIN_010229,SRC_000005,1,1,1,1,1
RU_HIN_010230,SRC_000002,1,1,1,1,1
RU_HIN_010231,SRC_000003,1,1,1,1,1
RU_HIN_010232,SRC_000001,1,1,1,1,1
RU_HIN_010233,SRC_000004,1,1,1,1,1
RU_HIN_010234,SRC_000003,1,1,1,1,1
RU_HIN_010235,SRC_000004,0,0,0,0,0
RU_HIN_010236,SRC_000005,1,1,1,1,1
RU_HIN_010237,SRC_000001,1,1,1,1,1
RU_HIN_010238,SRC_000003,1,1,1,1,1
RU_HIN_010239,SRC_000005,1,1,1,1,1
RU_HIN_010240,SRC_000005,0,0,0,0,0
RU_HIN_010241,SRC_000004,1,1,1,1,1
RU_HIN_010242,SRC_000005,0,0,0,0,0
RU_HIN_010243,SRC_000005,1,1,1,1,1
RU_HIN_010244,SRC_000005,1,1,1,1,1
RU_HIN_010245,SRC_000002,0,0,0,0,0
RU_HIN_010246,SRC_000001,1,1,1,1,1
RU_HIN_010247,SRC_000003,1,1,1,1,1
RU_HIN_010248,SRC_000004,1,1,1,1,1
RU_HIN_010249,SRC_000004,1,1,1,1,1
RU_HIN_010250,SRC_000002,0,0,0,0,0
RU_HIN_010251,SRC_000003,1,1,1,1,1
RU_HIN_010252,SRC_000005,1,1,1,1,1
RU_HIN_010253,SRC_000002,1,1,1,1,1
RU_HIN_010254,SRC_000005,1,1,1,1,1
RU_HIN_010255,SRC_000002,1,1,1,1,1
RU_HIN_010256,SRC_000001,0,0,0,0,0
RU_HIN_010257,SRC_000005,1,1,1,1,1
RU_HIN_010258,SRC_000001,0,0,0,0,0
RU_HIN_010259,SRC_000001,1,1,1,1,1
RU_HIN_010260,SRC_000004,1,1,1,1,1
RU_HIN_010261,SRC_000002,1,1,1,1,1
RU_HIN_010262,SRC_000004,1,1,1,1,1
RU_HIN_010263,SRC_000004,1,1,1,1,1
RU_HIN_010264,SRC_000002,1,1,1,1,1
RU_HIN_010265,SRC_000002,1,1,1,1,1
RU_HIN_010266,SRC_000004,0,0,0,0,0
RU_HIN_010267,SRC_000005,1,1,1,1,1
RU_HIN_010268,SRC_000001,1,1,1,1,1
RU_HIN_010269,SRC_000005,1,1,1,1,1
RU_HIN_010270,SRC_000004,1,1,1,1,1
RU_HIN_010271,SRC_000002,1,1,1,1,1
RU_HIN_010272,SRC_000005,1,1,1,1,1
RU_HIN_010273,SRC_000002,0,0,0,0,0
RU_HIN_010274,SRC_000001,1,1,1,1,1
RU_HIN_010275,SRC_000002,1,1,1,1,1
RU_HIN_010276,SRC_000001,1,1,1,1,1
RU_HIN_010277,SRC_000003,1,1,1,1,1
RU_HIN_010278,SRC_000001,1,1,1,1,1
RU_HIN_010279,SRC_000005,1,1,1,1,1
RU_HIN_010280,SRC_000002,1,1,1,1,1
RU_HIN_010281,SRC_000002,1,1,1,1,1
RU_HIN_010282,SRC_000001,1,1,1,1,1
RU_HIN_010283,SRC_000002,0,0,0,0,0
RU_HIN_010284,SRC_000004,0,0,0,0,0
RU_HIN_010285,SRC_000004,1,1,1,1,1
RU_HIN_010286,SRC_000004,1,1,1,1,1
RU_HIN_010287,SRC_000005,1,1,1,1,1
RU_HIN_010288,SRC_000002,0,0,0,0,0
RU_HIN_010289,SRC_000002,1,1,1,1,1
RU_HIN_010290,SRC_000001,1,1,1,1,1
RU_HIN_010291,SRC_000004,1,1,1,1,1
RU_HIN_010292,SRC_000004,1,1,1,1,1
RU_HIN_010293,SRC_000004,1,1,1,1,1
RU_HIN_010294,SRC_000004,1,1,1,1,1
RU_HIN_010295,SRC_000004,1,1,1,1,1
RU_HIN_010296,SRC_000002,1,1,1,1,1
RU_HIN_010297,SRC_000005,1,1,1,1,1
RU_HIN_010298,SRC_000003,1,1,1,1,1
RU_HIN_010299,SRC_000005,1,1,1,1,1
RU_HIN_010300,SRC_000005,1,1,1,1,1
RU_HIN_010301,SRC_000002,1,1,1,1,1
RU_HIN_010302,SRC_000005,1,1,1,1,1
RU_HIN_010303,SRC_000004,1,1,1,1,1
RU_HIN_010304,SRC_000005,1,1,1,1,1
RU_HIN_010305,SRC_000003,1,1,1,1,1
RU_HIN_010306,SRC_000003,0,0,0,0,0
RU_HIN_010307,SRC_000005,0,0,0,0,0
RU_HIN_010308,SRC_000005,1,1,1,1,1
RU_HIN_010309,SRC_000004,1,1,1,1,1
RU_HIN_010310,SRC_000003,1,1,1,1,1
RU_HIN_010311,SRC_000003,1,1,1,1,1
RU_HIN_010312,SRC_000003,1,1,1,1,1
RU_HIN_010313,SRC_000004,1,1,1,1,1
RU_HIN_010314,SRC_000003,1,1,1,1,1
RU_HIN_010315,SRC_000002,1,1,1,1,1
RU_HIN_010316,SRC_000002,1,1,1,1,1
RU_HIN_010317,SRC_000002,0,0,0,0,0
RU_HIN_010318,SRC_000003,1,1,1,1,1
RU_HIN_010319,SRC_000001,1,1,1,1,1
RU_HIN_010320,SRC_000003,1,1,1,1,1
RU_HIN_010321,SRC_000004,0,0,0,0,0
RU_HIN_010322,SRC_000001,0,0,0,0,0
RU_HIN_010323,SRC_000001,1,1,1,1,1
RU_HIN_010324,SRC_000005,1,1,1,1,1
RU_HIN_010325,SRC_000005,0,0,0,0,0
RU_HIN_010326,SRC_000003,1,1,1,1,1
RU_HIN_010327,SRC_000002,1,1,1,1,1
RU_HIN_010328,SRC_000004,1,1,1,1,1
RU_HIN_010329,SRC_000005,1,1,1,1,1
RU_HIN_010330,SRC_000001,1,1,1,1,1
RU_HIN_010331,SRC_000005,1,1,1,1,1
RU_HIN_010332,SRC_000001,1,1,1,1,1
RU_HIN_010333,SRC_000005,1,1,1,1,1
RU_HIN_010334,SRC_000001,1,1,1,1,1
RU_HIN_010335,SRC_000005,1,1,1,1,1
RU_HIN_010336,SRC_000002,1,1,1,1,1
RU_HIN_010337,SRC_000004,1,1,1,1,1
RU_HIN_010338,SRC_000005,0,0,0,0,0
RU_HIN_010339,SRC_000004,1,1,1,1,1
RU_HIN_010340,SRC_000001,1,1,1,1,1
RU_HIN_010341,SRC_000005,1,1,1,1,1
RU_HIN_010342,SRC_000001,1,1,1,1,1
RU_HIN_010343,SRC_000005,1,1,1,1,1
RU_HIN_010344,SRC_000004,1,1,1,1,1
RU_HIN_010345,SRC_000002,1,1,1,1,1
RU_HIN_010346,SRC_000001,1,1,1,1,1
RU_HIN_010347,SRC_000002,1,1,1,1,1
RU_HIN_010348,SRC_000002,1,1,1,1,1
RU_HIN_010349,SRC_000001,1,0,1,1,1
RU_HIN_010350,SRC_000004,0,0,0,0,0
RU_HIN_010351,SRC_000004,1,1,1,1,1
RU_HIN_010352,SRC_000003,1,1,1,1,1
RU_HIN_010353,SRC_000003,0,0,0,0,0
RU_HIN_010354,SRC_000003,1,1,1,1,1
RU_HIN_010355,SRC_000005,0,0,0,0,0
RU_HIN_010356,SRC_000004,1,1,1,1,1
RU_HIN_010357,SRC_000005,1,1,1,1,1
RU_HIN_010358,SRC_000002,1,1,1,1,1
RU_HIN_010359,SRC_000002,1,1,1,1,1
RU_HIN_010360,SRC_000002,1,1,1,1,1
RU_HIN_010361,SRC_000001,1,1,1,1,1
RU_HIN_010362,SRC_000005,1,1,1,1,1
RU_HIN_010363,SRC_000005,1,1,1,1,1
RU_HIN_010364,SRC_000003,1,1,1,1,1
RU_HIN_010365,SRC_000001,1,1,1,1,1
RU_HIN_010366,SRC_000003,0,0,0,0,0
RU_HIN_010367,SRC_000005,1,1,1,1,1
RU_HIN_010368,SRC_000002,1,1,1,1,1
RU_HIN_010369,SRC_000004,1,1,1,1,1
RU_HIN_010370,SRC_000005,1,1,1,1,1
RU_HIN_010371,SRC_000005,1,0,1,1,1
RU_HIN_010372,SRC_000002,0,0,0,0,0
RU_HIN_010373,SRC_000001,1,1,1,1,1
RU_HIN_010374,SRC_000005,1,1,1,1,1
RU_HIN_010375,SRC_000004,1,1,1,1,1
RU_HIN_010376,SRC_000003,0,0,0,0,0
RU_HIN_010377,SRC_000005,1,1,1,1,1
RU_HIN_010378,SRC_000005,1,1,1,1,1
RU_HIN_010379,SRC_000005,1,1,1,1,1
RU_HIN_010380,SRC_000002,1,1,1,1,1
RU_HIN_010381,SRC_000003,1,1,1,1,1
RU_HIN_010382,SRC_000003,1,1,1,1,1
RU_HIN_010383,SRC_000004,1,1,1,1,1
RU_HIN_010384,SRC_000001,0,0,0,0,0
RU_HIN_010385,SRC_000002,1,1,1,1,1
RU_HIN_010386,SRC_000004,1,1,1,1,1
RU_HIN_010387,SRC_000002,1,1,1,1,1
RU_HIN_010388,SRC_000001,1,1,1,1,1
RU_HIN_010389,SRC_000003,1,1,1,1,1
RU_HIN_010390,SRC_000001,0,0,0,0,0
RU_HIN_010391,SRC_000002,1,1,1,1,1
RU_HIN_010392,SRC_000004,1,1,1,1,1
RU_HIN_010393,SRC_000005,0,0,0,0,0
RU_HIN_010394,SRC_000004,1,1,1,1,1
RU_HIN_010395,SRC_000003,1,1,1,1,1
RU_HIN_010396,SRC_000003,0,0,0,0,0
RU_HIN_010397,SRC_000004,1,1,1,1,1
RU_HIN_010398,SRC_000002,1,1,1,1,1
RU_HIN_010399,SRC_000002,1,1,1,1,1
RU_HIN_010400,SRC_000003,1,1,1,1,1
RU_HIN_010401,SRC_000002,1,1,1,1,1
RU_HIN_010402,SRC_000005,1,1,1,1,1
RU_HIN_010403,SRC_000004,1,1,1,1,1
RU_HIN_010404,SRC_000003,1,1,1,1,1
RU_HIN_010405,SRC_000002,1,1,1,1,1
RU_HIN_010406,SRC_000001,1,1,1,1,1
RU_HIN_010407,SRC_000002,1,1,1,1,1
RU_HIN_010408,SRC_000003,1,1,1,1,1
RU_HIN_010409,SRC_000005,0,0,0,0,0
RU_HIN_010410,SRC_000002,1,1,1,1,1
RU_HIN_010411,SRC_000001,1,1,1,1,1
RU_HIN_010412,SRC_000004,0,0,0,0,0
RU_HIN_010413,SRC_000002,1,1,1,1,1
RU_HIN_010414,SRC_000005,0,0,0,0,0
RU_HIN_010415,SRC_000005,1,1,1,1,1
RU_HIN_010416,SRC_000004,0,0,0,0,0
RU_HIN_010417,SRC_000003,1,1,1,1,1
RU_HIN_010418,SRC_000004,0,0,0,0,0
RU_HIN_010419,SRC_000002,1,1,1,1,1
RU_HIN_010420,SRC_000001,0,0,0,0,0
RU_HIN_010421,SRC_000004,1,1,1,1,1
RU_HIN_010422,SRC_000005,1,1,1,1,1
RU_HIN_010423,SRC_000001,1,1,1,1,1
RU_HIN_010424,SRC_000001,1,1,1,1,1
RU_HIN_010425,SRC_000003,1,1,1,1,1
RU_HIN_010426,SRC_000001,1,1,1,1,1
RU_HIN_010427,SRC_000001,0,0,0,0,0
RU_HIN_010428,SRC_000003,1,1,1,1,1
RU_HIN_010429,SRC_000005,1,1,1,1,1
RU_HIN_010430,SRC_000004,1,1,1,1,1
RU_HIN_010431,SRC_000005,1,1,1,1,1
RU_HIN_010432,SRC_000005,1,1,1,1,1
RU_HIN_010433,SRC_000003,1,1,1,1,1
RU_HIN_010434,SRC_000003,1,1,1,1,1
RU_HIN_010435,SRC_000003,1,1,1,1,1
RU_HIN_010436,SRC_000003,0,0,0,0,0
RU_HIN_010437,SRC_000001,1,1,1,1,1
RU_HIN_010438,SRC_000003,1,1,1,1,1
RU_HIN_010439,SRC_000002,0,0,0,0,0
RU_HIN_010440,SRC_000002,1,1,1,1,1
RU_HIN_010441,SRC_000001,1,1,1,1,1
RU_HIN_010442,SRC_000005,1,1,1,1,1
RU_HIN_010443,SRC_000004,1,1,1,1,1
RU_HIN_010444,SRC_000002,1,1,1,1,1
RU_HIN_010445,SRC_000002,1,1,1,1,1
RU_HIN_010446,SRC_000002,1,1,1,1,1
RU_HIN_010447,SRC_000001,1,1,1,1,1
RU_HIN_010448,SRC_000005,0,0,0,0,0
RU_HIN_010449,SRC_000003,1,1,1,1,1
RU_HIN_010450,SRC_000002,0,0,0,0,0
RU_HIN_010451,SRC_000004,1,1,1,1,1
RU_HIN_010452,SRC_000003,1,1,1,1,1
RU_HIN_010453,SRC_000003,1,1,1,1,1
RU_HIN_010454,SRC_000003,1,1,1,1,1
RU_HIN_010455,SRC_000003,0,0,0,0,0
RU_HIN_010456,SRC_000001,0,0,0,0,0
RU_HIN_010457,SRC_000005,1,1,1,1,1
RU_HIN_010458,SRC_000005,1,1,1,1,1
RU_HIN_010459,SRC_000003,1,1,1,1,1
RU_HIN_010460,SRC_000004,0,0,0,0,0
RU_HIN_010461,SRC_000002,1,1,1,1,1
RU_HIN_010462,SRC_000002,1,1,1,1,1
RU_HIN_010463,SRC_000002,1,1,1,1,1
RU_HIN_010464,SRC_000005,1,1,1,1,1
RU_HIN_010465,SRC_000005,1,1,1,1,1
RU_HIN_010466,SRC_000004,1,0,1,1,1
RU_HIN_010467,SRC_000005,1,1,1,1,1
RU_HIN_010468,SRC_000004,1,1,1,1,1
RU_HIN_010469,SRC_000003,1,1,1,1,1
RU_HIN_010470,SRC_000001,0,0,0,0,0
RU_HIN_010471,SRC_000003,1,1,1,1,1
RU_HIN_010472,SRC_000003,1,1,1,1,1
RU_HIN_010473,SRC_000003,0,0,0,0,0
RU_HIN_010474,SRC_000002,1,1,1,1,1
RU_HIN_010475,SRC_000001,1,1,1,1,1
RU_HIN_010476,SRC_000002,1,1,1,1,1
RU_HIN_010477,SRC_000004,1,1,1,1,1
RU_HIN_010478,SRC_000004,1,1,1,1,1
RU_HIN_010479,SRC_000003,1,1,1,1,1
RU_HIN_010480,SRC_000005,1,1,1,1,1
RU_HIN_010481,SRC_000002,1,1,1,1,1
RU_HIN_010482,SRC_000001,0,0,0,0,0
RU_HIN_010483,SRC_000003,1,1,1,1,1
RU_HIN_010484,SRC_000002,1,1,1,1,1
RU_HIN_010485,SRC_000002,1,1,1,1,1
RU_HIN_010486,SRC_000001,1,1,1,1,1
RU_HIN_010487,SRC_000005,1,1,1,1,1
RU_HIN_010488,SRC_000002,1,1,1,1,1
RU_HIN_010489,SRC_000001,0,0,0,0,0
RU_HIN_010490,SRC_000002,1,1,1,1,1
RU_HIN_010491,SRC_000004,1,1,1,1,1
RU_HIN_010492,SRC_000003,1,1,1,1,1
RU_HIN_010493,SRC_000001,0,0,0,0,0
RU_HIN_010494,SRC_000004,1,1,1,1,1
RU_HIN_010495,SRC_000004,0,0,0,0,0
RU_HIN_010496,SRC_000002,1,1,1,1,1
RU_HIN_010497,SRC_000001,1,1,1,1,1
RU_HIN_010498,SRC_000001,1,1,1,1,1
RU_HIN_010499,SRC_000003,1,1,1,1,1
RU_HIN_010500,SRC_000001,0,0,0,0,0
RU_HIN_010501,SRC_000004,1,1,1,1,1
RU_HIN_010502,SRC_000005,1,1,1,1,1
RU_HIN_010503,SRC_000004,1,1,1,1,1
RU_HIN_010504,SRC_000003,0,0,0,0,0
RU_HIN_010505,SRC_000003,1,1,1,1,1
RU_HIN_010506,SRC_000002,0,0,0,0,0
RU_HIN_010507,SRC_000005,0,0,0,0,0
RU_HIN_010508,SRC_000005,1,1,1,1,1
RU_HIN_010509,SRC_000003,1,1,1,1,1
RU_HIN_010510,SRC_000002,1,1,1,1,1
RU_HIN_010511,SRC_000001,1,1,1,1,1
RU_HIN_010512,SRC_000003,1,1,1,1,1
RU_HIN_010513,SRC_000003,1,1,1,1,1
RU_HIN_010514,SRC_000005,1,1,1,1,1
RU_HIN_010515,SRC_000003,1,1,1,1,1
RU_HIN_010516,SRC_000005,1,1,1,1,1
RU_HIN_010517,SRC_000001,0,0,0,0,0
RU_HIN_010518,SRC_000002,1,1,1,1,1
RU_HIN_010519,SRC_000005,0,0,0,0,0
RU_HIN_010520,SRC_000005,1,1,1,1,1
RU_HIN_010521,SRC_000003,1,1,1,1,1
RU_HIN_010522,SRC_000003,1,1,1,1,1
RU_HIN_010523,SRC_000004,1,1,1,1,1
RU_HIN_010524,SRC_000001,1,1,1,1,1
RU_HIN_010525,SRC_000005,1,1,1,1,1
RU_HIN_010526,SRC_000003,1,1,1,1,1
RU_HIN_010527,SRC_000003,0,0,0,0,0
RU_HIN_010528,SRC_000003,1,1,1,1,1
RU_HIN_010529,SRC_000004,1,1,1,1,1
RU_HIN_010530,SRC_000002,0,0,0,0,0
RU_HIN_010531,SRC_000001,1,1,1,1,1
RU_HIN_010532,SRC_000003,1,1,1,1,1
RU_HIN_010533,SRC_000001,0,0,0,0,0
RU_HIN_010534,SRC_000003,1,1,1,1,1
RU_HIN_010535,SRC_000003,1,1,1,1,1
RU_HIN_010536,SRC_000004,1,1,1,1,1
RU_HIN_010537,SRC_000003,1,1,1,1,1
RU_HIN_010538,SRC_000002,1,1,1,1,1
RU_HIN_010539,SRC_000003,0,0,0,0,0
RU_HIN_010540,SRC_000002,1,1,1,1,1
RU_HIN_010541,SRC_000002,1,0,1,1,1
RU_HIN_010542,SRC_000001,1,0,1,1,1
RU_HIN_010543,SRC_000001,1,1,1,1,1
RU_HIN_010544,SRC_000001,1,1,1,1,1
RU_HIN_010545,SRC_000001,1,1,1,1,1
RU_HIN_010546,SRC_000004,1,1,1,1,1
RU_HIN_010547,SRC_000003,1,1,1,1,1
RU_HIN_010548,SRC_000002,1,0,1,1,1
RU_HIN_010549,SRC_000004,1,1,1,1,1
RU_HIN_010550,SRC_000005,1,1,1,1,1
RU_HIN_010551,SRC_000004,1,1,1,1,1
RU_HIN_010552,SRC_000002,1,1,1,1,1
RU_HIN_010553,SRC_000005,1,1,1,1,1
RU_HIN_010554,SRC_000001,1,1,1,1,1
RU_HIN_010555,SRC_000001,1,1,1,1,1
RU_HIN_010556,SRC_000001,1,1,1,1,1
RU_HIN_010557,SRC_000005,1,1,1,1,1
RU_HIN_010558,SRC_000005,0,0,0,0,0
RU_HIN_010559,SRC_000001,1,1,1,1,1
RU_HIN_010560,SRC_000001,0,0,0,0,0
RU_HIN_010561,SRC_000005,1,0,1,1,1
RU_HIN_010562,SRC_000005,1,1,1,1,1
RU_HIN_010563,SRC_000001,1,1,1,1,1
RU_HIN_010564,SRC_000004,1,1,1,1,1
RU_HIN_010565,SRC_000002,1,1,1,1,1
RU_HIN_010566,SRC_000001,1,1,1,1,1
RU_HIN_010567,SRC_000003,1,1,1,1,1
RU_HIN_010568,SRC_000004,1,1,1,1,1
RU_HIN_010569,SRC_000003,1,1,1,1,1
RU_HIN_010570,SRC_000004,1,1,1,1,1
RU_HIN_010571,SRC_000002,1,1,1,1,1
RU_HIN_010572,SRC_000003,1,1,1,1,1
RU_HIN_010573,SRC_000003,1,1,1,1,1
RU_HIN_010574,SRC_000004,1,1,1,1,1
RU_HIN_010575,SRC_000002,1,1,1,1,1
RU_HIN_010576,SRC_000004,1,1,1,1,1
RU_HIN_010577,SRC_000004,0,0,0,0,0
RU_HIN_010578,SRC_000001,1,1,1,1,1
RU_HIN_010579,SRC_000001,1,1,1,1,1
RU_HIN_010580,SRC_000003,1,1,1,1,1
RU_HIN_010581,SRC_000002,0,0,0,0,0
RU_HIN_010582,SRC_000004,0,0,0,0,0
RU_HIN_010583,SRC_000005,1,1,1,1,1
RU_HIN_010584,SRC_000002,1,1,1,1,1
RU_HIN_010585,SRC_000001,1,1,1,1,1
RU_HIN_010586,SRC_000005,0,0,0,0,0
RU_HIN_010587,SRC_000001,1,1,1,1,1
RU_HIN_010588,SRC_000005,0,0,0,0,0
RU_HIN_010589,SRC_000002,1,1,1,1,1
RU_HIN_010590,SRC_000005,0,0,0,0,0
RU_HIN_010591,SRC_000001,1,1,1,1,1
RU_HIN_010592,SRC_000002,1,1,1,1,1
RU_HIN_010593,SRC_000003,1,1,1,1,1
RU_HIN_010594,SRC_000002,1,1,1,1,1
RU_HIN_010595,SRC_000005,0,0,0,0,0
RU_HIN_010596,SRC_000005,0,0,0,0,0
RU_HIN_010597,SRC_000001,1,1,1,1,1
RU_HIN_010598,SRC_000004,0,0,0,0,0
RU_HIN_010599,SRC_000001,1,1,1,1,1
RU_HIN_010600,SRC_000005,1,1,1,1,1
RU_HIN_010601,SRC_000004,1,1,1,1,1
RU_HIN_010602,SRC_000005,0,0,0,0,0
RU_HIN_010603,SRC_000005,0,0,0,0,0
RU_HIN_010604,SRC_000003,1,1,1,1,1
RU_HIN_010605,SRC_000001,1,1,1,1,1
RU_HIN_010606,SRC_000005,1,1,1,1,1
RU_HIN_010607,SRC_000001,1,1,1,1,1
RU_HIN_010608,SRC_000001,0,0,0,0,0
RU_HIN_010609,SRC_000005,1,1,1,1,1
RU_HIN_010610,SRC_000004,0,0,0,0,0
RU_HIN_010611,SRC_000005,0,0,0,0,0
RU_HIN_010612,SRC_000001,1,1,1,1,1
RU_HIN_010613,SRC_000001,1,1,1,1,1
RU_HIN_010614,SRC_000004,0,0,0,0,0
RU_HIN_010615,SRC_000005,1,1,1,1,1
RU_HIN_010616,SRC_000005,1,1,1,1,1
RU_HIN_010617,SRC_000004,1,1,1,1,1
RU_HIN_010618,SRC_000001,1,1,1,1,1
RU_HIN_010619,SRC_000001,1,1,1,1,1
RU_HIN_010620,SRC_000005,1,1,1,1,1
RU_HIN_010621,SRC_000005,1,1,1,1,1
RU_HIN_010622,SRC_000003,0,0,0,0,0
RU_HIN_010623,SRC_000005,0,0,0,0,0
RU_HIN_010624,SRC_000002,1,1,1,1,1
RU_HIN_010625,SRC_000001,1,1,1,1,1
RU_HIN_010626,SRC_000005,1,0,1,1,1
RU_HIN_010627,SRC_000004,1,1,1,1,1
RU_HIN_010628,SRC_000003,0,0,0,0,0
RU_HIN_010629,SRC_000004,1,1,1,1,1
RU_HIN_010630,SRC_000002,1,1,1,1,1
RU_HIN_010631,SRC_000001,0,0,0,0,0
RU_HIN_010632,SRC_000004,1,1,1,1,1
RU_HIN_010633,SRC_000002,1,1,1,1,1
RU_HIN_010634,SRC_000001,0,0,0,0,0
RU_HIN_010635,SRC_000002,1,1,1,1,1
RU_HIN_010636,SRC_000005,0,0,0,0,0
RU_HIN_010637,SRC_000001,0,0,0,0,0
RU_HIN_010638,SRC_000004,1,1,1,1,1
RU_HIN_010639,SRC_000003,1,1,1,1,1
RU_HIN_010640,SRC_000003,0,0,0,0,0
RU_HIN_010641,SRC_000004,1,1,1,1,1
RU_HIN_010642,SRC_000001,1,1,1,1,1
RU_HIN_010643,SRC_000005,0,0,0,0,0
RU_HIN_010644,SRC_000001,1,1,1,1,1
RU_HIN_010645,SRC_000001,1,1,1,1,1
RU_HIN_010646,SRC_000005,0,0,0,0,0
RU_HIN_010647,SRC_000001,1,1,1,1,1
RU_HIN_010648,SRC_000004,1,1,1,1,1
RU_HIN_010649,SRC_000004,1,1,1,1,1
RU_HIN_010650,SRC_000004,1,1,1,1,1
RU_HIN_010651,SRC_000002,1,1,1,1,1
RU_HIN_010652,SRC_000001,1,0,1,1,1
RU_HIN_010653,SRC_000002,1,1,1,1,1
RU_HIN_010654,SRC_000004,1,1,1,1,1
RU_HIN_010655,SRC_000003,0,0,0,0,0
RU_HIN_010656,SRC_000002,1,1,1,1,1
RU_HIN_010657,SRC_000003,1,1,1,1,1
RU_HIN_010658,SRC_000002,1,1,1,1,1
RU_HIN_010659,SRC_000005,0,0,0,0,0
RU_HIN_010660,SRC_000005,0,0,0,0,0
RU_HIN_010661,SRC_000005,1,0,1,1,1
RU_HIN_010662,SRC_000002,1,0,1,1,1
RU_HIN_010663,SRC_000001,1,1,1,1,1
RU_HIN_010664,SRC_000004,1,1,1,1,1
RU_HIN_010665,SRC_000003,1,1,1,1,1
RU_HIN_010666,SRC_000004,1,1,1,1,1
RU_HIN_010667,SRC_000001,1,1,1,1,1
RU_HIN_010668,SRC_000004,1,1,1,1,1
RU_HIN_010669,SRC_000001,1,1,1,1,1
RU_HIN_010670,SRC_000005,1,1,1,1,1
RU_HIN_010671,SRC_000002,1,1,1,1,1
RU_HIN_010672,SRC_000002,1,1,1,1,1
RU_HIN_010673,SRC_000001,1,1,1,1,1
RU_HIN_010674,SRC_000004,1,1,1,1,1
RU_HIN_010675,SRC_000001,1,1,1,1,1
RU_HIN_010676,SRC_000005,1,1,1,1,1
RU_HIN_010677,SRC_000003,1,1,1,1,1
RU_HIN_010678,SRC_000005,0,0,0,0,0
RU_HIN_010679,SRC_000005,1,1,1,1,1
RU_HIN_010680,SRC_000003,1,1,1,1,1
RU_HIN_010681,SRC_000002,1,1,1,1,1
RU_HIN_010682,SRC_000002,1,1,1,1,1
RU_HIN_010683,SRC_000001,1,1,1,1,1
RU_HIN_010684,SRC_000005,1,1,1,1,1
RU_HIN_010685,SRC_000005,1,1,1,1,1
RU_HIN_010686,SRC_000002,1,1,1,1,1
RU_HIN_010687,SRC_000003,0,0,0,0,0
RU_HIN_010688,SRC_000001,0,0,0,0,0
RU_HIN_010689,SRC_000001,1,1,1,1,1
RU_HIN_010690,SRC_000004,1,1,1,1,1
RU_HIN_010691,SRC_000002,0,0,0,0,0
RU_HIN_010692,SRC_000001,1,1,1,1,1
RU_HIN_010693,SRC_000003,1,1,1,1,1
RU_HIN_010694,SRC_000002,0,0,0,0,0
RU_HIN_010695,SRC_000005,1,1,1,1,1
RU_HIN_010696,SRC_000003,0,0,0,0,0
RU_HIN_010697,SRC_000003,1,1,1,1,1
RU_HIN_010698,SRC_000002,1,1,1,1,1
RU_HIN_010699,SRC_000001,1,1,1,1,1
RU_HIN_010700,SRC_000003,1,1,1,1,1
RU_HIN_010701,SRC_000003,0,0,0,0,0
RU_HIN_010702,SRC_000004,1,1,1,1,1
RU_HIN_010703,SRC_000004,1,1,1,1,1
RU_HIN_010704,SRC_000003,1,1,1,1,1
RU_HIN_010705,SRC_000003,1,0,1,1,1
RU_HIN_010706,SRC_000004,1,1,1,1,1
RU_HIN_010707,SRC_000004,1,1,1,1,1
RU_HIN_010708,SRC_000002,1,1,1,1,1
RU_HIN_010709,SRC_000003,1,1,1,1,1
RU_HIN_010710,SRC_000002,1,1,1,1,1
RU_HIN_010711,SRC_000004,1,1,1,1,1
RU_HIN_010712,SRC_000003,1,1,1,1,1
RU_HIN_010713,SRC_000003,1,1,1,1,1
RU_HIN_010714,SRC_000001,0,0,0,0,0
RU_HIN_010715,SRC_000002,1,1,1,1,1
RU_HIN_010716,SRC_000003,1,1,1,1,1
RU_HIN_010717,SRC_000004,1,1,1,1,1
RU_HIN_010718,SRC_000004,1,1,1,1,1
RU_HIN_010719,SRC_000002,0,0,0,0,0
RU_HIN_010720,SRC_000003,1,1,1,1,1
RU_HIN_010721,SRC_000003,0,0,0,0,0
RU_HIN_010722,SRC_000002,0,0,0,0,0
RU_HIN_010723,SRC_000004,1,1,1,1,1
RU_HIN_010724,SRC_000004,1,1,1,1,1
RU_HIN_010725,SRC_000003,1,1,1,1,1
RU_HIN_010726,SRC_000002,1,1,1,1,1
RU_HIN_010727,SRC_000004,1,1,1,1,1
RU_HIN_010728,SRC_000004,1,1,1,1,1
RU_HIN_010729,SRC_000001,1,1,1,1,1
RU_HIN_010730,SRC_000003,1,1,1,1,1
RU_HIN_010731,SRC_000005,1,1,1,1,1
RU_HIN_010732,SRC_000005,1,1,1,1,1
RU_HIN_010733,SRC_000005,0,0,0,0,0
RU_HIN_010734,SRC_000003,1,1,1,1,1
RU_HIN_010735,SRC_000002,1,1,1,1,1
RU_HIN_010736,SRC_000005,1,1,1,1,1
RU_HIN_010737,SRC_000001,0,0,0,0,0
RU_HIN_010738,SRC_000004,1,1,1,1,1
RU_HIN_010739,SRC_000003,0,0,0,0,0
RU_HIN_010740,SRC_000002,0,0,0,0,0
RU_HIN_010741,SRC_000001,1,1,1,1,1
RU_HIN_010742,SRC_000005,1,0,1,1,1
RU_HIN_010743,SRC_000005,1,1,1,1,1
RU_HIN_010744,SRC_000002,0,0,0,0,0
RU_HIN_010745,SRC_000002,1,1,1,1,1
RU_HIN_010746,SRC_000001,1,1,1,1,1
RU_HIN_010747,SRC_000004,1,1,1,1,1
RU_HIN_010748,SRC_000004,1,1,1,1,1
RU_HIN_010749,SRC_000004,0,0,0,0,0
RU_HIN_010750,SRC_000005,1,1,1,1,1
RU_HIN_010751,SRC_000001,1,1,1,1,1
RU_HIN_010752,SRC_000005,0,0,0,0,0
RU_HIN_010753,SRC_000004,0,0,0,0,0
RU_HIN_010754,SRC_000002,0,0,0,0,0
RU_HIN_010755,SRC_000004,1,1,1,1,1
RU_HIN_010756,SRC_000004,0,0,0,0,0
RU_HIN_010757,SRC_000002,1,1,1,1,1
RU_HIN_010758,SRC_000003,1,1,1,1,1
RU_HIN_010759,SRC_000001,1,1,1,1,1
RU_HIN_010760,SRC_000001,1,1,1,1,1
RU_HIN_010761,SRC_000005,1,1,1,1,1
RU_HIN_010762,SRC_000002,1,0,1,1,1
RU_HIN_010763,SRC_000005,1,1,1,1,1
RU_HIN_010764,SRC_000002,0,0,0,0,0
RU_HIN_010765,SRC_000004,1,1,1,1,1
RU_HIN_010766,SRC_000003,0,0,0,0,0
RU_HIN_010767,SRC_000001,0,0,0,0,0
RU_HIN_010768,SRC_000002,1,1,1,1,1
RU_HIN_010769,SRC_000004,0,0,0,0,0
RU_HIN_010770,SRC_000004,1,1,1,1,1
RU_HIN_010771,SRC_000004,1,1,1,1,1
RU_HIN_010772,SRC_000001,0,0,0,0,0
RU_HIN_010773,SRC_000002,1,1,1,1,1
RU_HIN_010774,SRC_000002,1,1,1,1,1
RU_HIN_010775,SRC_000003,1,1,1,1,1
RU_HIN_010776,SRC_000001,1,1,1,1,1
RU_HIN_010777,SRC_000004,1,1,1,1,1
RU_HIN_010778,SRC_000005,1,1,1,1,1
RU_HIN_010779,SRC_000004,1,1,1,1,1
RU_HIN_010780,SRC_000004,1,1,1,1,1
RU_HIN_010781,SRC_000005,1,1,1,1,1
RU_HIN_010782,SRC_000002,1,1,1,1,1
RU_HIN_010783,SRC_000004,1,1,1,1,1
RU_HIN_010784,SRC_000005,1,1,1,1,1
RU_HIN_010785,SRC_000003,1,1,1,1,1
RU_HIN_010786,SRC_000004,0,0,0,0,0
RU_HIN_010787,SRC_000004,1,1,1,1,1
RU_HIN_010788,SRC_000001,1,1,1,1,1
RU_HIN_010789,SRC_000005,0,0,0,0,0
RU_HIN_010790,SRC_000005,1,1,1,1,1
RU_HIN_010791,SRC_000003,1,1,1,1,1
RU_HIN_010792,SRC_000002,1,1,1,1,1
RU_HIN_010793,SRC_000004,0,0,0,0,0
RU_HIN_010794,SRC_000001,1,1,1,1,1
RU_HIN_010795,SRC_000005,1,1,1,1,1
RU_HIN_010796,SRC_000003,1,1,1,1,1
RU_HIN_010797,SRC_000004,1,1,1,1,1
RU_HIN_010798,SRC_000004,1,1,1,1,1
RU_HIN_010799,SRC_000003,1,1,1,1,1
RU_HIN_010800,SRC_000001,1,1,1,1,1
RU_HIN_010801,SRC_000005,1,1,1,1,1
RU_HIN_010802,SRC_000003,0,0,0,0,0
RU_HIN_010803,SRC_000003,1,1,1,1,1
RU_HIN_010804,SRC_000001,0,0,0,0,0
RU_HIN_010805,SRC_000005,1,1,1,1,1
RU_HIN_010806,SRC_000001,1,1,1,1,1
RU_HIN_010807,SRC_000004,0,0,0,0,0
RU_HIN_010808,SRC_000005,1,1,1,1,1
RU_HIN_010809,SRC_000004,1,1,1,1,1
RU_HIN_010810,SRC_000003,1,1,1,1,1
RU_HIN_010811,SRC_000001,1,0,1,1,1
RU_HIN_010812,SRC_000004,1,1,1,1,1
RU_HIN_010813,SRC_000002,1,1,1,1,1
RU_HIN_010814,SRC_000002,1,1,1,1,1
RU_HIN_010815,SRC_000003,1,1,1,1,1
RU_HIN_010816,SRC_000001,1,1,1,1,1
RU_HIN_010817,SRC_000002,1,1,1,1,1
RU_HIN_010818,SRC_000002,0,0,0,0,0
RU_HIN_010819,SRC_000004,1,1,1,1,1
RU_HIN_010820,SRC_000005,0,0,0,0,0
RU_HIN_010821,SRC_000005,0,0,0,0,0
RU_HIN_010822,SRC_000004,1,1,1,1,1
RU_HIN_010823,SRC_000003,1,1,1,1,1
RU_HIN_010824,SRC_000004,1,1,1,1,1
RU_HIN_010825,SRC_000003,0,0,0,0,0
RU_HIN_010826,SRC_000004,1,0,1,1,1
RU_HIN_010827,SRC_000001,0,0,0,0,0
RU_HIN_010828,SRC_000003,1,1,1,1,1
RU_HIN_010829,SRC_000005,0,0,0,0,0
RU_HIN_010830,SRC_000004,1,1,1,1,1
RU_HIN_010831,SRC_000003,1,1,1,1,1
RU_HIN_010832,SRC_000005,1,1,1,1,1
RU_HIN_010833,SRC_000002,1,1,1,1,1
RU_HIN_010834,SRC_000005,1,1,1,1,1
RU_HIN_010835,SRC_000005,1,1,1,1,1
RU_HIN_010836,SRC_000005,1,1,1,1,1
RU_HIN_010837,SRC_000004,1,1,1,1,1
RU_HIN_010838,SRC_000001,1,1,1,1,1
RU_HIN_010839,SRC_000004,1,1,1,1,1
RU_HIN_010840,SRC_000003,1,1,1,1,1
RU_HIN_010841,SRC_000005,0,0,0,0,0
RU_HIN_010842,SRC_000003,1,1,1,1,1
RU_HIN_010843,SRC_000001,1,1,1,1,1
RU_HIN_010844,SRC_000001,1,1,1,1,1
RU_HIN_010845,SRC_000004,1,1,1,1,1
RU_HIN_010846,SRC_000003,1,1,1,1,1
RU_HIN_010847,SRC_000002,1,1,1,1,1
RU_HIN_010848,SRC_000001,0,0,0,0,0
RU_HIN_010849,SRC_000003,1,1,1,1,1
RU_HIN_010850,SRC_000005,1,1,1,1,1
RU_HIN_010851,SRC_000001,1,1,1,1,1
RU_HIN_010852,SRC_000005,1,1,1,1,1
RU_HIN_010853,SRC_000005,1,1,1,1,1
RU_HIN_010854,SRC_000002,1,1,1,1,1
RU_HIN_010855,SRC_000001,1,1,1,1,1
RU_HIN_010856,SRC_000002,1,1,1,1,1
RU_HIN_010857,SRC_000004,1,1,1,1,1
RU_HIN_010858,SRC_000004,1,1,1,1,1
RU_HIN_010859,SRC_000005,1,1,1,1,1
RU_HIN_010860,SRC_000001,1,1,1,1,1
RU_HIN_010861,SRC_000001,1,1,1,1,1
RU_HIN_010862,SRC_000003,1,0,1,1,1
RU_HIN_010863,SRC_000004,1,1,1,1,1
RU_HIN_010864,SRC_000005,1,1,1,1,1
RU_HIN_010865,SRC_000003,0,0,0,0,0
RU_HIN_010866,SRC_000001,1,1,1,1,1
RU_HIN_010867,SRC_000002,1,1,1,1,1
RU_HIN_010868,SRC_000005,1,1,1,1,1
RU_HIN_010869,SRC_000005,1,1,1,1,1
RU_HIN_010870,SRC_000002,1,0,1,1,1
RU_HIN_010871,SRC_000002,1,1,1,1,1
RU_HIN_010872,SRC_000004,1,1,1,1,1
RU_HIN_010873,SRC_000001,1,1,1,1,1
RU_HIN_010874,SRC_000004,1,1,1,1,1
RU_HIN_010875,SRC_000003,1,1,1,1,1
RU_HIN_010876,SRC_000003,1,0,1,1,1
RU_HIN_010877,SRC_000002,1,1,1,1,1
RU_HIN_010878,SRC_000003,1,1,1,1,1
RU_HIN_010879,SRC_000002,1,1,1,1,1
RU_HIN_010880,SRC_000004,1,1,1,1,1
RU_HIN_010881,SRC_000002,0,0,0,0,0
RU_HIN_010882,SRC_000004,1,1,1,1,1
RU_HIN_010883,SRC_000002,1,1,1,1,1
RU_HIN_010884,SRC_000003,1,1,1,1,1
RU_HIN_010885,SRC_000001,1,1,1,1,1
RU_HIN_010886,SRC_000003,1,1,1,1,1
RU_HIN_010887,SRC_000003,1,1,1,1,1
RU_HIN_010888,SRC_000001,1,1,1,1,1
RU_HIN_010889,SRC_000003,1,1,1,1,1
RU_HIN_010890,SRC_000004,1,1,1,1,1
RU_HIN_010891,SRC_000003,0,0,0,0,0
RU_HIN_010892,SRC_000002,1,0,1,1,1
RU_HIN_010893,SRC_000002,1,1,1,1,1
RU_HIN_010894,SRC_000004,1,1,1,1,1
RU_HIN_010895,SRC_000005,1,0,1,1,1
RU_HIN_010896,SRC_000002,1,1,1,1,1
RU_HIN_010897,SRC_000003,1,1,1,1,1
RU_HIN_010898,SRC_000004,1,1,1,1,1
RU_HIN_010899,SRC_000005,1,1,1,1,1
RU_HIN_010900,SRC_000004,1,1,1,1,1
RU_HIN_010901,SRC_000001,1,1,1,1,1
RU_HIN_010902,SRC_000003,1,1,1,1,1
RU_HIN_010903,SRC_000002,1,1,1,1,1
RU_HIN_010904,SRC_000004,1,1,1,1,1
RU_HIN_010905,SRC_000003,1,1,1,1,1
RU_HIN_010906,SRC_000002,0,0,0,0,0
RU_HIN_010907,SRC_000003,1,1,1,1,1
RU_HIN_010908,SRC_000004,1,1,1,1,1
RU_HIN_010909,SRC_000003,1,1,1,1,1
RU_HIN_010910,SRC_000001,1,1,1,1,1
RU_HIN_010911,SRC_000001,1,1,1,1,1
RU_HIN_010912,SRC_000002,1,1,1,1,1
RU_HIN_010913,SRC_000001,1,1,1,1,1
RU_HIN_010914,SRC_000002,1,1,1,1,1
RU_HIN_010915,SRC_000002,0,0,0,0,0
RU_HIN_010916,SRC_000005,1,1,1,1,1
RU_HIN_010917,SRC_000004,1,1,1,1,1
RU_HIN_010918,SRC_000001,1,1,1,1,1
RU_HIN_010919,SRC_000001,1,1,1,1,1
RU_HIN_010920,SRC_000004,1,1,1,1,1
RU_HIN_010921,SRC_000003,1,1,1,1,1
RU_HIN_010922,SRC_000002,1,1,1,1,1
RU_HIN_010923,SRC_000005,1,1,1,1,1
RU_HIN_010924,SRC_000004,0,0,0,0,0
RU_HIN_010925,SRC_000004,1,0,1,1,1
RU_HIN_010926,SRC_000003,0,0,0,0,0
RU_HIN_010927,SRC_000004,1,1,1,1,1
RU_HIN_010928,SRC_000001,1,1,1,1,1
RU_HIN_010929,SRC_000004,1,1,1,1,1
RU_HIN_010930,SRC_000003,1,1,1,1,1
RU_HIN_010931,SRC_000002,0,0,0,0,0
RU_HIN_010932,SRC_000001,1,1,1,1,1
RU_HIN_010933,SRC_000004,1,1,1,1,1
RU_HIN_010934,SRC_000002,1,1,1,1,1
RU_HIN_010935,SRC_000004,1,1,1,1,1
RU_HIN_010936,SRC_000004,0,0,0,0,0
RU_HIN_010937,SRC_000004,1,1,1,1,1
RU_HIN_010938,SRC_000003,1,0,1,1,1
RU_HIN_010939,SRC_000001,1,1,1,1,1
RU_HIN_010940,SRC_000001,1,1,1,1,1
RU_HIN_010941,SRC_000002,1,1,1,1,1
RU_HIN_010942,SRC_000004,1,1,1,1,1
RU_HIN_010943,SRC_000003,0,0,0,0,0
RU_HIN_010944,SRC_000002,0,0,0,0,0
RU_HIN_010945,SRC_000004,1,1,1,1,1
RU_HIN_010946,SRC_000003,0,0,0,0,0
RU_HIN_010947,SRC_000002,1,1,1,1,1
RU_HIN_010948,SRC_000002,0,0,0,0,0
RU_HIN_010949,SRC_000001,1,1,1,1,1
RU_HIN_010950,SRC_000001,1,1,1,1,1
RU_HIN_010951,SRC_000004,1,1,1,1,1
RU_HIN_010952,SRC_000001,1,1,1,1,1
RU_HIN_010953,SRC_000004,1,1,1,1,1
RU_HIN_010954,SRC_000002,1,1,1,1,1
RU_HIN_010955,SRC_000005,1,1,1,1,1
RU_HIN_010956,SRC_000005,1,1,1,1,1
RU_HIN_010957,SRC_000001,1,1,1,1,1
RU_HIN_010958,SRC_000003,1,1,1,1,1
RU_HIN_010959,SRC_000001,1,1,1,1,1
RU_HIN_010960,SRC_000005,1,1,1,1,1
RU_HIN_010961,SRC_000002,1,1,1,1,1
RU_HIN_010962,SRC_000001,1,1,1,1,1
RU_HIN_010963,SRC_000002,1,1,1,1,1
RU_HIN_010964,SRC_000004,1,1,1,1,1
RU_HIN_010965,SRC_000002,0,0,0,0,0
RU_HIN_010966,SRC_000001,1,0,1,1,1
RU_HIN_010967,SRC_000003,1,1,1,1,1
RU_HIN_010968,SRC_000002,1,1,1,1,1
RU_HIN_010969,SRC_000004,1,1,1,1,1
RU_HIN_010970,SRC_000002,0,0,0,0,0
RU_HIN_010971,SRC_000004,0,0,0,0,0
RU_HIN_010972,SRC_000001,1,1,1,1,1
RU_HIN_010973,SRC_000005,1,1,1,1,1
RU_HIN_010974,SRC_000005,1,1,1,1,1
RU_HIN_010975,SRC_000002,1,1,1,1,1
RU_HIN_010976,SRC_000004,1,1,1,1,1
RU_HIN_010977,SRC_000004,0,0,0,0,0
RU_HIN_010978,SRC_000005,1,1,1,1,1
RU_HIN_010979,SRC_000002,1,1,1,1,1
RU_HIN_010980,SRC_000005,0,0,0,0,0
RU_HIN_010981,SRC_000003,1,1,1,1,1
RU_HIN_010982,SRC_000003,1,1,1,1,1
RU_HIN_010983,SRC_000002,1,1,1,1,1
RU_HIN_010984,SRC_000005,1,1,1,1,1
RU_HIN_010985,SRC_000003,0,0,0,0,0
RU_HIN_010986,SRC_000001,1,1,1,1,1
RU_HIN_010987,SRC_000003,1,1,1,1,1
RU_HIN_010988,SRC_000005,1,1,1,1,1
RU_HIN_010989,SRC_000003,1,1,1,1,1
RU_HIN_010990,SRC_000001,1,1,1,1,1
RU_HIN_010991,SRC_000001,1,1,1,1,1
RU_HIN_010992,SRC_000003,1,1,1,1,1
RU_HIN_010993,SRC_000002,1,1,1,1,1
RU_HIN_010994,SRC_000005,1,1,1,1,1
RU_HIN_010995,SRC_000001,1,1,1,1,1
RU_HIN_010996,SRC_000004,1,1,1,1,1
RU_HIN_010997,SRC_000004,1,1,1,1,1
RU_HIN_010998,SRC_000001,1,1,1,1,1
RU_HIN_010999,SRC_000001,1,1,1,1,1
RU_HIN_011000,SRC_000004,1,1,1,1,1
RU_HIN_011001,SRC_000004,1,1,1,1,1
RU_HIN_011002,SRC_000004,1,1,1,1,1
RU_HIN_011003,SRC_000005,1,1,1,1,1
RU_HIN_011004,SRC_000005,1,1,1,1,1
RU_HIN_011005,SRC_000002,0,0,0,0,0
RU_HIN_011006,SRC_000003,1,1,1,1,1
RU_HIN_011007,SRC_000004,0,0,0,0,0
RU_HIN_011008,SRC_000004,1,1,1,1,1
RU_HIN_011009,SRC_000004,1,1,1,1,1
RU_HIN_011010,SRC_000005,1,0,1,1,1
RU_HIN_011011,SRC_000004,1,1,1,1,1
RU_HIN_011012,SRC_000003,1,1,1,1,1
RU_HIN_011013,SRC_000005,1,1,1,1,1
RU_HIN_011014,SRC_000005,0,0,0,0,0
RU_HIN_011015,SRC_000005,1,1,1,1,1
RU_HIN_011016,SRC_000001,1,1,1,1,1
RU_HIN_011017,SRC_000002,1,1,1,1,1
RU_HIN_011018,SRC_000004,1,1,1,1,1
RU_HIN_011019,SRC_000004,0,0,0,0,0
RU_HIN_011020,SRC_000004,1,1,1,1,1
RU_HIN_011021,SRC_000002,0,0,0,0,0
RU_HIN_011022,SRC_000002,1,1,1,1,1
RU_HIN_011023,SRC_000004,1,1,1,1,1
RU_HIN_011024,SRC_000002,1,1,1,1,1
RU_HIN_011025,SRC_000005,1,1,1,1,1
RU_HIN_011026,SRC_000002,0,0,0,0,0
RU_HIN_011027,SRC_000002,1,1,1,1,1
RU_HIN_011028,SRC_000005,1,1,1,1,1
RU_HIN_011029,SRC_000004,0,0,0,0,0
RU_HIN_011030,SRC_000001,0,0,0,0,0
RU_HIN_011031,SRC_000005,1,1,1,1,1
RU_HIN_011032,SRC_000005,1,1,1,1,1
RU_HIN_011033,SRC_000005,1,1,1,1,1
RU_HIN_011034,SRC_000005,1,1,1,1,1
RU_HIN_011035,SRC_000002,0,0,0,0,0
RU_HIN_011036,SRC_000002,1,1,1,1,1
RU_HIN_011037,SRC_000004,1,1,1,1,1
RU_HIN_011038,SRC_000004,1,1,1,1,1
RU_HIN_011039,SRC_000003,1,1,1,1,1
RU_HIN_011040,SRC_000001,1,1,1,1,1
RU_HIN_011041,SRC_000005,1,1,1,1,1
RU_HIN_011042,SRC_000004,0,0,0,0,0
RU_HIN_011043,SRC_000004,1,1,1,1,1
RU_HIN_011044,SRC_000005,0,0,0,0,0
RU_HIN_011045,SRC_000005,1,1,1,1,1
RU_HIN_011046,SRC_000003,1,1,1,1,1
RU_HIN_011047,SRC_000005,1,1,1,1,1
RU_HIN_011048,SRC_000001,1,1,1,1,1
RU_HIN_011049,SRC_000002,1,1,1,1,1
RU_HIN_011050,SRC_000005,1,1,1,1,1
RU_HIN_011051,SRC_000003,1,1,1,1,1
RU_HIN_011052,SRC_000004,1,1,1,1,1
RU_HIN_011053,SRC_000004,0,0,0,0,0
RU_HIN_011054,SRC_000003,1,1,1,1,1
RU_HIN_011055,SRC_000004,1,1,1,1,1
RU_HIN_011056,SRC_000002,1,1,1,1,1
RU_HIN_011057,SRC_000005,1,1,1,1,1
RU_HIN_011058,SRC_000001,1,1,1,1,1
RU_HIN_011059,SRC_000003,0,0,0,0,0
RU_HIN_011060,SRC_000003,1,1,1,1,1
RU_HIN_011061,SRC_000004,1,1,1,1,1
RU_HIN_011062,SRC_000003,0,0,0,0,0
RU_HIN_011063,SRC_000002,0,0,0,0,0
RU_HIN_011064,SRC_000003,1,0,1,1,1
RU_HIN_011065,SRC_000005,1,1,1,1,1
RU_HIN_011066,SRC_000005,0,0,0,0,0
RU_HIN_011067,SRC_000002,1,1,1,1,1
RU_HIN_011068,SRC_000002,0,0,0,0,0
RU_HIN_011069,SRC_000005,1,1,1,1,1
RU_HIN_011070,SRC_000002,1,1,1,1,1
RU_HIN_011071,SRC_000002,1,0,1,1,1
RU_HIN_011072,SRC_000002,1,1,1,1,1
RU_HIN_011073,SRC_000003,1,1,1,1,1
RU_HIN_011074,SRC_000005,1,1,1,1,1
RU_HIN_011075,SRC_000004,0,0,0,0,0
RU_HIN_011076,SRC_000003,1,1,1,1,1
RU_HIN_011077,SRC_000002,0,0,0,0,0
RU_HIN_011078,SRC_000003,1,1,1,1,1
RU_HIN_011079,SRC_000005,1,1,1,1,1
RU_HIN_011080,SRC_000004,1,1,1,1,1
RU_HIN_011081,SRC_000005,1,1,1,1,1
RU_HIN_011082,SRC_000004,1,1,1,1,1
RU_HIN_011083,SRC_000001,1,1,1,1,1
RU_HIN_011084,SRC_000002,0,0,0,0,0
RU_HIN_011085,SRC_000002,0,0,0,0,0
RU_HIN_011086,SRC_000004,1,1,1,1,1
RU_HIN_011087,SRC_000004,0,0,0,0,0
RU_HIN_011088,SRC_000004,1,1,1,1,1
RU_HIN_011089,SRC_000004,1,1,1,1,1
RU_HIN_011090,SRC_000003,1,1,1,1,1
RU_HIN_011091,SRC_000002,1,1,1,1,1
RU_HIN_011092,SRC_000003,1,1,1,1,1
RU_HIN_011093,SRC_000001,1,1,1,1,1
RU_HIN_011094,SRC_000004,0,0,0,0,0
RU_HIN_011095,SRC_000005,1,1,1,1,1
RU_HIN_011096,SRC_000003,1,1,1,1,1
RU_HIN_011097,SRC_000002,1,1,1,1,1
RU_HIN_011098,SRC_000004,1,1,1,1,1
RU_HIN_011099,SRC_000005,1,1,1,1,1
RU_HIN_011100,SRC_000001,1,1,1,1,1
RU_HIN_011101,SRC_000003,1,1,1,1,1
RU_HIN_011102,SRC_000003,0,0,0,0,0
RU_HIN_011103,SRC_000004,1,1,1,1,1
RU_HIN_011104,SRC_000002,0,0,0,0,0
RU_HIN_011105,SRC_000001,1,1,1,1,1
RU_HIN_011106,SRC_000004,1,1,1,1,1
RU_HIN_011107,SRC_000004,1,1,1,1,1
RU_HIN_011108,SRC_000003,1,1,1,1,1
RU_HIN_011109,SRC_000003,1,1,1,1,1
RU_HIN_011110,SRC_000005,1,1,1,1,1
RU_HIN_011111,SRC_000005,1,1,1,1,1
RU_HIN_011112,SRC_000005,1,1,1,1,1
RU_HIN_011113,SRC_000005,0,0,0,0,0
RU_HIN_011114,SRC_000003,1,1,1,1,1
RU_HIN_011115,SRC_000005,0,0,0,0,0
RU_HIN_011116,SRC_000004,1,1,1,1,1
RU_HIN_011117,SRC_000005,1,1,1,1,1
RU_HIN_011118,SRC_000004,1,1,1,1,1
RU_HIN_011119,SRC_000002,1,1,1,1,1
RU_HIN_011120,SRC_000001,1,1,1,1,1
RU_HIN_011121,SRC_000003,0,0,0,0,0
RU_HIN_011122,SRC_000002,1,1,1,1,1
RU_HIN_011123,SRC_000004,1,1,1,1,1
RU_HIN_011124,SRC_000002,1,1,1,1,1
RU_HIN_011125,SRC_000001,1,1,1,1,1
RU_HIN_011126,SRC_000002,1,1,1,1,1
RU_HIN_011127,SRC_000004,1,1,1,1,1
RU_HIN_011128,SRC_000001,0,0,0,0,0
RU_HIN_011129,SRC_000002,1,1,1,1,1
RU_HIN_011130,SRC_000001,1,1,1,1,1
RU_HIN_011131,SRC_000003,1,1,1,1,1
RU_HIN_011132,SRC_000003,1,1,1,1,1
RU_HIN_011133,SRC_000004,1,1,1,1,1
RU_HIN_011134,SRC_000003,0,0,0,0,0
RU_HIN_011135,SRC_000002,1,0,1,1,1
RU_HIN_011136,SRC_000004,0,0,0,0,0
RU_HIN_011137,SRC_000003,1,1,1,1,1
RU_HIN_011138,SRC_000001,1,1,1,1,1
RU_HIN_011139,SRC_000005,1,1,1,1,1
RU_HIN_011140,SRC_000003,1,1,1,1,1
RU_HIN_011141,SRC_000001,0,0,0,0,0
RU_HIN_011142,SRC_000001,1,1,1,1,1
RU_HIN_011143,SRC_000001,1,1,1,1,1
RU_HIN_011144,SRC_000002,1,1,1,1,1
RU_HIN_011145,SRC_000003,1,1,1,1,1
RU_HIN_011146,SRC_000004,0,0,0,0,0
RU_HIN_011147,SRC_000005,1,1,1,1,1
RU_HIN_011148,SRC_000003,1,1,1,1,1
RU_HIN_011149,SRC_000005,1,1,1,1,1
RU_HIN_011150,SRC_000004,0,0,0,0,0
RU_HIN_011151,SRC_000004,1,1,1,1,1
RU_HIN_011152,SRC_000002,1,1,1,1,1
RU_HIN_011153,SRC_000005,0,0,0,0,0
RU_HIN_011154,SRC_000001,0,0,0,0,0
RU_HIN_011155,SRC_000003,1,1,1,1,1
RU_HIN_011156,SRC_000002,1,1,1,1,1
RU_HIN_011157,SRC_000004,1,1,1,1,1
RU_HIN_011158,SRC_000003,1,1,1,1,1
RU_HIN_011159,SRC_000005,0,0,0,0,0
RU_HIN_011160,SRC_000004,1,1,1,1,1
RU_HIN_011161,SRC_000003,1,1,1,1,1
RU_HIN_011162,SRC_000001,0,0,0,0,0
RU_HIN_011163,SRC_000001,1,1,1,1,1
RU_HIN_011164,SRC_000005,1,1,1,1,1
RU_HIN_011165,SRC_000001,1,1,1,1,1
RU_HIN_011166,SRC_000001,0,0,0,0,0
RU_HIN_011167,SRC_000005,1,1,1,1,1
RU_HIN_011168,SRC_000001,0,0,0,0,0
RU_HIN_011169,SRC_000005,0,0,0,0,0
RU_HIN_011170,SRC_000004,0,0,0,0,0
RU_HIN_011171,SRC_000003,1,1,1,1,1
RU_HIN_011172,SRC_000003,1,1,1,1,1
RU_HIN_011173,SRC_000005,1,1,1,1,1
RU_HIN_011174,SRC_000004,1,1,1,1,1
RU_HIN_011175,SRC_000005,1,1,1,1,1
RU_HIN_011176,SRC_000001,1,1,1,1,1
RU_HIN_011177,SRC_000002,1,1,1,1,1
RU_HIN_011178,SRC_000003,1,1,1,1,1
RU_HIN_011179,SRC_000005,1,1,1,1,1
RU_HIN_011180,SRC_000002,1,1,1,1,1
RU_HIN_011181,SRC_000005,1,1,1,1,1
RU_HIN_011182,SRC_000005,0,0,0,0,0
RU_HIN_011183,SRC_000001,0,0,0,0,0
RU_HIN_011184,SRC_000002,1,1,1,1,1
RU_HIN_011185,SRC_000004,0,0,0,0,0
RU_HIN_011186,SRC_000005,1,1,1,1,1
RU_HIN_011187,SRC_000003,1,1,1,1,1
RU_HIN_011188,SRC_000005,1,1,1,1,1
RU_HIN_011189,SRC_000002,1,1,1,1,1
RU_HIN_011190,SRC_000003,1,1,1,1,1
RU_HIN_011191,SRC_000003,1,1,1,1,1
RU_HIN_011192,SRC_000003,1,1,1,1,1
RU_HIN_011193,SRC_000002,1,1,1,1,1
RU_HIN_011194,SRC_000004,1,1,1,1,1
RU_HIN_011195,SRC_000003,0,0,0,0,0
RU_HIN_011196,SRC_000005,1,1,1,1,1
RU_HIN_011197,SRC_000002,1,1,1,1,1
RU_HIN_011198,SRC_000001,1,1,1,1,1
RU_HIN_011199,SRC_000001,1,0,1,1,1
RU_HIN_011200,SRC_000004,1,1,1,1,1
RU_HIN_011201,SRC_000003,1,1,1,1,1
RU_HIN_011202,SRC_000001,1,1,1,1,1
RU_HIN_011203,SRC_000002,1,1,1,1,1
RU_HIN_011204,SRC_000003,1,1,1,1,1
RU_HIN_011205,SRC_000005,1,1,1,1,1
RU_HIN_011206,SRC_000004,1,1,1,1,1
RU_HIN_011207,SRC_000002,1,1,1,1,1
RU_HIN_011208,SRC_000002,1,1,1,1,1
RU_HIN_011209,SRC_000003,1,1,1,1,1
RU_HIN_011210,SRC_000003,1,1,1,1,1
RU_HIN_011211,SRC_000001,1,1,1,1,1
RU_HIN_011212,SRC_000004,0,0,0,0,0
RU_HIN_011213,SRC_000002,1,0,1,1,1
RU_HIN_011214,SRC_000005,1,1,1,1,1
RU_HIN_011215,SRC_000004,1,1,1,1,1
RU_HIN_011216,SRC_000004,1,1,1,1,1
RU_HIN_011217,SRC_000005,0,0,0,0,0
RU_HIN_011218,SRC_000004,1,1,1,1,1
RU_HIN_011219,SRC_000003,1,1,1,1,1
RU_HIN_011220,SRC_000005,0,0,0,0,0
RU_HIN_011221,SRC_000005,1,1,1,1,1
RU_HIN_011222,SRC_000003,1,0,1,1,1
RU_HIN_011223,SRC_000005,1,1,1,1,1
RU_HIN_011224,SRC_000004,0,0,0,0,0
RU_HIN_011225,SRC_000004,1,1,1,1,1
RU_HIN_011226,SRC_000003,1,1,1,1,1
RU_HIN_011227,SRC_000002,1,1,1,1,1
RU_HIN_011228,SRC_000005,1,1,1,1,1
RU_HIN_011229,SRC_000002,1,1,1,1,1
RU_HIN_011230,SRC_000003,1,1,1,1,1
RU_HIN_011231,SRC_000004,1,1,1,1,1
RU_HIN_011232,SRC_000005,1,1,1,1,1
RU_HIN_011233,SRC_000001,1,1,1,1,1
RU_HIN_011234,SRC_000005,1,1,1,1,1
RU_HIN_011235,SRC_000005,1,1,1,1,1
RU_HIN_011236,SRC_000005,1,1,1,1,1
RU_HIN_011237,SRC_000005,1,1,1,1,1
RU_HIN_011238,SRC_000005,1,1,1,1,1
RU_HIN_011239,SRC_000004,1,1,1,1,1
RU_HIN_011240,SRC_000001,1,1,1,1,1
RU_HIN_011241,SRC_000001,1,1,1,1,1
RU_HIN_011242,SRC_000001,1,1,1,1,1
RU_HIN_011243,SRC_000002,0,0,0,0,0
RU_HIN_011244,SRC_000005,1,1,1,1,1
RU_HIN_011245,SRC_000001,1,1,1,1,1
RU_HIN_011246,SRC_000004,0,0,0,0,0
RU_HIN_011247,SRC_000004,1,0,1,1,1
RU_HIN_011248,SRC_000001,1,1,1,1,1
RU_HIN_011249,SRC_000005,1,1,1,1,1
RU_HIN_011250,SRC_000005,1,1,1,1,1
RU_HIN_011251,SRC_000003,1,1,1,1,1
RU_HIN_011252,SRC_000005,1,1,1,1,1
RU_HIN_011253,SRC_000003,1,1,1,1,1
RU_HIN_011254,SRC_000004,1,1,1,1,1
RU_HIN_011255,SRC_000003,1,1,1,1,1
RU_HIN_011256,SRC_000001,1,1,1,1,1
RU_HIN_011257,SRC_000004,1,0,1,1,1
RU_HIN_011258,SRC_000005,1,1,1,1,1
RU_HIN_011259,SRC_000004,0,0,0,0,0
RU_HIN_011260,SRC_000003,1,1,1,1,1
RU_HIN_011261,SRC_000002,1,1,1,1,1
RU_HIN_011262,SRC_000005,1,0,1,1,1
RU_HIN_011263,SRC_000005,1,1,1,1,1
RU_HIN_011264,SRC_000004,1,1,1,1,1
RU_HIN_011265,SRC_000005,0,0,0,0,0
RU_HIN_011266,SRC_000001,1,1,1,1,1
RU_HIN_011267,SRC_000001,0,0,0,0,0
RU_HIN_011268,SRC_000002,1,1,1,1,1
RU_HIN_011269,SRC_000002,1,1,1,1,1
RU_HIN_011270,SRC_000002,0,0,0,0,0
RU_HIN_011271,SRC_000005,0,0,0,0,0
RU_HIN_011272,SRC_000001,1,0,1,1,1
RU_HIN_011273,SRC_000002,1,1,1,1,1
RU_HIN_011274,SRC_000005,0,0,0,0,0
RU_HIN_011275,SRC_000002,1,1,1,1,1
RU_HIN_011276,SRC_000001,1,1,1,1,1
RU_HIN_011277,SRC_000005,0,0,0,0,0
RU_HIN_011278,SRC_000005,1,1,1,1,1
RU_HIN_011279,SRC_000002,0,0,0,0,0
RU_HIN_011280,SRC_000003,0,0,0,0,0
RU_HIN_011281,SRC_000001,1,1,1,1,1
RU_HIN_011282,SRC_000004,1,1,1,1,1
RU_HIN_011283,SRC_000004,1,1,1,1,1
RU_HIN_011284,SRC_000002,1,1,1,1,1
RU_HIN_011285,SRC_000001,1,1,1,1,1
RU_HIN_011286,SRC_000001,0,0,0,0,0
RU_HIN_011287,SRC_000003,1,1,1,1,1
RU_HIN_011288,SRC_000001,1,1,1,1,1
RU_HIN_011289,SRC_000003,1,1,1,1,1
RU_HIN_011290,SRC_000003,1,1,1,1,1
RU_HIN_011291,SRC_000005,1,1,1,1,1
RU_HIN_011292,SRC_000003,1,1,1,1,1
RU_HIN_011293,SRC_000001,1,1,1,1,1
RU_HIN_011294,SRC_000001,1,1,1,1,1
RU_HIN_011295,SRC_000003,1,1,1,1,1
RU_HIN_011296,SRC_000004,1,1,1,1,1
RU_HIN_011297,SRC_000002,1,1,1,1,1
RU_HIN_011298,SRC_000001,1,1,1,1,1
RU_HIN_011299,SRC_000001,1,1,1,1,1
RU_HIN_011300,SRC_000005,1,1,1,1,1
RU_HIN_011301,SRC_000003,1,1,1,1,1
RU_HIN_011302,SRC_000004,1,1,1,1,1
RU_HIN_011303,SRC_000002,1,1,1,1,1
RU_HIN_011304,SRC_000003,1,1,1,1,1
RU_HIN_011305,SRC_000003,1,1,1,1,1
RU_HIN_011306,SRC_000002,1,1,1,1,1
RU_HIN_011307,SRC_000002,1,1,1,1,1
RU_HIN_011308,SRC_000002,1,1,1,1,1
RU_HIN_011309,SRC_000005,1,1,1,1,1
RU_HIN_011310,SRC_000001,1,1,1,1,1
RU_HIN_011311,SRC_000003,0,0,0,0,0
RU_HIN_011312,SRC_000005,1,1,1,1,1
RU_HIN_011313,SRC_000002,0,0,0,0,0
RU_HIN_011314,SRC_000004,0,0,0,0,0
RU_HIN_011315,SRC_000002,1,1,1,1,1
RU_HIN_011316,SRC_000002,1,1,1,1,1
RU_HIN_011317,SRC_000004,1,1,1,1,1
RU_HIN_011318,SRC_000003,1,1,1,1,1
RU_HIN_011319,SRC_000003,1,1,1,1,1
RU_HIN_011320,SRC_000003,1,1,1,1,1
RU_HIN_011321,SRC_000004,0,0,0,0,0
RU_HIN_011322,SRC_000002,1,1,1,1,1
RU_HIN_011323,SRC_000005,1,1,1,1,1
RU_HIN_011324,SRC_000001,0,0,0,0,0
RU_HIN_011325,SRC_000005,0,0,0,0,0
RU_HIN_011326,SRC_000005,1,1,1,1,1
RU_HIN_011327,SRC_000004,0,0,0,0,0
RU_HIN_011328,SRC_000001,1,1,1,1,1
RU_HIN_011329,SRC_000003,1,1,1,1,1
RU_HIN_011330,SRC_000002,1,1,1,1,1
RU_HIN_011331,SRC_000002,1,1,1,1,1
RU_HIN_011332,SRC_000004,1,1,1,1,1
RU_HIN_011333,SRC_000005,1,1,1,1,1
RU_HIN_011334,SRC_000001,1,1,1,1,1
RU_HIN_011335,SRC_000005,1,1,1,1,1
RU_HIN_011336,SRC_000002,1,0,1,1,1
RU_HIN_011337,SRC_000001,1,1,1,1,1
RU_HIN_011338,SRC_000004,1,1,1,1,1
RU_HIN_011339,SRC_000002,0,0,0,0,0
RU_HIN_011340,SRC_000003,0,0,0,0,0
RU_HIN_011341,SRC_000005,0,0,0,0,0
RU_HIN_011342,SRC_000005,1,0,1,1,1
RU_HIN_011343,SRC_000001,1,1,1,1,1
RU_HIN_011344,SRC_000005,1,1,1,1,1
RU_HIN_011345,SRC_000005,1,1,1,1,1
RU_HIN_011346,SRC_000003,1,1,1,1,1
RU_HIN_011347,SRC_000002,1,1,1,1,1
RU_HIN_011348,SRC_000004,1,1,1,1,1
RU_HIN_011349,SRC_000001,1,1,1,1,1
RU_HIN_011350,SRC_000003,1,1,1,1,1
RU_HIN_011351,SRC_000001,1,1,1,1,1
RU_HIN_011352,SRC_000004,1,1,1,1,1
RU_HIN_011353,SRC_000002,1,1,1,1,1
RU_HIN_011354,SRC_000005,0,0,0,0,0
RU_HIN_011355,SRC_000002,1,1,1,1,1
RU_HIN_011356,SRC_000001,1,1,1,1,1
RU_HIN_011357,SRC_000002,1,1,1,1,1
RU_HIN_011358,SRC_000001,1,1,1,1,1
RU_HIN_011359,SRC_000005,1,1,1,1,1
RU_HIN_011360,SRC_000003,1,1,1,1,1
RU_HIN_011361,SRC_000004,1,1,1,1,1
RU_HIN_011362,SRC_000002,1,1,1,1,1
RU_HIN_011363,SRC_000004,1,1,1,1,1
RU_HIN_011364,SRC_000004,1,1,1,1,1
RU_HIN_011365,SRC_000005,1,1,1,1,1
RU_HIN_011366,SRC_000001,1,1,1,1,1
RU_HIN_011367,SRC_000001,0,0,0,0,0
RU_HIN_011368,SRC_000004,1,1,1,1,1
RU_HIN_011369,SRC_000001,1,0,1,1,1
RU_HIN_011370,SRC_000002,0,0,0,0,0
RU_HIN_011371,SRC_000004,1,1,1,1,1
RU_HIN_011372,SRC_000002,1,1,1,1,1
RU_HIN_011373,SRC_000001,1,1,1,1,1
RU_HIN_011374,SRC_000005,0,0,0,0,0
RU_HIN_011375,SRC_000002,1,1,1,1,1
RU_HIN_011376,SRC_000002,1,1,1,1,1
RU_HIN_011377,SRC_000003,1,1,1,1,1
RU_HIN_011378,SRC_000002,1,1,1,1,1
RU_HIN_011379,SRC_000002,1,1,1,1,1
RU_HIN_011380,SRC_000004,1,1,1,1,1
RU_HIN_011381,SRC_000003,0,0,0,0,0
RU_HIN_011382,SRC_000002,1,1,1,1,1
RU_HIN_011383,SRC_000003,1,1,1,1,1
RU_HIN_011384,SRC_000005,1,1,1,1,1
RU_HIN_011385,SRC_000001,1,1,1,1,1
RU_HIN_011386,SRC_000003,0,0,0,0,0
RU_HIN_011387,SRC_000004,1,1,1,1,1
RU_HIN_011388,SRC_000004,1,1,1,1,1
RU_HIN_011389,SRC_000002,1,1,1,1,1
RU_HIN_011390,SRC_000001,1,1,1,1,1
RU_HIN_011391,SRC_000001,0,0,0,0,0
RU_HIN_011392,SRC_000002,1,1,1,1,1
RU_HIN_011393,SRC_000001,1,1,1,1,1
RU_HIN_011394,SRC_000002,1,1,1,1,1
RU_HIN_011395,SRC_000001,1,1,1,1,1
RU_HIN_011396,SRC_000005,0,0,0,0,0
RU_HIN_011397,SRC_000002,0,0,0,0,0
RU_HIN_011398,SRC_000005,0,0,0,0,0
RU_HIN_011399,SRC_000001,1,1,1,1,1
RU_HIN_011400,SRC_000003,0,0,0,0,0
RU_HIN_011401,SRC_000003,0,0,0,0,0
RU_HIN_011402,SRC_000003,0,0,0,0,0
RU_HIN_011403,SRC_000001,1,1,1,1,1
RU_HIN_011404,SRC_000004,1,1,1,1,1
RU_HIN_011405,SRC_000005,0,0,0,0,0
RU_HIN_011406,SRC_000005,1,1,1,1,1
RU_HIN_011407,SRC_000005,0,0,0,0,0
RU_HIN_011408,SRC_000003,1,1,1,1,1
RU_HIN_011409,SRC_000005,1,1,1,1,1
RU_HIN_011410,SRC_000002,1,1,1,1,1
RU_HIN_011411,SRC_000005,1,0,1,1,1
RU_HIN_011412,SRC_000003,1,1,1,1,1
RU_HIN_011413,SRC_000003,1,1,1,1,1
RU_HIN_011414,SRC_000005,1,1,1,1,1
RU_HIN_011415,SRC_000004,0,0,0,0,0
RU_HIN_011416,SRC_000001,1,1,1,1,1
RU_HIN_011417,SRC_000004,1,1,1,1,1
RU_HIN_011418,SRC_000001,0,0,0,0,0
RU_HIN_011419,SRC_000002,0,0,0,0,0
RU_HIN_011420,SRC_000004,1,1,1,1,1
RU_HIN_011421,SRC_000003,1,1,1,1,1
RU_HIN_011422,SRC_000001,1,1,1,1,1
RU_HIN_011423,SRC_000004,1,1,1,1,1
RU_HIN_011424,SRC_000004,1,1,1,1,1
RU_HIN_011425,SRC_000005,1,1,1,1,1
RU_HIN_011426,SRC_000001,1,1,1,1,1
RU_HIN_011427,SRC_000001,1,0,1,1,1
RU_HIN_011428,SRC_000005,1,1,1,1,1
RU_HIN_011429,SRC_000004,1,1,1,1,1
RU_HIN_011430,SRC_000005,1,1,1,1,1
RU_HIN_011431,SRC_000001,1,1,1,1,1
RU_HIN_011432,SRC_000002,1,1,1,1,1
RU_HIN_011433,SRC_000005,1,1,1,1,1
RU_HIN_011434,SRC_000001,1,1,1,1,1
RU_HIN_011435,SRC_000002,1,1,1,1,1
RU_HIN_011436,SRC_000002,1,1,1,1,1
RU_HIN_011437,SRC_000003,0,0,0,0,0
RU_HIN_011438,SRC_000001,1,1,1,1,1
RU_HIN_011439,SRC_000003,1,1,1,1,1
RU_HIN_011440,SRC_000001,1,1,1,1,1
RU_HIN_011441,SRC_000004,0,0,0,0,0
RU_HIN_011442,SRC_000005,1,1,1,1,1
RU_HIN_011443,SRC_000003,0,0,0,0,0
RU_HIN_011444,SRC_000001,1,1,1,1,1
RU_HIN_011445,SRC_000001,0,0,0,0,0
RU_HIN_011446,SRC_000001,1,1,1,1,1
RU_HIN_011447,SRC_000001,1,1,1,1,1
RU_HIN_011448,SRC_000001,0,0,0,0,0
RU_HIN_011449,SRC_000002,1,1,1,1,1
RU_HIN_011450,SRC_000004,1,1,1,1,1
RU_HIN_011451,SRC_000001,1,1,1,1,1
RU_HIN_011452,SRC_000001,1,1,1,1,1
RU_HIN_011453,SRC_000002,1,1,1,1,1
RU_HIN_011454,SRC_000004,0,0,0,0,0
RU_HIN_011455,SRC_000003,1,1,1,1,1
RU_HIN_011456,SRC_000004,1,1,1,1,1
RU_HIN_011457,SRC_000002,1,1,1,1,1
RU_HIN_011458,SRC_000004,1,1,1,1,1
RU_HIN_011459,SRC_000003,1,1,1,1,1
RU_HIN_011460,SRC_000002,0,0,0,0,0
RU_HIN_011461,SRC_000005,1,1,1,1,1
RU_HIN_011462,SRC_000005,1,1,1,1,1
RU_HIN_011463,SRC_000002,1,1,1,1,1
RU_HIN_011464,SRC_000002,1,0,1,1,1
RU_HIN_011465,SRC_000002,1,1,1,1,1
RU_HIN_011466,SRC_000005,1,1,1,1,1
RU_HIN_011467,SRC_000002,1,1,1,1,1
RU_HIN_011468,SRC_000001,1,1,1,1,1
RU_HIN_011469,SRC_000002,0,0,0,0,0
RU_HIN_011470,SRC_000004,0,0,0,0,0
RU_HIN_011471,SRC_000003,1,1,1,1,1
RU_HIN_011472,SRC_000005,1,1,1,1,1
RU_HIN_011473,SRC_000002,1,1,1,1,1
RU_HIN_011474,SRC_000004,1,1,1,1,1
RU_HIN_011475,SRC_000004,0,0,0,0,0
RU_HIN_011476,SRC_000002,1,1,1,1,1
RU_HIN_011477,SRC_000005,0,0,0,0,0
RU_HIN_011478,SRC_000005,0,0,0,0,0
RU_HIN_011479,SRC_000004,1,0,1,1,1
RU_HIN_011480,SRC_000005,0,0,0,0,0
RU_HIN_011481,SRC_000005,1,1,1,1,1
RU_HIN_011482,SRC_000004,1,1,1,1,1
RU_HIN_011483,SRC_000004,1,1,1,1,1
RU_HIN_011484,SRC_000004,0,0,0,0,0
RU_HIN_011485,SRC_000002,0,0,0,0,0
RU_HIN_011486,SRC_000002,0,0,0,0,0
RU_HIN_011487,SRC_000004,1,1,1,1,1
RU_HIN_011488,SRC_000004,0,0,0,0,0
RU_HIN_011489,SRC_000004,1,1,1,1,1
RU_HIN_011490,SRC_000001,0,0,0,0,0
RU_HIN_011491,SRC_000001,1,1,1,1,1
RU_HIN_011492,SRC_000004,1,1,1,1,1
RU_HIN_011493,SRC_000002,1,0,1,1,1
RU_HIN_011494,SRC_000002,1,1,1,1,1
RU_HIN_011495,SRC_000003,1,1,1,1,1
RU_HIN_011496,SRC_000004,0,0,0,0,0
RU_HIN_011497,SRC_000005,1,1,1,1,1
RU_HIN_011498,SRC_000003,1,1,1,1,1
RU_HIN_011499,SRC_000002,1,1,1,1,1
RU_HIN_011500,SRC_000005,1,1,1,1,1
RU_HIN_011501,SRC_000004,1,1,1,1,1
RU_HIN_011502,SRC_000004,1,0,1,1,1
RU_HIN_011503,SRC_000003,1,1,1,1,1
RU_HIN_011504,SRC_000005,1,1,1,1,1
RU_HIN_011505,SRC_000001,1,1,1,1,1
RU_HIN_011506,SRC_000005,1,1,1,1,1
RU_HIN_011507,SRC_000004,1,1,1,1,1
RU_HIN_011508,SRC_000002,1,1,1,1,1
RU_HIN_011509,SRC_000003,0,0,0,0,0
RU_HIN_011510,SRC_000002,0,0,0,0,0
RU_HIN_011511,SRC_000001,0,0,0,0,0
RU_HIN_011512,SRC_000001,1,1,1,1,1
RU_HIN_011513,SRC_000002,1,1,1,1,1
RU_HIN_011514,SRC_000002,0,0,0,0,0
RU_HIN_011515,SRC_000004,1,1,1,1,1
RU_HIN_011516,SRC_000004,1,1,1,1,1
RU_HIN_011517,SRC_000001,1,1,1,1,1
RU_HIN_011518,SRC_000002,0,0,0,0,0
RU_HIN_011519,SRC_000002,1,1,1,1,1
RU_HIN_011520,SRC_000002,0,0,0,0,0
RU_HIN_011521,SRC_000003,0,0,0,0,0
RU_HIN_011522,SRC_000004,1,1,1,1,1
RU_HIN_011523,SRC_000004,0,0,0,0,0
RU_HIN_011524,SRC_000002,0,0,0,0,0
RU_HIN_011525,SRC_000003,1,1,1,1,1
RU_HIN_011526,SRC_000002,1,1,1,1,1
RU_HIN_011527,SRC_000004,1,1,1,1,1
RU_HIN_011528,SRC_000005,1,1,1,1,1
RU_HIN_011529,SRC_000001,1,1,1,1,1
RU_HIN_011530,SRC_000002,0,0,0,0,0
RU_HIN_011531,SRC_000004,1,1,1,1,1
RU_HIN_011532,SRC_000003,0,0,0,0,0
RU_HIN_011533,SRC_000005,0,0,0,0,0
RU_HIN_011534,SRC_000002,1,1,1,1,1
RU_HIN_011535,SRC_000003,1,1,1,1,1
RU_HIN_011536,SRC_000003,1,1,1,1,1
RU_HIN_011537,SRC_000001,1,1,1,1,1
RU_HIN_011538,SRC_000003,1,1,1,1,1
RU_HIN_011539,SRC_000003,1,1,1,1,1
RU_HIN_011540,SRC_000002,1,1,1,1,1
RU_HIN_011541,SRC_000002,1,1,1,1,1
RU_HIN_011542,SRC_000001,0,0,0,0,0
RU_HIN_011543,SRC_000002,1,1,1,1,1
RU_HIN_011544,SRC_000005,0,0,0,0,0
RU_HIN_011545,SRC_000003,1,1,1,1,1
RU_HIN_011546,SRC_000002,1,1,1,1,1
RU_HIN_011547,SRC_000003,1,1,1,1,1
RU_HIN_011548,SRC_000001,1,1,1,1,1
RU_HIN_011549,SRC_000001,1,1,1,1,1
RU_HIN_011550,SRC_000002,1,1,1,1,1
RU_HIN_011551,SRC_000002,0,0,0,0,0
RU_HIN_011552,SRC_000002,1,1,1,1,1
RU_HIN_011553,SRC_000005,1,1,1,1,1
RU_HIN_011554,SRC_000004,1,1,1,1,1
RU_HIN_011555,SRC_000003,0,0,0,0,0
RU_HIN_011556,SRC_000005,1,1,1,1,1
RU_HIN_011557,SRC_000003,0,0,0,0,0
RU_HIN_011558,SRC_000004,1,1,1,1,1
RU_HIN_011559,SRC_000005,0,0,0,0,0
RU_HIN_011560,SRC_000002,1,1,1,1,1
RU_HIN_011561,SRC_000005,1,1,1,1,1
RU_HIN_011562,SRC_000005,1,1,1,1,1
RU_HIN_011563,SRC_000003,1,1,1,1,1
RU_HIN_011564,SRC_000003,1,1,1,1,1
RU_HIN_011565,SRC_000004,1,1,1,1,1
RU_HIN_011566,SRC_000003,0,0,0,0,0
RU_HIN_011567,SRC_000005,1,1,1,1,1
RU_HIN_011568,SRC_000005,1,0,1,1,1
RU_HIN_011569,SRC_000004,1,1,1,1,1
RU_HIN_011570,SRC_000001,1,1,1,1,1
RU_HIN_011571,SRC_000001,1,1,1,1,1
RU_HIN_011572,SRC_000005,1,1,1,1,1
RU_HIN_011573,SRC_000004,0,0,0,0,0
RU_HIN_011574,SRC_000005,1,1,1,1,1
RU_HIN_011575,SRC_000002,1,1,1,1,1
RU_HIN_011576,SRC_000003,1,1,1,1,1
RU_HIN_011577,SRC_000002,1,1,1,1,1
RU_HIN_011578,SRC_000004,1,1,1,1,1
RU_HIN_011579,SRC_000002,1,1,1,1,1
RU_HIN_011580,SRC_000003,1,1,1,1,1
RU_HIN_011581,SRC_000003,1,1,1,1,1
RU_HIN_011582,SRC_000003,0,0,0,0,0
RU_HIN_011583,SRC_000004,0,0,0,0,0
RU_HIN_011584,SRC_000003,0,0,0,0,0
RU_HIN_011585,SRC_000003,1,1,1,1,1
RU_HIN_011586,SRC_000002,0,0,0,0,0
RU_HIN_011587,SRC_000002,1,1,1,1,1
RU_HIN_011588,SRC_000003,1,1,1,1,1
RU_HIN_011589,SRC_000005,1,1,1,1,1
RU_HIN_011590,SRC_000001,0,0,0,0,0
RU_HIN_011591,SRC_000001,1,1,1,1,1
RU_HIN_011592,SRC_000004,0,0,0,0,0
RU_HIN_011593,SRC_000003,1,1,1,1,1
RU_HIN_011594,SRC_000002,1,1,1,1,1
RU_HIN_011595,SRC_000005,1,1,1,1,1
RU_HIN_011596,SRC_000002,1,1,1,1,1
RU_HIN_011597,SRC_000003,1,1,1,1,1
RU_HIN_011598,SRC_000002,1,1,1,1,1
RU_HIN_011599,SRC_000005,1,1,1,1,1
RU_HIN_011600,SRC_000005,1,1,1,1,1
RU_HIN_011601,SRC_000005,1,1,1,1,1
RU_HIN_011602,SRC_000004,1,1,1,1,1
RU_HIN_011603,SRC_000005,1,1,1,1,1
RU_HIN_011604,SRC_000001,1,1,1,1,1
RU_HIN_011605,SRC_000001,1,1,1,1,1
RU_HIN_011606,SRC_000004,1,1,1,1,1
RU_HIN_011607,SRC_000003,1,1,1,1,1
RU_HIN_011608,SRC_000005,1,1,1,1,1
RU_HIN_011609,SRC_000004,0,0,0,0,0
RU_HIN_011610,SRC_000002,1,1,1,1,1
RU_HIN_011611,SRC_000001,1,1,1,1,1
RU_HIN_011612,SRC_000005,0,0,0,0,0
RU_HIN_011613,SRC_000003,1,1,1,1,1
RU_HIN_011614,SRC_000001,1,1,1,1,1
RU_HIN_011615,SRC_000005,1,1,1,1,1
RU_HIN_011616,SRC_000004,1,1,1,1,1
RU_HIN_011617,SRC_000003,1,1,1,1,1
RU_HIN_011618,SRC_000003,1,1,1,1,1
RU_HIN_011619,SRC_000004,1,1,1,1,1
RU_HIN_011620,SRC_000004,1,1,1,1,1
RU_HIN_011621,SRC_000004,0,0,0,0,0
RU_HIN_011622,SRC_000005,1,1,1,1,1
RU_HIN_011623,SRC_000001,1,0,1,1,1
RU_HIN_011624,SRC_000003,1,1,1,1,1
RU_HIN_011625,SRC_000002,1,1,1,1,1
RU_HIN_011626,SRC_000004,1,0,1,1,1
RU_HIN_011627,SRC_000005,1,1,1,1,1
RU_HIN_011628,SRC_000003,1,1,1,1,1
RU_HIN_011629,SRC_000003,1,1,1,1,1
RU_HIN_011630,SRC_000005,1,1,1,1,1
RU_HIN_011631,SRC_000003,1,1,1,1,1
RU_HIN_011632,SRC_000003,0,0,0,0,0
RU_HIN_011633,SRC_000002,1,1,1,1,1
RU_HIN_011634,SRC_000004,1,1,1,1,1
RU_HIN_011635,SRC_000004,1,1,1,1,1
RU_HIN_011636,SRC_000002,1,1,1,1,1
RU_HIN_011637,SRC_000004,1,1,1,1,1
RU_HIN_011638,SRC_000002,0,0,0,0,0
RU_HIN_011639,SRC_000005,0,0,0,0,0
RU_HIN_011640,SRC_000001,1,1,1,1,1
RU_HIN_011641,SRC_000005,1,1,1,1,1
RU_HIN_011642,SRC_000004,1,1,1,1,1
RU_HIN_011643,SRC_000001,0,0,0,0,0
RU_HIN_011644,SRC_000001,0,0,0,0,0
RU_HIN_011645,SRC_000004,0,0,0,0,0
RU_HIN_011646,SRC_000004,1,1,1,1,1
RU_HIN_011647,SRC_000005,1,1,1,1,1
RU_HIN_011648,SRC_000001,1,1,1,1,1
RU_HIN_011649,SRC_000002,0,0,0,0,0
RU_HIN_011650,SRC_000005,1,1,1,1,1
RU_HIN_011651,SRC_000001,1,1,1,1,1
RU_HIN_011652,SRC_000002,1,1,1,1,1
RU_HIN_011653,SRC_000004,0,0,0,0,0
RU_HIN_011654,SRC_000005,1,1,1,1,1
RU_HIN_011655,SRC_000005,1,1,1,1,1
RU_HIN_011656,SRC_000005,1,1,1,1,1
RU_HIN_011657,SRC_000003,1,1,1,1,1
RU_HIN_011658,SRC_000001,0,0,0,0,0
RU_HIN_011659,SRC_000005,1,1,1,1,1
RU_HIN_011660,SRC_000005,0,0,0,0,0
RU_HIN_011661,SRC_000005,1,1,1,1,1
RU_HIN_011662,SRC_000004,1,1,1,1,1
RU_HIN_011663,SRC_000005,1,1,1,1,1
RU_HIN_011664,SRC_000001,1,1,1,1,1
RU_HIN_011665,SRC_000001,1,1,1,1,1
RU_HIN_011666,SRC_000002,1,1,1,1,1
RU_HIN_011667,SRC_000001,1,1,1,1,1
RU_HIN_011668,SRC_000001,1,1,1,1,1
RU_HIN_011669,SRC_000003,1,1,1,1,1
RU_HIN_011670,SRC_000002,1,1,1,1,1
RU_HIN_011671,SRC_000004,1,1,1,1,1
RU_HIN_011672,SRC_000003,1,1,1,1,1
RU_HIN_011673,SRC_000005,1,1,1,1,1
RU_HIN_011674,SRC_000005,1,1,1,1,1
RU_HIN_011675,SRC_000002,0,0,0,0,0
RU_HIN_011676,SRC_000004,1,1,1,1,1
RU_HIN_011677,SRC_000002,1,1,1,1,1
RU_HIN_011678,SRC_000001,1,1,1,1,1
RU_HIN_011679,SRC_000002,0,0,0,0,0
RU_HIN_011680,SRC_000003,0,0,0,0,0
RU_HIN_011681,SRC_000005,1,1,1,1,1
RU_HIN_011682,SRC_000001,0,0,0,0,0
RU_HIN_011683,SRC_000005,1,1,1,1,1
RU_HIN_011684,SRC_000001,0,0,0,0,0
RU_HIN_011685,SRC_000004,1,1,1,1,1
RU_HIN_011686,SRC_000002,1,1,1,1,1
RU_HIN_011687,SRC_000002,0,0,0,0,0
RU_HIN_011688,SRC_000003,1,1,1,1,1
RU_HIN_011689,SRC_000005,0,0,0,0,0
RU_HIN_011690,SRC_000001,0,0,0,0,0
RU_HIN_011691,SRC_000005,0,0,0,0,0
RU_HIN_011692,SRC_000003,1,1,1,1,1
RU_HIN_011693,SRC_000001,1,1,1,1,1
RU_HIN_011694,SRC_000005,1,1,1,1,1
RU_HIN_011695,SRC_000004,1,1,1,1,1
RU_HIN_011696,SRC_000004,1,1,1,1,1
RU_HIN_011697,SRC_000002,1,1,1,1,1
RU_HIN_011698,SRC_000003,1,1,1,1,1
RU_HIN_011699,SRC_000004,1,1,1,1,1
RU_HIN_011700,SRC_000005,1,1,1,1,1
RU_HIN_011701,SRC_000003,1,1,1,1,1
RU_HIN_011702,SRC_000005,1,1,1,1,1
RU_HIN_011703,SRC_000002,1,1,1,1,1
RU_HIN_011704,SRC_000001,0,0,0,0,0
RU_HIN_011705,SRC_000002,1,1,1,1,1
RU_HIN_011706,SRC_000005,1,1,1,1,1
RU_HIN_011707,SRC_000004,1,1,1,1,1
RU_HIN_011708,SRC_000004,0,0,0,0,0
RU_HIN_011709,SRC_000003,1,1,1,1,1
RU_HIN_011710,SRC_000003,1,1,1,1,1
RU_HIN_011711,SRC_000005,1,1,1,1,1
RU_HIN_011712,SRC_000003,0,0,0,0,0
RU_HIN_011713,SRC_000003,1,1,1,1,1
RU_HIN_011714,SRC_000003,1,1,1,1,1
RU_HIN_011715,SRC_000003,1,1,1,1,1
RU_HIN_011716,SRC_000002,1,1,1,1,1
RU_HIN_011717,SRC_000005,1,1,1,1,1
RU_HIN_011718,SRC_000002,1,1,1,1,1
RU_HIN_011719,SRC_000003,1,1,1,1,1
RU_HIN_011720,SRC_000002,1,1,1,1,1
RU_HIN_011721,SRC_000004,1,1,1,1,1
RU_HIN_011722,SRC_000002,1,1,1,1,1
RU_HIN_011723,SRC_000001,1,1,1,1,1
RU_HIN_011724,SRC_000004,0,0,0,0,0
RU_HIN_011725,SRC_000003,0,0,0,0,0
RU_HIN_011726,SRC_000003,1,1,1,1,1
RU_HIN_011727,SRC_000001,0,0,0,0,0
RU_HIN_011728,SRC_000004,1,1,1,1,1
RU_HIN_011729,SRC_000004,1,1,1,1,1
RU_HIN_011730,SRC_000005,1,1,1,1,1
RU_HIN_011731,SRC_000001,1,1,1,1,1
RU_HIN_011732,SRC_000001,1,1,1,1,1
RU_HIN_011733,SRC_000005,1,1,1,1,1
RU_HIN_011734,SRC_000002,0,0,0,0,0
RU_HIN_011735,SRC_000005,1,1,1,1,1
RU_HIN_011736,SRC_000005,1,1,1,1,1
RU_HIN_011737,SRC_000005,1,1,1,1,1
RU_HIN_011738,SRC_000002,0,0,0,0,0
RU_HIN_011739,SRC_000001,1,1,1,1,1
RU_HIN_011740,SRC_000003,1,1,1,1,1
RU_HIN_011741,SRC_000005,1,1,1,1,1
RU_HIN_011742,SRC_000001,1,1,1,1,1
RU_HIN_011743,SRC_000005,0,0,0,0,0
RU_HIN_011744,SRC_000001,1,1,1,1,1
RU_HIN_011745,SRC_000002,0,0,0,0,0
RU_HIN_011746,SRC_000003,1,1,1,1,1
RU_HIN_011747,SRC_000002,1,1,1,1,1
RU_HIN_011748,SRC_000005,0,0,0,0,0
RU_HIN_011749,SRC_000004,0,0,0,0,0
RU_HIN_011750,SRC_000005,1,0,1,1,1
RU_HIN_011751,SRC_000002,1,1,1,1,1
RU_HIN_011752,SRC_000001,1,1,1,1,1
RU_HIN_011753,SRC_000004,0,0,0,0,0
RU_HIN_011754,SRC_000002,1,1,1,1,1
RU_HIN_011755,SRC_000004,1,1,1,1,1
RU_HIN_011756,SRC_000003,1,1,1,1,1
RU_HIN_011757,SRC_000002,1,1,1,1,1
RU_HIN_011758,SRC_000002,1,1,1,1,1
RU_HIN_011759,SRC_000001,1,1,1,1,1
RU_HIN_011760,SRC_000001,1,1,1,1,1
RU_HIN_011761,SRC_000004,0,0,0,0,0
RU_HIN_011762,SRC_000003,1,1,1,1,1
RU_HIN_011763,SRC_000005,1,1,1,1,1
RU_HIN_011764,SRC_000005,1,1,1,1,1
RU_HIN_011765,SRC_000005,1,1,1,1,1
RU_HIN_011766,SRC_000003,0,0,0,0,0
RU_HIN_011767,SRC_000001,1,1,1,1,1
RU_HIN_011768,SRC_000005,0,0,0,0,0
RU_HIN_011769,SRC_000003,1,1,1,1,1
RU_HIN_011770,SRC_000003,1,1,1,1,1
RU_HIN_011771,SRC_000002,1,1,1,1,1
RU_HIN_011772,SRC_000003,0,0,0,0,0
RU_HIN_011773,SRC_000002,0,0,0,0,0
RU_HIN_011774,SRC_000005,1,1,1,1,1
RU_HIN_011775,SRC_000004,0,0,0,0,0
RU_HIN_011776,SRC_000004,1,1,1,1,1
RU_HIN_011777,SRC_000004,0,0,0,0,0
RU_HIN_011778,SRC_000001,0,0,0,0,0
RU_HIN_011779,SRC_000001,1,1,1,1,1
RU_HIN_011780,SRC_000003,1,1,1,1,1
RU_HIN_011781,SRC_000005,0,0,0,0,0
RU_HIN_011782,SRC_000004,1,1,1,1,1
RU_HIN_011783,SRC_000001,1,1,1,1,1
RU_HIN_011784,SRC_000005,1,1,1,1,1
RU_HIN_011785,SRC_000001,0,0,0,0,0
RU_HIN_011786,SRC_000004,0,0,0,0,0
RU_HIN_011787,SRC_000004,0,0,0,0,0
RU_HIN_011788,SRC_000001,1,1,1,1,1
RU_HIN_011789,SRC_000002,0,0,0,0,0
RU_HIN_011790,SRC_000003,1,1,1,1,1
RU_HIN_011791,SRC_000002,1,1,1,1,1
RU_HIN_011792,SRC_000005,1,1,1,1,1
RU_HIN_011793,SRC_000005,1,1,1,1,1
RU_HIN_011794,SRC_000004,1,1,1,1,1
RU_HIN_011795,SRC_000002,1,1,1,1,1
RU_HIN_011796,SRC_000003,0,0,0,0,0
RU_HIN_011797,SRC_000003,1,1,1,1,1
RU_HIN_011798,SRC_000003,1,1,1,1,1
RU_HIN_011799,SRC_000004,1,1,1,1,1
RU_HIN_011800,SRC_000005,1,1,1,1,1
RU_HIN_011801,SRC_000004,1,1,1,1,1
RU_HIN_011802,SRC_000004,0,0,0,0,0
RU_HIN_011803,SRC_000005,1,1,1,1,1
RU_HIN_011804,SRC_000005,0,0,0,0,0
RU_HIN_011805,SRC_000005,0,0,0,0,0
RU_HIN_011806,SRC_000005,1,1,1,1,1
RU_HIN_011807,SRC_000001,1,1,1,1,1
RU_HIN_011808,SRC_000003,1,1,1,1,1
RU_HIN_011809,SRC_000003,0,0,0,0,0
RU_HIN_011810,SRC_000001,1,1,1,1,1
RU_HIN_011811,SRC_000003,1,1,1,1,1
RU_HIN_011812,SRC_000005,1,1,1,1,1
RU_HIN_011813,SRC_000005,1,1,1,1,1
RU_HIN_011814,SRC_000001,0,0,0,0,0
RU_HIN_011815,SRC_000003,1,1,1,1,1
RU_HIN_011816,SRC_000001,1,0,1,1,1
RU_HIN_011817,SRC_000005,1,1,1,1,1
RU_HIN_011818,SRC_000003,1,1,1,1,1
RU_HIN_011819,SRC_000001,1,1,1,1,1
RU_HIN_011820,SRC_000003,1,1,1,1,1
RU_HIN_011821,SRC_000001,1,1,1,1,1
RU_HIN_011822,SRC_000001,1,1,1,1,1
RU_HIN_011823,SRC_000004,0,0,0,0,0
RU_HIN_011824,SRC_000001,1,1,1,1,1
RU_HIN_011825,SRC_000003,1,1,1,1,1
RU_HIN_011826,SRC_000005,1,1,1,1,1
RU_HIN_011827,SRC_000002,1,1,1,1,1
RU_HIN_011828,SRC_000003,1,1,1,1,1
RU_HIN_011829,SRC_000002,0,0,0,0,0
RU_HIN_011830,SRC_000005,0,0,0,0,0
RU_HIN_011831,SRC_000005,1,1,1,1,1
RU_HIN_011832,SRC_000003,1,1,1,1,1
RU_HIN_011833,SRC_000003,1,1,1,1,1
RU_HIN_011834,SRC_000001,0,0,0,0,0
RU_HIN_011835,SRC_000001,1,1,1,1,1
RU_HIN_011836,SRC_000002,1,1,1,1,1
RU_HIN_011837,SRC_000005,0,0,0,0,0
RU_HIN_011838,SRC_000001,0,0,0,0,0
RU_HIN_011839,SRC_000001,1,1,1,1,1
RU_HIN_011840,SRC_000004,0,0,0,0,0
RU_HIN_011841,SRC_000003,1,1,1,1,1
RU_HIN_011842,SRC_000002,1,1,1,1,1
RU_HIN_011843,SRC_000004,1,1,1,1,1
RU_HIN_011844,SRC_000005,0,0,0,0,0
RU_HIN_011845,SRC_000005,1,1,1,1,1
RU_HIN_011846,SRC_000005,1,1,1,1,1
RU_HIN_011847,SRC_000001,1,1,1,1,1
RU_HIN_011848,SRC_000001,1,1,1,1,1
RU_HIN_011849,SRC_000005,1,1,1,1,1
RU_HIN_011850,SRC_000004,1,0,1,1,1
RU_HIN_011851,SRC_000003,0,0,0,0,0
RU_HIN_011852,SRC_000005,0,0,0,0,0
RU_HIN_011853,SRC_000001,1,1,1,1,1
RU_HIN_011854,SRC_000005,1,1,1,1,1
RU_HIN_011855,SRC_000004,1,1,1,1,1
RU_HIN_011856,SRC_000004,0,0,0,0,0
RU_HIN_011857,SRC_000005,1,1,1,1,1
RU_HIN_011858,SRC_000003,0,0,0,0,0
RU_HIN_011859,SRC_000004,1,1,1,1,1
RU_HIN_011860,SRC_000004,1,1,1,1,1
RU_HIN_011861,SRC_000005,1,1,1,1,1
RU_HIN_011862,SRC_000003,1,1,1,1,1
RU_HIN_011863,SRC_000002,1,1,1,1,1
RU_HIN_011864,SRC_000003,1,1,1,1,1
RU_HIN_011865,SRC_000003,0,0,0,0,0
RU_HIN_011866,SRC_000002,1,1,1,1,1
RU_HIN_011867,SRC_000001,1,1,1,1,1
RU_HIN_011868,SRC_000001,1,1,1,1,1
RU_HIN_011869,SRC_000002,1,1,1,1,1
RU_HIN_011870,SRC_000001,1,1,1,1,1
RU_HIN_011871,SRC_000002,1,1,1,1,1
RU_HIN_011872,SRC_000002,1,1,1,1,1
RU_HIN_011873,SRC_000004,1,1,1,1,1
RU_HIN_011874,SRC_000002,1,1,1,1,1
RU_HIN_011875,SRC_000005,1,1,1,1,1
RU_HIN_011876,SRC_000003,1,1,1,1,1
RU_HIN_011877,SRC_000001,1,1,1,1,1
RU_HIN_011878,SRC_000001,1,1,1,1,1
RU_HIN_011879,SRC_000005,1,1,1,1,1
RU_HIN_011880,SRC_000004,1,1,1,1,1
RU_HIN_011881,SRC_000001,0,0,0,0,0
RU_HIN_011882,SRC_000002,1,1,1,1,1
RU_HIN_011883,SRC_000003,1,1,1,1,1
RU_HIN_011884,SRC_000002,1,1,1,1,1
RU_HIN_011885,SRC_000004,1,1,1,1,1
RU_HIN_011886,SRC_000001,0,0,0,0,0
RU_HIN_011887,SRC_000004,0,0,0,0,0
RU_HIN_011888,SRC_000005,1,1,1,1,1
RU_HIN_011889,SRC_000002,1,1,1,1,1
RU_HIN_011890,SRC_000001,0,0,0,0,0
RU_HIN_011891,SRC_000005,1,1,1,1,1
RU_HIN_011892,SRC_000003,1,1,1,1,1
RU_HIN_011893,SRC_000002,1,1,1,1,1
RU_HIN_011894,SRC_000005,1,1,1,1,1
RU_HIN_011895,SRC_000004,1,1,1,1,1
RU_HIN_011896,SRC_000001,1,1,1,1,1
RU_HIN_011897,SRC_000003,1,1,1,1,1
RU_HIN_011898,SRC_000003,0,0,0,0,0
RU_HIN_011899,SRC_000003,1,1,1,1,1
RU_HIN_011900,SRC_000004,1,1,1,1,1
RU_HIN_011901,SRC_000002,1,1,1,1,1
RU_HIN_011902,SRC_000001,1,1,1,1,1
RU_HIN_011903,SRC_000005,1,1,1,1,1
RU_HIN_011904,SRC_000002,1,1,1,1,1
RU_HIN_011905,SRC_000005,1,1,1,1,1
RU_HIN_011906,SRC_000004,1,1,1,1,1
RU_HIN_011907,SRC_000001,1,1,1,1,1
RU_HIN_011908,SRC_000003,1,1,1,1,1
RU_HIN_011909,SRC_000001,1,1,1,1,1
RU_HIN_011910,SRC_000001,1,1,1,1,1
RU_HIN_011911,SRC_000002,1,1,1,1,1
RU_HIN_011912,SRC_000002,1,1,1,1,1
RU_HIN_011913,SRC_000003,1,1,1,1,1
RU_HIN_011914,SRC_000003,1,1,1,1,1
RU_HIN_011915,SRC_000003,1,1,1,1,1
RU_HIN_011916,SRC_000004,0,0,0,0,0
RU_HIN_011917,SRC_000002,1,0,1,1,1
RU_HIN_011918,SRC_000002,1,1,1,1,1
RU_HIN_011919,SRC_000003,1,1,1,1,1
RU_HIN_011920,SRC_000005,1,1,1,1,1
RU_HIN_011921,SRC_000004,1,1,1,1,1
RU_HIN_011922,SRC_000004,0,0,0,0,0
RU_HIN_011923,SRC_000003,1,1,1,1,1
RU_HIN_011924,SRC_000003,0,0,0,0,0
RU_HIN_011925,SRC_000005,1,1,1,1,1
RU_HIN_011926,SRC_000004,1,1,1,1,1
RU_HIN_011927,SRC_000003,0,0,0,0,0
RU_HIN_011928,SRC_000001,1,1,1,1,1
RU_HIN_011929,SRC_000002,1,1,1,1,1
RU_HIN_011930,SRC_000005,1,1,1,1,1
RU_HIN_011931,SRC_000003,0,0,0,0,0
RU_HIN_011932,SRC_000002,1,1,1,1,1
RU_HIN_011933,SRC_000004,1,1,1,1,1
RU_HIN_011934,SRC_000004,1,1,1,1,1
RU_HIN_011935,SRC_000001,1,1,1,1,1
RU_HIN_011936,SRC_000002,1,1,1,1,1
RU_HIN_011937,SRC_000004,0,0,0,0,0
RU_HIN_011938,SRC_000002,1,1,1,1,1
RU_HIN_011939,SRC_000002,1,1,1,1,1
RU_HIN_011940,SRC_000005,1,1,1,1,1
RU_HIN_011941,SRC_000003,1,1,1,1,1
RU_HIN_011942,SRC_000005,0,0,0,0,0
RU_HIN_011943,SRC_000003,0,0,0,0,0
RU_HIN_011944,SRC_000004,1,1,1,1,1
RU_HIN_011945,SRC_000004,1,0,1,1,1
RU_HIN_011946,SRC_000002,1,1,1,1,1
RU_HIN_011947,SRC_000001,0,0,0,0,0
RU_HIN_011948,SRC_000002,1,1,1,1,1
RU_HIN_011949,SRC_000001,1,1,1,1,1
RU_HIN_011950,SRC_000004,0,0,0,0,0
RU_HIN_011951,SRC_000005,1,1,1,1,1
RU_HIN_011952,SRC_000003,1,1,1,1,1
RU_HIN_011953,SRC_000003,0,0,0,0,0
RU_HIN_011954,SRC_000001,0,0,0,0,0
RU_HIN_011955,SRC_000001,1,1,1,1,1
RU_HIN_011956,SRC_000002,1,1,1,1,1
RU_HIN_011957,SRC_000002,0,0,0,0,0
RU_HIN_011958,SRC_000005,1,1,1,1,1
RU_HIN_011959,SRC_000003,1,1,1,1,1
RU_HIN_011960,SRC_000004,1,1,1,1,1
RU_HIN_011961,SRC_000002,1,1,1,1,1
RU_HIN_011962,SRC_000004,1,1,1,1,1
RU_HIN_011963,SRC_000003,0,0,0,0,0
RU_HIN_011964,SRC_000004,0,0,0,0,0
RU_HIN_011965,SRC_000005,0,0,0,0,0
RU_HIN_011966,SRC_000001,1,1,1,1,1
RU_HIN_011967,SRC_000002,1,1,1,1,1
RU_HIN_011968,SRC_000002,1,1,1,1,1
RU_HIN_011969,SRC_000003,1,1,1,1,1
RU_HIN_011970,SRC_000002,1,1,1,1,1
RU_HIN_011971,SRC_000001,1,1,1,1,1
RU_HIN_011972,SRC_000002,1,1,1,1,1
RU_HIN_011973,SRC_000003,1,1,1,1,1
RU_HIN_011974,SRC_000004,1,1,1,1,1
RU_HIN_011975,SRC_000004,0,0,0,0,0
RU_HIN_011976,SRC_000004,1,1,1,1,1
RU_HIN_011977,SRC_000005,0,0,0,0,0
RU_HIN_011978,SRC_000004,1,1,1,1,1
RU_HIN_011979,SRC_000003,1,1,1,1,1
RU_HIN_011980,SRC_000005,1,1,1,1,1
RU_HIN_011981,SRC_000005,1,0,1,1,1
RU_HIN_011982,SRC_000001,1,1,1,1,1
RU_HIN_011983,SRC_000004,1,1,1,1,1
RU_HIN_011984,SRC_000001,1,1,1,1,1
RU_HIN_011985,SRC_000003,1,1,1,1,1
RU_HIN_011986,SRC_000004,0,0,0,0,0
RU_HIN_011987,SRC_000003,1,1,1,1,1
RU_HIN_011988,SRC_000002,0,0,0,0,0
RU_HIN_011989,SRC_000005,1,1,1,1,1
RU_HIN_011990,SRC_000004,1,1,1,1,1
RU_HIN_011991,SRC_000001,1,1,1,1,1
RU_HIN_011992,SRC_000004,0,0,0,0,0
RU_HIN_011993,SRC_000005,0,0,0,0,0
RU_HIN_011994,SRC_000005,1,1,1,1,1
RU_HIN_011995,SRC_000002,1,1,1,1,1
RU_HIN_011996,SRC_000004,1,1,1,1,1
RU_HIN_011997,SRC_000001,0,0,0,0,0
RU_HIN_011998,SRC_000003,1,1,1,1,1
RU_HIN_011999,SRC_000004,1,1,1,1,1
RU_HIN_012000,SRC_000005,1,1,1,1,1
RU_HIN_012001,SRC_000001,1,1,1,1,1
RU_HIN_012002,SRC_000001,1,1,1,1,1
RU_HIN_012003,SRC_000004,1,1,1,1,1
RU_HIN_012004,SRC_000005,1,1,1,1,1
RU_HIN_012005,SRC_000003,0,0,0,0,0
RU_HIN_012006,SRC_000001,1,1,1,1,1
RU_HIN_012007,SRC_000001,1,1,1,1,1
RU_HIN_012008,SRC_000004,1,1,1,1,1
RU_HIN_012009,SRC_000002,1,1,1,1,1
RU_HIN_012010,SRC_000004,1,1,1,1,1
RU_HIN_012011,SRC_000002,1,1,1,1,1
RU_HIN_012012,SRC_000003,1,1,1,1,1
RU_HIN_012013,SRC_000003,1,1,1,1,1
RU_HIN_012014,SRC_000003,1,1,1,1,1
RU_HIN_012015,SRC_000002,1,1,1,1,1
RU_HIN_012016,SRC_000002,0,0,0,0,0
RU_HIN_012017,SRC_000005,1,1,1,1,1
RU_HIN_012018,SRC_000002,1,1,1,1,1
RU_HIN_012019,SRC_000001,0,0,0,0,0
RU_HIN_012020,SRC_000005,1,1,1,1,1
RU_HIN_012021,SRC_000005,1,1,1,1,1
RU_HIN_012022,SRC_000003,0,0,0,0,0
RU_HIN_012023,SRC_000005,1,1,1,1,1
RU_HIN_012024,SRC_000002,1,1,1,1,1
RU_HIN_012025,SRC_000002,1,1,1,1,1
RU_HIN_012026,SRC_000005,1,1,1,1,1
RU_HIN_012027,SRC_000004,1,1,1,1,1
RU_HIN_012028,SRC_000002,1,1,1,1,1
RU_HIN_012029,SRC_000001,1,1,1,1,1
RU_HIN_012030,SRC_000001,0,0,0,0,0
RU_HIN_012031,SRC_000004,0,0,0,0,0
RU_HIN_012032,SRC_000004,0,0,0,0,0
RU_HIN_012033,SRC_000002,0,0,0,0,0
RU_HIN_012034,SRC_000005,1,1,1,1,1
RU_HIN_012035,SRC_000002,1,1,1,1,1
RU_HIN_012036,SRC_000001,1,1,1,1,1
RU_HIN_012037,SRC_000005,1,1,1,1,1
RU_HIN_012038,SRC_000005,1,1,1,1,1
RU_HIN_012039,SRC_000003,0,0,0,0,0
RU_HIN_012040,SRC_000004,1,1,1,1,1
RU_HIN_012041,SRC_000004,1,1,1,1,1
RU_HIN_012042,SRC_000003,1,1,1,1,1
RU_HIN_012043,SRC_000002,1,1,1,1,1
RU_HIN_012044,SRC_000002,1,1,1,1,1
RU_HIN_012045,SRC_000005,1,1,1,1,1
RU_HIN_012046,SRC_000003,1,1,1,1,1
RU_HIN_012047,SRC_000002,1,1,1,1,1
RU_HIN_012048,SRC_000004,1,1,1,1,1
RU_HIN_012049,SRC_000001,1,1,1,1,1
RU_HIN_012050,SRC_000003,1,1,1,1,1
RU_HIN_012051,SRC_000005,1,1,1,1,1
RU_HIN_012052,SRC_000001,1,1,1,1,1
RU_HIN_012053,SRC_000001,1,1,1,1,1
RU_HIN_012054,SRC_000001,1,1,1,1,1
RU_HIN_012055,SRC_000005,1,1,1,1,1
RU_HIN_012056,SRC_000002,0,0,0,0,0
RU_HIN_012057,SRC_000004,1,1,1,1,1
RU_HIN_012058,SRC_000004,1,1,1,1,1
RU_HIN_012059,SRC_000004,1,1,1,1,1
RU_HIN_012060,SRC_000004,1,1,1,1,1
RU_HIN_012061,SRC_000001,1,1,1,1,1
RU_HIN_012062,SRC_000004,0,0,0,0,0
RU_HIN_012063,SRC_000001,1,1,1,1,1
RU_HIN_012064,SRC_000001,1,1,1,1,1
RU_HIN_012065,SRC_000005,1,1,1,1,1
RU_HIN_012066,SRC_000003,1,1,1,1,1
RU_HIN_012067,SRC_000004,1,1,1,1,1
RU_HIN_012068,SRC_000005,1,1,1,1,1
RU_HIN_012069,SRC_000004,0,0,0,0,0
RU_HIN_012070,SRC_000002,1,1,1,1,1
RU_HIN_012071,SRC_000001,0,0,0,0,0
RU_HIN_012072,SRC_000005,1,1,1,1,1
RU_HIN_012073,SRC_000005,1,1,1,1,1
RU_HIN_012074,SRC_000005,1,1,1,1,1
RU_HIN_012075,SRC_000004,1,1,1,1,1
RU_HIN_012076,SRC_000003,0,0,0,0,0
RU_HIN_012077,SRC_000001,1,1,1,1,1
RU_HIN_012078,SRC_000002,0,0,0,0,0
RU_HIN_012079,SRC_000002,1,1,1,1,1
RU_HIN_012080,SRC_000001,1,1,1,1,1
RU_HIN_012081,SRC_000004,1,1,1,1,1
RU_HIN_012082,SRC_000002,1,1,1,1,1
RU_HIN_012083,SRC_000002,1,1,1,1,1
RU_HIN_012084,SRC_000001,1,1,1,1,1
RU_HIN_012085,SRC_000004,1,1,1,1,1
RU_HIN_012086,SRC_000004,0,0,1,1,0
RU_HIN_012087,SRC_000004,0,0,0,0,0
RU_HIN_012088,SRC_000004,1,1,1,1,1
RU_HIN_012089,SRC_000002,0,0,0,0,0
RU_HIN_012090,SRC_000003,1,1,1,1,1
RU_HIN_012091,SRC_000003,1,1,1,1,1
RU_HIN_012092,SRC_000002,1,1,1,1,1
RU_HIN_012093,SRC_000005,1,1,1,1,1
RU_HIN_012094,SRC_000002,1,1,1,1,1
RU_HIN_012095,SRC_000002,0,0,0,0,0
RU_HIN_012096,SRC_000002,1,1,1,1,1
RU_HIN_012097,SRC_000001,1,1,1,1,1
RU_HIN_012098,SRC_000004,1,1,1,1,1
RU_HIN_012099,SRC_000003,1,0,1,1,0
RU_HIN_012100,SRC_000005,1,1,1,1,1
RU_HIN_012101,SRC_000002,1,1,1,1,1
RU_HIN_012102,SRC_000002,1,1,1,1,1
RU_HIN_012103,SRC_000004,1,1,1,1,1
RU_HIN_012104,SRC_000002,0,0,0,0,0
RU_HIN_012105,SRC_000001,1,1,1,1,1
RU_HIN_012106,SRC_000002,1,1,1,1,1
RU_HIN_012107,SRC_000003,1,1,1,1,1
RU_HIN_012108,SRC_000001,1,1,1,1,1
RU_HIN_012109,SRC_000004,1,1,1,1,1
RU_HIN_012110,SRC_000003,1,1,1,1,1
RU_HIN_012111,SRC_000001,1,1,1,1,1
RU_HIN_012112,SRC_000001,1,1,1,1,1
RU_HIN_012113,SRC_000004,1,1,1,1,1
RU_HIN_012114,SRC_000002,1,1,1,1,1
RU_HIN_012115,SRC_000001,0,0,0,0,0
RU_HIN_012116,SRC_000003,0,0,0,0,0
RU_HIN_012117,SRC_000001,1,1,1,1,1
RU_HIN_012118,SRC_000001,1,1,1,1,1
RU_HIN_012119,SRC_000002,1,1,1,1,1
RU_HIN_012120,SRC_000005,1,1,1,1,1
RU_HIN_012121,SRC_000003,1,1,1,1,1
RU_HIN_012122,SRC_000003,1,1,1,1,1
RU_HIN_012123,SRC_000004,1,1,1,1,1
RU_HIN_012124,SRC_000001,1,1,1,1,1
RU_HIN_012125,SRC_000005,1,1,1,1,1
RU_HIN_012126,SRC_000005,0,0,0,0,0
RU_HIN_012127,SRC_000005,0,0,0,0,0
RU_HIN_012128,SRC_000005,1,1,1,1,1
RU_HIN_012129,SRC_000003,1,1,1,1,1
RU_HIN_012130,SRC_000002,1,0,1,1,1
RU_HIN_012131,SRC_000002,1,1,1,1,1
RU_HIN_012132,SRC_000001,1,1,1,1,1
RU_HIN_012133,SRC_000003,0,0,0,0,0
RU_HIN_012134,SRC_000002,1,1,1,1,1
RU_HIN_012135,SRC_000004,1,1,1,1,1
RU_HIN_012136,SRC_000003,1,1,1,1,1
RU_HIN_012137,SRC_000001,1,1,1,1,1
RU_HIN_012138,SRC_000002,1,1,1,1,1
RU_HIN_012139,SRC_000001,1,1,1,1,1
RU_HIN_012140,SRC_000001,1,1,1,1,1
RU_HIN_012141,SRC_000001,1,1,1,1,1
RU_HIN_012142,SRC_000004,1,1,1,1,1
RU_HIN_012143,SRC_000005,0,0,0,0,0
RU_HIN_012144,SRC_000002,1,1,1,1,1
RU_HIN_012145,SRC_000005,1,1,1,1,1
RU_HIN_012146,SRC_000003,0,0,0,0,0
RU_HIN_012147,SRC_000003,1,1,1,1,1
RU_HIN_012148,SRC_000004,1,1,1,1,1
RU_HIN_012149,SRC_000002,1,0,1,1,1
RU_HIN_012150,SRC_000001,0,0,1,1,0
RU_HIN_012151,SRC_000004,1,0,1,1,0
RU_HIN_012152,SRC_000005,0,0,0,0,0
RU_HIN_012153,SRC_000002,1,1,1,1,1
RU_HIN_012154,SRC_000004,1,1,1,1,1
RU_HIN_012155,SRC_000005,1,1,1,1,1
RU_HIN_012156,SRC_000001,1,1,1,1,1
RU_HIN_012157,SRC_000003,0,0,0,0,0
RU_HIN_012158,SRC_000004,0,0,0,0,0
RU_HIN_012159,SRC_000004,0,0,0,0,0
RU_HIN_012160,SRC_000004,1,1,1,1,1
RU_HIN_012161,SRC_000003,1,1,1,1,1
RU_HIN_012162,SRC_000004,1,1,1,1,1
RU_HIN_012163,SRC_000001,0,0,0,0,0
RU_HIN_012164,SRC_000001,1,1,1,1,1
RU_HIN_012165,SRC_000005,1,1,1,1,1
RU_HIN_012166,SRC_000004,1,1,1,1,1
RU_HIN_012167,SRC_000002,1,1,1,1,1
RU_HIN_012168,SRC_000003,1,1,1,1,1
RU_HIN_012169,SRC_000002,1,1,1,1,1
RU_HIN_012170,SRC_000005,1,1,1,1,1
RU_HIN_012171,SRC_000001,1,1,1,1,1
RU_HIN_012172,SRC_000005,0,0,0,0,0
RU_HIN_012173,SRC_000002,0,0,0,0,0
RU_HIN_012174,SRC_000001,1,1,1,1,1
RU_HIN_012175,SRC_000001,1,1,1,1,1
RU_HIN_012176,SRC_000002,0,0,0,0,0
RU_HIN_012177,SRC_000005,0,0,0,0,0
RU_HIN_012178,SRC_000001,1,1,1,1,1
RU_HIN_012179,SRC_000003,1,1,1,1,1
RU_HIN_012180,SRC_000005,1,1,1,1,1
RU_HIN_012181,SRC_000005,1,1,1,1,1
RU_HIN_012182,SRC_000003,1,1,1,1,1
RU_HIN_012183,SRC_000005,0,0,0,0,0
RU_HIN_012184,SRC_000003,0,0,0,0,0
RU_HIN_012185,SRC_000004,1,1,1,1,1
RU_HIN_012186,SRC_000004,1,1,1,1,1
RU_HIN_012187,SRC_000001,0,0,0,0,0
RU_HIN_012188,SRC_000002,1,1,1,1,1
RU_HIN_012189,SRC_000004,1,1,1,1,1
RU_HIN_012190,SRC_000005,1,1,1,1,1
RU_HIN_012191,SRC_000002,1,1,1,1,1
RU_HIN_012192,SRC_000004,1,1,1,1,1
RU_HIN_012193,SRC_000003,1,1,1,1,1
RU_HIN_012194,SRC_000003,1,1,1,1,1
RU_HIN_012195,SRC_000005,1,1,1,1,1
RU_HIN_012196,SRC_000002,1,1,1,1,1
RU_HIN_012197,SRC_000001,0,0,0,0,0
RU_HIN_012198,SRC_000002,1,1,1,1,1
RU_HIN_012199,SRC_000002,1,1,1,1,1
RU_HIN_012200,SRC_000005,0,0,0,0,0
RU_HIN_012201,SRC_000003,1,1,1,1,1
RU_HIN_012202,SRC_000004,1,1,1,1,1
RU_HIN_012203,SRC_000004,1,1,1,1,1
RU_HIN_012204,SRC_000002,1,1,1,1,1
RU_HIN_012205,SRC_000003,0,0,0,0,0
RU_HIN_012206,SRC_000004,1,1,1,1,1
RU_HIN_012207,SRC_000001,0,0,0,0,0
RU_HIN_012208,SRC_000003,1,1,1,1,1
RU_HIN_012209,SRC_000004,0,0,0,0,0
RU_HIN_012210,SRC_000001,1,1,1,1,1
RU_HIN_012211,SRC_000005,1,1,1,1,1
RU_HIN_012212,SRC_000004,1,1,1,1,1
RU_HIN_012213,SRC_000001,0,0,0,0,0
RU_HIN_012214,SRC_000003,1,1,1,1,1
RU_HIN_012215,SRC_000004,1,1,1,1,1
RU_HIN_012216,SRC_000005,1,1,1,1,1
RU_HIN_012217,SRC_000004,1,1,1,1,1
RU_HIN_012218,SRC_000003,1,1,1,1,1
RU_HIN_012219,SRC_000003,1,1,1,1,1
RU_HIN_012220,SRC_000002,0,0,0,0,0
RU_HIN_012221,SRC_000002,1,1,1,1,1
RU_HIN_012222,SRC_000001,1,1,1,1,1
RU_HIN_012223,SRC_000005,1,1,1,1,1
RU_HIN_012224,SRC_000002,1,1,1,1,1
RU_HIN_012225,SRC_000004,0,0,0,0,0
RU_HIN_012226,SRC_000002,1,1,1,1,1
RU_HIN_012227,SRC_000003,0,0,1,1,0
RU_HIN_012228,SRC_000002,1,1,1,1,1
RU_HIN_012229,SRC_000004,1,1,1,1,1
RU_HIN_012230,SRC_000004,1,1,1,1,1
RU_HIN_012231,SRC_000001,1,1,1,1,1
RU_HIN_012232,SRC_000005,1,1,1,1,1
RU_HIN_012233,SRC_000004,1,1,1,1,1
RU_HIN_012234,SRC_000003,1,1,1,1,1
RU_HIN_012235,SRC_000004,1,1,1,1,1
RU_HIN_012236,SRC_000002,1,1,1,1,1
RU_HIN_012237,SRC_000005,1,1,1,1,1
RU_HIN_012238,SRC_000004,1,1,1,1,1
RU_HIN_012239,SRC_000003,1,1,1,1,1
RU_HIN_012240,SRC_000005,1,1,1,1,1
RU_HIN_012241,SRC_000003,0,0,0,0,0
RU_HIN_012242,SRC_000003,0,0,0,0,0
RU_HIN_012243,SRC_000001,1,1,1,1,1
RU_HIN_012244,SRC_000004,0,0,0,0,0
RU_HIN_012245,SRC_000004,1,1,1,1,1
RU_HIN_012246,SRC_000003,0,0,0,0,0
RU_HIN_012247,SRC_000001,0,0,0,0,0
RU_HIN_012248,SRC_000004,1,1,1,1,1
RU_HIN_012249,SRC_000002,0,0,0,0,0
RU_HIN_012250,SRC_000002,0,0,0,0,0
RU_HIN_012251,SRC_000001,1,1,1,1,1
RU_HIN_012252,SRC_000003,1,1,1,1,1
RU_HIN_012253,SRC_000001,0,0,0,0,0
RU_HIN_012254,SRC_000005,1,1,1,1,1
RU_HIN_012255,SRC_000005,0,0,0,0,0
RU_HIN_012256,SRC_000005,1,1,1,1,1
RU_HIN_012257,SRC_000004,0,0,0,0,0
RU_HIN_012258,SRC_000004,0,0,0,0,0
RU_HIN_012259,SRC_000005,1,1,1,1,1
RU_HIN_012260,SRC_000001,1,1,1,1,1
RU_HIN_012261,SRC_000004,1,1,1,1,1
RU_HIN_012262,SRC_000004,1,1,1,1,1
RU_HIN_012263,SRC_000005,1,0,1,1,1
RU_HIN_012264,SRC_000003,1,1,1,1,1
RU_HIN_012265,SRC_000001,1,1,1,1,1
RU_HIN_012266,SRC_000001,1,1,1,1,1
RU_HIN_012267,SRC_000002,0,0,0,0,0
RU_HIN_012268,SRC_000001,0,0,0,0,0
RU_HIN_012269,SRC_000004,1,1,1,1,1
RU_HIN_012270,SRC_000004,1,1,1,1,1
RU_HIN_012271,SRC_000002,1,1,1,1,1
RU_HIN_012272,SRC_000002,1,1,1,1,1
RU_HIN_012273,SRC_000004,1,1,1,1,1
RU_HIN_012274,SRC_000003,1,1,1,1,1
RU_HIN_012275,SRC_000004,1,1,1,1,1
RU_HIN_012276,SRC_000002,0,0,1,1,0
RU_HIN_012277,SRC_000003,1,1,1,1,1
RU_HIN_012278,SRC_000002,1,1,1,1,1
RU_HIN_012279,SRC_000001,1,1,1,1,1
RU_HIN_012280,SRC_000005,1,1,1,1,1
RU_HIN_012281,SRC_000004,0,0,0,0,0
RU_HIN_012282,SRC_000004,1,1,1,1,1
RU_HIN_012283,SRC_000002,1,1,1,1,1
RU_HIN_012284,SRC_000002,1,1,1,1,1
RU_HIN_012285,SRC_000002,1,1,1,1,1
RU_HIN_012286,SRC_000001,0,0,0,0,0
RU_HIN_012287,SRC_000005,1,1,1,1,1
RU_HIN_012288,SRC_000001,1,1,1,1,1
RU_HIN_012289,SRC_000003,1,1,1,1,1
RU_HIN_012290,SRC_000001,1,1,1,1,1
RU_HIN_012291,SRC_000003,0,0,0,0,0
RU_HIN_012292,SRC_000003,1,0,1,1,1
RU_HIN_012293,SRC_000001,0,0,0,0,0
RU_HIN_012294,SRC_000004,1,1,1,1,1
RU_HIN_012295,SRC_000002,1,1,1,1,1
RU_HIN_012296,SRC_000004,1,1,1,1,1
RU_HIN_012297,SRC_000002,1,1,1,1,1
RU_HIN_012298,SRC_000004,1,1,1,1,1
RU_HIN_012299,SRC_000001,0,0,0,0,0
RU_HIN_012300,SRC_000002,0,0,1,1,0
RU_HIN_012301,SRC_000003,1,1,1,1,1
RU_HIN_012302,SRC_000002,0,0,0,0,0
RU_HIN_012303,SRC_000005,1,1,1,1,1
RU_HIN_012304,SRC_000003,1,1,1,1,1
RU_HIN_012305,SRC_000005,1,1,1,1,1
RU_HIN_012306,SRC_000002,1,1,1,1,1
RU_HIN_012307,SRC_000003,0,0,0,0,0
RU_HIN_012308,SRC_000005,1,1,1,1,1
RU_HIN_012309,SRC_000005,1,1,1,1,1
RU_HIN_012310,SRC_000004,1,1,1,1,1
RU_HIN_012311,SRC_000004,0,0,0,0,0
RU_HIN_012312,SRC_000003,0,0,0,0,0
RU_HIN_012313,SRC_000004,1,1,1,1,1
RU_HIN_012314,SRC_000001,0,0,0,0,0
RU_HIN_012315,SRC_000004,0,0,0,0,0
RU_HIN_012316,SRC_000001,1,1,1,1,1
RU_HIN_012317,SRC_000004,1,1,1,1,1
RU_HIN_012318,SRC_000005,0,0,1,1,0
RU_HIN_012319,SRC_000003,1,1,1,1,1
RU_HIN_012320,SRC_000005,1,1,1,1,1
RU_HIN_012321,SRC_000005,1,1,1,1,1
RU_HIN_012322,SRC_000002,0,0,0,0,0
RU_HIN_012323,SRC_000001,1,1,1,1,1
RU_HIN_012324,SRC_000004,1,1,1,1,1
RU_HIN_012325,SRC_000002,0,0,0,0,0
RU_HIN_012326,SRC_000005,1,1,1,1,1
RU_HIN_012327,SRC_000004,0,0,0,0,0
RU_HIN_012328,SRC_000001,1,1,1,1,1
RU_HIN_012329,SRC_000001,0,0,0,0,0
RU_HIN_012330,SRC_000002,1,1,1,1,1
RU_HIN_012331,SRC_000004,1,1,1,1,1
RU_HIN_012332,SRC_000002,0,0,0,0,0
RU_HIN_012333,SRC_000001,1,1,1,1,1
RU_HIN_012334,SRC_000005,1,1,1,1,1
RU_HIN_012335,SRC_000002,0,0,0,0,0
RU_HIN_012336,SRC_000005,1,1,1,1,1
RU_HIN_012337,SRC_000001,1,1,1,1,1
RU_HIN_012338,SRC_000004,1,1,1,1,1
RU_HIN_012339,SRC_000001,1,1,1,1,1
RU_HIN_012340,SRC_000004,0,0,0,0,0
RU_HIN_012341,SRC_000001,1,1,1,1,1
RU_HIN_012342,SRC_000004,1,1,1,1,1
RU_HIN_012343,SRC_000004,1,1,1,1,1
RU_HIN_012344,SRC_000004,1,1,1,1,1
RU_HIN_012345,SRC_000003,1,1,1,1,1
RU_HIN_012346,SRC_000001,0,0,0,0,0
RU_HIN_012347,SRC_000002,1,1,1,1,1
RU_HIN_012348,SRC_000002,0,0,0,0,0
RU_HIN_012349,SRC_000003,0,0,0,0,0
RU_HIN_012350,SRC_000004,1,1,1,1,1
RU_HIN_012351,SRC_000005,1,1,1,1,1
RU_HIN_012352,SRC_000001,0,0,0,0,0
RU_HIN_012353,SRC_000002,1,1,1,1,1
RU_HIN_012354,SRC_000004,1,1,1,1,1
RU_HIN_012355,SRC_000005,1,1,1,1,1
RU_HIN_012356,SRC_000003,0,0,0,0,0
RU_HIN_012357,SRC_000002,1,1,1,1,1
RU_HIN_012358,SRC_000002,1,1,1,1,1
RU_HIN_012359,SRC_000001,1,1,1,1,1
RU_HIN_012360,SRC_000004,1,1,1,1,1
RU_HIN_012361,SRC_000001,1,1,1,1,1
RU_HIN_012362,SRC_000001,1,1,1,1,1
RU_HIN_012363,SRC_000002,1,1,1,1,1
RU_HIN_012364,SRC_000005,1,1,1,1,1
RU_HIN_012365,SRC_000005,1,1,1,1,1
RU_HIN_012366,SRC_000002,1,0,1,1,0
RU_HIN_012367,SRC_000002,1,0,1,1,1
RU_HIN_012368,SRC_000003,1,1,1,1,1
RU_HIN_012369,SRC_000003,0,0,0,0,0
RU_HIN_012370,SRC_000003,0,0,0,0,0
RU_HIN_012371,SRC_000005,1,1,1,1,1
RU_HIN_012372,SRC_000004,1,1,1,1,1
RU_HIN_012373,SRC_000003,1,1,1,1,1
RU_HIN_012374,SRC_000001,1,1,1,1,1
RU_HIN_012375,SRC_000005,1,1,1,1,1
RU_HIN_012376,SRC_000005,1,1,1,1,1
RU_HIN_012377,SRC_000004,1,1,1,1,1
RU_HIN_012378,SRC_000001,1,1,1,1,1
RU_HIN_012379,SRC_000002,1,1,1,1,1
RU_HIN_012380,SRC_000004,1,1,1,1,1
RU_HIN_012381,SRC_000003,0,0,0,0,0
RU_HIN_012382,SRC_000001,1,1,1,1,1
RU_HIN_012383,SRC_000001,1,1,1,1,1
RU_HIN_012384,SRC_000004,1,1,1,1,1
RU_HIN_012385,SRC_000001,1,1,1,1,1
RU_HIN_012386,SRC_000001,1,0,1,1,1
RU_HIN_012387,SRC_000004,1,1,1,1,1
RU_HIN_012388,SRC_000001,1,1,1,1,1
RU_HIN_012389,SRC_000005,1,1,1,1,1
RU_HIN_012390,SRC_000001,1,1,1,1,1
RU_HIN_012391,SRC_000004,1,1,1,1,1
RU_HIN_012392,SRC_000005,1,1,1,1,1
RU_HIN_012393,SRC_000001,1,1,1,1,1
RU_HIN_012394,SRC_000002,0,0,0,0,0
RU_HIN_012395,SRC_000003,1,1,1,1,1
RU_HIN_012396,SRC_000004,0,0,0,0,0
RU_HIN_012397,SRC_000003,1,1,1,1,1
RU_HIN_012398,SRC_000001,0,0,0,0,0
RU_HIN_012399,SRC_000005,1,1,1,1,1
RU_HIN_012400,SRC_000004,1,1,1,1,1
RU_HIN_012401,SRC_000003,1,1,1,1,1
RU_HIN_012402,SRC_000005,1,1,1,1,1
RU_HIN_012403,SRC_000005,1,1,1,1,1
RU_HIN_012404,SRC_000004,0,0,1,1,0
RU_HIN_012405,SRC_000004,0,0,0,0,0
RU_HIN_012406,SRC_000001,1,1,1,1,1
RU_HIN_012407,SRC_000005,0,0,0,0,0
RU_HIN_012408,SRC_000004,0,0,0,0,0
RU_HIN_012409,SRC_000001,1,1,1,1,1
RU_HIN_012410,SRC_000002,1,0,1,1,0
RU_HIN_012411,SRC_000002,1,1,1,1,1
RU_HIN_012412,SRC_000004,1,1,1,1,1
RU_HIN_012413,SRC_000005,1,1,1,1,1
RU_HIN_012414,SRC_000001,1,1,1,1,1
RU_HIN_012415,SRC_000001,0,0,0,0,0
RU_HIN_012416,SRC_000003,1,1,1,1,1
RU_HIN_012417,SRC_000001,1,1,1,1,1
RU_HIN_012418,SRC_000004,0,0,0,0,0
RU_HIN_012419,SRC_000002,1,1,1,1,1
RU_HIN_012420,SRC_000003,1,1,1,1,1
RU_HIN_012421,SRC_000005,0,0,0,0,0
RU_HIN_012422,SRC_000002,0,0,0,0,0
RU_HIN_012423,SRC_000003,0,0,0,0,0
RU_HIN_012424,SRC_000003,1,1,1,1,1
RU_HIN_012425,SRC_000005,0,0,0,0,0
RU_HIN_012426,SRC_000005,0,0,0,0,0
RU_HIN_012427,SRC_000003,1,1,1,1,1
RU_HIN_012428,SRC_000005,1,1,1,1,1
RU_HIN_012429,SRC_000005,1,1,1,1,1
RU_HIN_012430,SRC_000004,1,1,1,1,1
RU_HIN_012431,SRC_000003,0,0,0,0,0
RU_HIN_012432,SRC_000003,1,1,1,1,1
RU_HIN_012433,SRC_000004,1,1,1,1,1
RU_HIN_012434,SRC_000004,1,1,1,1,1
RU_HIN_012435,SRC_000002,1,1,1,1,1
RU_HIN_012436,SRC_000002,1,1,1,1,1
RU_HIN_012437,SRC_000001,1,1,1,1,1
RU_HIN_012438,SRC_000005,1,1,1,1,1
RU_HIN_012439,SRC_000001,1,1,1,1,1
RU_HIN_012440,SRC_000004,0,0,0,0,0
RU_HIN_012441,SRC_000002,1,1,1,1,1
RU_HIN_012442,SRC_000002,1,1,1,1,1
RU_HIN_012443,SRC_000005,1,1,1,1,1
RU_HIN_012444,SRC_000002,0,0,0,0,0
RU_HIN_012445,SRC_000005,0,0,0,0,0
RU_HIN_012446,SRC_000004,1,1,1,1,1
RU_HIN_012447,SRC_000005,1,1,1,1,1
RU_HIN_012448,SRC_000004,1,1,1,1,1
RU_HIN_012449,SRC_000004,1,1,1,1,1
RU_HIN_012450,SRC_000003,0,0,0,0,0
RU_HIN_012451,SRC_000005,1,1,1,1,1
RU_HIN_012452,SRC_000004,1,1,1,1,1
RU_HIN_012453,SRC_000004,1,1,1,1,1
RU_HIN_012454,SRC_000003,1,1,1,1,1
RU_HIN_012455,SRC_000002,1,1,1,1,1
RU_HIN_012456,SRC_000005,1,1,1,1,1
RU_HIN_012457,SRC_000004,1,1,1,1,1
RU_HIN_012458,SRC_000005,1,1,1,1,1
RU_HIN_012459,SRC_000002,1,1,1,1,1
RU_HIN_012460,SRC_000004,1,1,1,1,1
RU_HIN_012461,SRC_000001,1,1,1,1,1
RU_HIN_012462,SRC_000005,0,0,0,0,0
RU_HIN_012463,SRC_000001,0,0,0,0,0
RU_HIN_012464,SRC_000002,1,1,1,1,1
RU_HIN_012465,SRC_000001,1,1,1,1,1
RU_HIN_012466,SRC_000001,1,1,1,1,1
RU_HIN_012467,SRC_000001,0,0,0,0,0
RU_HIN_012468,SRC_000003,0,0,0,0,0
RU_HIN_012469,SRC_000003,1,1,1,1,1
RU_HIN_012470,SRC_000002,1,1,1,1,1
RU_HIN_012471,SRC_000003,1,1,1,1,1
RU_HIN_012472,SRC_000004,1,1,1,1,1
RU_HIN_012473,SRC_000002,1,1,1,1,1
RU_HIN_012474,SRC_000003,1,1,1,1,1
RU_HIN_012475,SRC_000002,1,1,1,1,1
RU_HIN_012476,SRC_000001,1,1,1,1,1
RU_HIN_012477,SRC_000004,1,1,1,1,1
RU_HIN_012478,SRC_000005,0,0,0,0,0
RU_HIN_012479,SRC_000004,1,1,1,1,1
RU_HIN_012480,SRC_000001,0,0,0,0,0
RU_HIN_012481,SRC_000003,1,1,1,1,1
RU_HIN_012482,SRC_000005,1,1,1,1,1
RU_HIN_012483,SRC_000003,1,1,1,1,1
RU_HIN_012484,SRC_000003,0,0,0,0,0
RU_HIN_012485,SRC_000001,0,0,0,0,0
RU_HIN_012486,SRC_000005,1,1,1,1,1
RU_HIN_012487,SRC_000001,1,1,1,1,1
RU_HIN_012488,SRC_000001,1,1,1,1,1
RU_HIN_012489,SRC_000004,0,0,1,1,0
RU_HIN_012490,SRC_000005,0,0,0,0,0
RU_HIN_012491,SRC_000005,1,1,1,1,1
RU_HIN_012492,SRC_000003,0,0,0,0,0
RU_HIN_012493,SRC_000002,1,1,1,1,1
RU_HIN_012494,SRC_000004,1,1,1,1,1
RU_HIN_012495,SRC_000005,1,1,1,1,1
RU_HIN_012496,SRC_000005,1,1,1,1,1
RU_HIN_012497,SRC_000005,0,0,0,0,0
RU_HIN_012498,SRC_000001,1,1,1,1,1
RU_HIN_012499,SRC_000005,0,0,0,0,0
RU_HIN_012500,SRC_000003,1,1,1,1,1
RU_HIN_012501,SRC_000004,1,1,1,1,1
RU_HIN_012502,SRC_000004,0,0,0,0,0
RU_HIN_012503,SRC_000004,1,1,1,1,1
RU_HIN_012504,SRC_000002,1,1,1,1,1
RU_HIN_012505,SRC_000002,1,1,1,1,1
RU_HIN_012506,SRC_000003,1,1,1,1,1
RU_HIN_012507,SRC_000003,1,1,1,1,1
RU_HIN_012508,SRC_000001,1,1,1,1,1
RU_HIN_012509,SRC_000004,0,0,0,0,0
RU_HIN_012510,SRC_000005,1,1,1,1,1
RU_HIN_012511,SRC_000005,1,1,1,1,1
RU_HIN_012512,SRC_000005,0,0,0,0,0
RU_HIN_012513,SRC_000004,1,1,1,1,1
RU_HIN_012514,SRC_000002,1,1,1,1,1
RU_HIN_012515,SRC_000002,1,0,1,1,1
RU_HIN_012516,SRC_000002,0,0,1,1,0
RU_HIN_012517,SRC_000002,1,1,1,1,1
RU_HIN_012518,SRC_000005,1,1,1,1,1
RU_HIN_012519,SRC_000001,1,1,1,1,1
RU_HIN_012520,SRC_000005,1,1,1,1,1
RU_HIN_012521,SRC_000003,1,1,1,1,1
RU_HIN_012522,SRC_000004,1,1,1,1,1
RU_HIN_012523,SRC_000001,1,1,1,1,1
RU_HIN_012524,SRC_000004,1,1,1,1,1
RU_HIN_012525,SRC_000002,1,1,1,1,1
RU_HIN_012526,SRC_000003,1,1,1,1,1
RU_HIN_012527,SRC_000003,1,1,1,1,1
RU_HIN_012528,SRC_000001,1,1,1,1,1
RU_HIN_012529,SRC_000003,1,1,1,1,1
RU_HIN_012530,SRC_000004,0,0,0,0,0
RU_HIN_012531,SRC_000003,1,1,1,1,1
RU_HIN_012532,SRC_000002,1,1,1,1,1
RU_HIN_012533,SRC_000001,1,1,1,1,1
RU_HIN_012534,SRC_000002,1,1,1,1,1
RU_HIN_012535,SRC_000001,1,1,1,1,1
RU_HIN_012536,SRC_000003,1,1,1,1,1
RU_HIN_012537,SRC_000005,1,1,1,1,1
RU_HIN_012538,SRC_000005,1,1,1,1,1
RU_HIN_012539,SRC_000001,0,0,0,0,0
RU_HIN_012540,SRC_000002,1,1,1,1,1
RU_HIN_012541,SRC_000002,1,1,1,1,1
RU_HIN_012542,SRC_000005,1,1,1,1,1
RU_HIN_012543,SRC_000005,1,1,1,1,1
RU_HIN_012544,SRC_000003,1,1,1,1,1
RU_HIN_012545,SRC_000004,1,1,1,1,1
RU_HIN_012546,SRC_000004,1,1,1,1,1
RU_HIN_012547,SRC_000003,1,1,1,1,1
RU_HIN_012548,SRC_000002,0,0,0,0,0
RU_HIN_012549,SRC_000002,1,1,1,1,1
RU_HIN_012550,SRC_000004,1,1,1,1,1
RU_HIN_012551,SRC_000005,1,1,1,1,1
RU_HIN_012552,SRC_000004,1,1,1,1,1
RU_HIN_012553,SRC_000001,1,1,1,1,1
RU_HIN_012554,SRC_000001,1,1,1,1,1
RU_HIN_012555,SRC_000002,1,1,1,1,1
RU_HIN_012556,SRC_000001,1,0,1,1,1
RU_HIN_012557,SRC_000003,1,1,1,1,1
RU_HIN_012558,SRC_000004,1,1,1,1,1
RU_HIN_012559,SRC_000004,0,0,0,0,0
RU_HIN_012560,SRC_000002,1,1,1,1,1
RU_HIN_012561,SRC_000001,1,1,1,1,1
RU_HIN_012562,SRC_000005,1,1,1,1,1
RU_HIN_012563,SRC_000005,1,1,1,1,1
RU_HIN_012564,SRC_000001,1,1,1,1,1
RU_HIN_012565,SRC_000005,0,0,0,0,0
RU_HIN_012566,SRC_000004,0,0,0,0,0
RU_HIN_012567,SRC_000004,0,0,0,0,0
RU_HIN_012568,SRC_000001,1,0,1,1,0
RU_HIN_012569,SRC_000001,1,1,1,1,1
RU_HIN_012570,SRC_000002,1,1,1,1,1
RU_HIN_012571,SRC_000002,1,1,1,1,1
RU_HIN_012572,SRC_000003,1,1,1,1,1
RU_HIN_012573,SRC_000002,1,0,1,1,1
RU_HIN_012574,SRC_000002,1,1,1,1,1
RU_HIN_012575,SRC_000001,1,1,1,1,1
RU_HIN_012576,SRC_000005,1,1,1,1,1
RU_HIN_012577,SRC_000005,0,0,0,0,0
RU_HIN_012578,SRC_000004,1,1,1,1,1
RU_HIN_012579,SRC_000004,1,1,1,1,1
RU_HIN_012580,SRC_000003,1,1,1,1,1
RU_HIN_012581,SRC_000002,0,0,0,0,0
RU_HIN_012582,SRC_000001,1,1,1,1,1
RU_HIN_012583,SRC_000001,1,1,1,1,1
RU_HIN_012584,SRC_000003,1,1,1,1,1
RU_HIN_012585,SRC_000003,0,0,0,0,0
RU_HIN_012586,SRC_000001,1,1,1,1,1
RU_HIN_012587,SRC_000005,1,1,1,1,1
RU_HIN_012588,SRC_000004,1,1,1,1,1
RU_HIN_012589,SRC_000004,1,1,1,1,1
RU_HIN_012590,SRC_000003,1,1,1,1,1
RU_HIN_012591,SRC_000001,1,1,1,1,1
RU_HIN_012592,SRC_000005,1,1,1,1,1
RU_HIN_012593,SRC_000005,1,1,1,1,1
RU_HIN_012594,SRC_000002,1,1,1,1,1
RU_HIN_012595,SRC_000004,1,1,1,1,1
RU_HIN_012596,SRC_000004,1,1,1,1,1
RU_HIN_012597,SRC_000003,1,1,1,1,1
RU_HIN_012598,SRC_000004,1,1,1,1,1
RU_HIN_012599,SRC_000005,1,1,1,1,1
RU_HIN_012600,SRC_000005,0,0,0,0,0
RU_HIN_012601,SRC_000005,1,1,1,1,1
RU_HIN_012602,SRC_000005,1,1,1,1,1
RU_HIN_012603,SRC_000005,1,1,1,1,1
RU_HIN_012604,SRC_000004,1,1,1,1,1
RU_HIN_012605,SRC_000003,0,0,1,1,0
RU_HIN_012606,SRC_000002,1,1,1,1,1
RU_HIN_012607,SRC_000004,0,0,0,0,0
RU_HIN_012608,SRC_000002,1,1,1,1,1
RU_HIN_012609,SRC_000002,1,1,1,1,1
RU_HIN_012610,SRC_000004,1,1,1,1,1
RU_HIN_012611,SRC_000003,1,1,1,1,1
RU_HIN_012612,SRC_000002,1,1,1,1,1
RU_HIN_012613,SRC_000003,1,1,1,1,1
RU_HIN_012614,SRC_000003,1,1,1,1,1
RU_HIN_012615,SRC_000001,1,1,1,1,1
RU_HIN_012616,SRC_000005,0,0,0,0,0
RU_HIN_012617,SRC_000001,1,1,1,1,1
RU_HIN_012618,SRC_000005,0,0,0,0,0
RU_HIN_012619,SRC_000005,1,0,1,1,1
RU_HIN_012620,SRC_000001,1,1,1,1,1
RU_HIN_012621,SRC_000001,1,1,1,1,1
RU_HIN_012622,SRC_000003,0,0,0,0,0
RU_HIN_012623,SRC_000005,1,1,1,1,1
RU_HIN_012624,SRC_000001,1,1,1,1,1
RU_HIN_012625,SRC_000005,1,1,1,1,1
RU_HIN_012626,SRC_000004,1,1,1,1,1
RU_HIN_012627,SRC_000003,1,1,1,1,1
RU_HIN_012628,SRC_000003,1,1,1,1,1
RU_HIN_012629,SRC_000004,0,0,0,0,0
RU_HIN_012630,SRC_000001,1,1,1,1,1
RU_HIN_012631,SRC_000004,1,1,1,1,1
RU_HIN_012632,SRC_000001,0,0,0,0,0
RU_HIN_012633,SRC_000005,0,0,0,0,0
RU_HIN_012634,SRC_000002,1,1,1,1,1
RU_HIN_012635,SRC_000002,0,0,0,0,0
RU_HIN_012636,SRC_000003,0,0,0,0,0
RU_HIN_012637,SRC_000004,1,0,1,1,0
RU_HIN_012638,SRC_000004,1,1,1,1,1
RU_HIN_012639,SRC_000002,1,1,1,1,1
RU_HIN_012640,SRC_000002,0,0,0,0,0
RU_HIN_012641,SRC_000005,1,1,1,1,1
RU_HIN_012642,SRC_000001,1,1,1,1,1
RU_HIN_012643,SRC_000003,1,1,1,1,1
RU_HIN_012644,SRC_000004,1,1,1,1,1
RU_HIN_012645,SRC_000002,0,0,0,0,0
RU_HIN_012646,SRC_000004,1,1,1,1,1
RU_HIN_012647,SRC_000004,1,1,1,1,1
RU_HIN_012648,SRC_000003,1,1,1,1,1
RU_HIN_012649,SRC_000002,1,1,1,1,1
RU_HIN_012650,SRC_000003,0,0,0,0,0
RU_HIN_012651,SRC_000003,1,0,1,1,1
RU_HIN_012652,SRC_000001,1,1,1,1,1
RU_HIN_012653,SRC_000002,1,1,1,1,1
RU_HIN_012654,SRC_000004,1,1,1,1,1
RU_HIN_012655,SRC_000003,1,1,1,1,1
RU_HIN_012656,SRC_000003,1,1,1,1,1
RU_HIN_012657,SRC_000003,0,0,0,0,0
RU_HIN_012658,SRC_000004,1,1,1,1,1
RU_HIN_012659,SRC_000003,1,1,1,1,1
RU_HIN_012660,SRC_000004,0,0,0,0,0
RU_HIN_012661,SRC_000002,1,1,1,1,1
RU_HIN_012662,SRC_000001,1,1,1,1,1
RU_HIN_012663,SRC_000002,1,0,1,1,0
RU_HIN_012664,SRC_000003,1,1,1,1,1
RU_HIN_012665,SRC_000004,1,1,1,1,1
RU_HIN_012666,SRC_000002,1,1,1,1,1
RU_HIN_012667,SRC_000003,1,1,1,1,1
RU_HIN_012668,SRC_000004,1,1,1,1,1
RU_HIN_012669,SRC_000003,0,0,0,0,0
RU_HIN_012670,SRC_000002,1,1,1,1,1
RU_HIN_012671,SRC_000005,1,1,1,1,1
RU_HIN_012672,SRC_000001,0,0,0,0,0
RU_HIN_012673,SRC_000003,1,1,1,1,1
RU_HIN_012674,SRC_000004,0,0,0,0,0
RU_HIN_012675,SRC_000001,1,1,1,1,1
RU_HIN_012676,SRC_000003,1,1,1,1,1
RU_HIN_012677,SRC_000001,1,1,1,1,1
RU_HIN_012678,SRC_000005,1,1,1,1,1
RU_HIN_012679,SRC_000002,0,0,0,0,0
RU_HIN_012680,SRC_000002,1,1,1,1,1
RU_HIN_012681,SRC_000004,0,0,0,0,0
RU_HIN_012682,SRC_000005,1,1,1,1,1
RU_HIN_012683,SRC_000003,1,1,1,1,1
RU_HIN_012684,SRC_000004,1,1,1,1,1
RU_HIN_012685,SRC_000004,0,0,0,0,0
RU_HIN_012686,SRC_000003,1,1,1,1,1
RU_HIN_012687,SRC_000003,1,1,1,1,1
RU_HIN_012688,SRC_000003,1,1,1,1,1
RU_HIN_012689,SRC_000003,1,1,1,1,1
RU_HIN_012690,SRC_000004,1,1,1,1,1
RU_HIN_012691,SRC_000005,0,0,0,0,0
RU_HIN_012692,SRC_000002,1,1,1,1,1
RU_HIN_012693,SRC_000005,1,1,1,1,1
RU_HIN_012694,SRC_000005,0,0,0,0,0
RU_HIN_012695,SRC_000005,1,1,1,1,1
RU_HIN_012696,SRC_000003,1,1,1,1,1
RU_HIN_012697,SRC_000002,0,0,0,0,0
RU_HIN_012698,SRC_000003,1,1,1,1,1
RU_HIN_012699,SRC_000001,1,1,1,1,1
RU_HIN_012700,SRC_000002,1,1,1,1,1
RU_HIN_012701,SRC_000004,0,0,0,0,0
RU_HIN_012702,SRC_000005,1,1,1,1,1
RU_HIN_012703,SRC_000003,1,1,1,1,1
RU_HIN_012704,SRC_000004,0,0,0,0,0
RU_HIN_012705,SRC_000004,1,1,1,1,1
RU_HIN_012706,SRC_000005,1,1,1,1,1
RU_HIN_012707,SRC_000005,1,1,1,1,1
RU_HIN_012708,SRC_000005,1,1,1,1,1
RU_HIN_012709,SRC_000002,1,1,1,1,1
RU_HIN_012710,SRC_000005,1,1,1,1,1
RU_HIN_012711,SRC_000003,1,1,1,1,1
RU_HIN_012712,SRC_000003,1,1,1,1,1
RU_HIN_012713,SRC_000003,1,1,1,1,1
RU_HIN_012714,SRC_000002,1,0,1,1,1
RU_HIN_012715,SRC_000004,1,1,1,1,1
RU_HIN_012716,SRC_000004,1,1,1,1,1
RU_HIN_012717,SRC_000002,0,0,0,0,0
RU_HIN_012718,SRC_000003,1,1,1,1,1
RU_HIN_012719,SRC_000003,1,1,1,1,1
RU_HIN_012720,SRC_000001,1,1,1,1,1
RU_HIN_012721,SRC_000002,1,1,1,1,1
RU_HIN_012722,SRC_000003,1,1,1,1,1
RU_HIN_012723,SRC_000001,0,0,1,1,0
RU_HIN_012724,SRC_000005,1,1,1,1,1
RU_HIN_012725,SRC_000003,1,1,1,1,1
RU_HIN_012726,SRC_000005,1,1,1,1,1
RU_HIN_012727,SRC_000001,1,1,1,1,1
RU_HIN_012728,SRC_000004,1,1,1,1,1
RU_HIN_012729,SRC_000004,1,1,1,1,1
RU_HIN_012730,SRC_000004,1,1,1,1,1
RU_HIN_012731,SRC_000001,1,1,1,1,1
RU_HIN_012732,SRC_000002,1,1,1,1,1
RU_HIN_012733,SRC_000002,1,1,1,1,1
RU_HIN_012734,SRC_000001,1,1,1,1,1
RU_HIN_012735,SRC_000002,1,1,1,1,1
RU_HIN_012736,SRC_000003,0,0,1,1,0
RU_HIN_012737,SRC_000003,1,1,1,1,1
RU_HIN_012738,SRC_000001,1,1,1,1,1
RU_HIN_012739,SRC_000003,1,1,1,1,1
RU_HIN_012740,SRC_000005,1,1,1,1,1
RU_HIN_012741,SRC_000003,1,1,1,1,1
RU_HIN_012742,SRC_000003,1,1,1,1,1
RU_HIN_012743,SRC_000001,0,0,0,0,0
RU_HIN_012744,SRC_000003,1,1,1,1,1
RU_HIN_012745,SRC_000003,1,1,1,1,1
RU_HIN_012746,SRC_000001,1,1,1,1,1
RU_HIN_012747,SRC_000005,0,0,0,0,0
RU_HIN_012748,SRC_000004,1,1,1,1,1
RU_HIN_012749,SRC_000001,1,1,1,1,1
RU_HIN_012750,SRC_000005,1,1,1,1,1
RU_HIN_012751,SRC_000001,1,1,1,1,1
RU_HIN_012752,SRC_000001,0,0,0,0,0
RU_HIN_012753,SRC_000002,1,1,1,1,1
RU_HIN_012754,SRC_000004,1,1,1,1,1
RU_HIN_012755,SRC_000003,1,1,1,1,1
RU_HIN_012756,SRC_000004,1,1,1,1,1
RU_HIN_012757,SRC_000004,1,1,1,1,1
RU_HIN_012758,SRC_000003,1,1,1,1,1
RU_HIN_012759,SRC_000005,0,0,0,0,0
RU_HIN_012760,SRC_000002,1,1,1,1,1
RU_HIN_012761,SRC_000001,1,1,1,1,1
RU_HIN_012762,SRC_000001,1,1,1,1,1
RU_HIN_012763,SRC_000005,0,0,0,0,0
RU_HIN_012764,SRC_000003,0,0,0,0,0
RU_HIN_012765,SRC_000002,1,1,1,1,1
RU_HIN_012766,SRC_000005,1,1,1,1,1
RU_HIN_012767,SRC_000001,1,1,1,1,1
RU_HIN_012768,SRC_000002,0,0,0,0,0
RU_HIN_012769,SRC_000004,1,1,1,1,1
RU_HIN_012770,SRC_000003,1,0,1,1,0
RU_HIN_012771,SRC_000005,1,1,1,1,1
RU_HIN_012772,SRC_000004,1,1,1,1,1
RU_HIN_012773,SRC_000004,0,0,0,0,0
RU_HIN_012774,SRC_000005,0,0,0,0,0
RU_HIN_012775,SRC_000004,1,1,1,1,1
RU_HIN_012776,SRC_000001,1,0,1,1,1
RU_HIN_012777,SRC_000001,0,0,0,0,0
RU_HIN_012778,SRC_000005,1,1,1,1,1
RU_HIN_012779,SRC_000003,0,0,0,0,0
RU_HIN_012780,SRC_000005,1,1,1,1,1
RU_HIN_012781,SRC_000004,1,1,1,1,1
RU_HIN_012782,SRC_000003,1,1,1,1,1
RU_HIN_012783,SRC_000002,0,0,0,0,0
RU_HIN_012784,SRC_000001,1,1,1,1,1
RU_HIN_012785,SRC_000001,1,1,1,1,1
RU_HIN_012786,SRC_000001,1,1,1,1,1
RU_HIN_012787,SRC_000003,1,1,1,1,1
RU_HIN_012788,SRC_000005,1,1,1,1,1
RU_HIN_012789,SRC_000002,1,1,1,1,1
RU_HIN_012790,SRC_000003,0,0,0,0,0
RU_HIN_012791,SRC_000003,0,0,0,0,0
RU_HIN_012792,SRC_000004,1,1,1,1,1
RU_HIN_012793,SRC_000004,1,1,1,1,1
RU_HIN_012794,SRC_000002,1,1,1,1,1
RU_HIN_012795,SRC_000001,1,1,1,1,1
RU_HIN_012796,SRC_000003,1,1,1,1,1
RU_HIN_012797,SRC_000004,1,1,1,1,1
RU_HIN_012798,SRC_000002,1,1,1,1,1
RU_HIN_012799,SRC_000005,0,0,0,0,0
RU_HIN_012800,SRC_000003,1,1,1,1,1
RU_HIN_012801,SRC_000003,1,1,1,1,1
RU_HIN_012802,SRC_000005,0,0,1,1,0
RU_HIN_012803,SRC_000005,1,1,1,1,1
RU_HIN_012804,SRC_000003,0,0,0,0,0
RU_HIN_012805,SRC_000005,1,1,1,1,1
RU_HIN_012806,SRC_000005,0,0,0,0,0
RU_HIN_012807,SRC_000001,0,0,0,0,0
RU_HIN_012808,SRC_000005,1,1,1,1,1
RU_HIN_012809,SRC_000001,1,1,1,1,1
RU_HIN_012810,SRC_000004,1,1,1,1,1
RU_HIN_012811,SRC_000005,1,1,1,1,1
RU_HIN_012812,SRC_000001,1,1,1,1,1
RU_HIN_012813,SRC_000005,1,1,1,1,1
RU_HIN_012814,SRC_000003,1,1,1,1,1
RU_HIN_012815,SRC_000001,1,1,1,1,1
RU_HIN_012816,SRC_000001,1,1,1,1,1
RU_HIN_012817,SRC_000005,1,1,1,1,1
RU_HIN_012818,SRC_000002,0,0,0,0,0
RU_HIN_012819,SRC_000004,1,1,1,1,1
RU_HIN_012820,SRC_000003,0,0,0,0,0
RU_HIN_012821,SRC_000005,1,1,1,1,1
RU_HIN_012822,SRC_000005,1,1,1,1,1
RU_HIN_012823,SRC_000002,1,1,1,1,1
RU_HIN_012824,SRC_000002,0,0,0,0,0
RU_HIN_012825,SRC_000004,1,1,1,1,1
RU_HIN_012826,SRC_000001,1,1,1,1,1
RU_HIN_012827,SRC_000002,1,1,1,1,1
RU_HIN_012828,SRC_000003,0,0,0,0,0
RU_HIN_012829,SRC_000003,1,1,1,1,1
RU_HIN_012830,SRC_000004,1,1,1,1,1
RU_HIN_012831,SRC_000003,0,0,0,0,0
RU_HIN_012832,SRC_000003,1,1,1,1,1
RU_HIN_012833,SRC_000005,0,0,0,0,0
RU_HIN_012834,SRC_000002,1,1,1,1,1
RU_HIN_012835,SRC_000005,0,0,0,0,0
RU_HIN_012836,SRC_000003,1,1,1,1,1
RU_HIN_012837,SRC_000004,1,1,1,1,1
RU_HIN_012838,SRC_000004,1,1,1,1,1
RU_HIN_012839,SRC_000004,1,0,1,1,1
RU_HIN_012840,SRC_000005,1,1,1,1,1
RU_HIN_012841,SRC_000003,0,0,0,0,0
RU_HIN_012842,SRC_000002,0,0,1,1,0
RU_HIN_012843,SRC_000004,0,0,1,1,0
RU_HIN_012844,SRC_000002,1,1,1,1,1
RU_HIN_012845,SRC_000003,1,1,1,1,1
RU_HIN_012846,SRC_000004,1,0,1,1,1
RU_HIN_012847,SRC_000004,0,0,0,0,0
RU_HIN_012848,SRC_000001,1,1,1,1,1
RU_HIN_012849,SRC_000003,1,1,1,1,1
RU_HIN_012850,SRC_000002,1,1,1,1,1
RU_HIN_012851,SRC_000004,0,0,0,0,0
RU_HIN_012852,SRC_000002,1,1,1,1,1
RU_HIN_012853,SRC_000001,1,1,1,1,1
RU_HIN_012854,SRC_000004,1,1,1,1,1
RU_HIN_012855,SRC_000002,1,1,1,1,1
RU_HIN_012856,SRC_000003,1,1,1,1,1
RU_HIN_012857,SRC_000001,1,1,1,1,1
RU_HIN_012858,SRC_000002,0,0,0,0,0
RU_HIN_012859,SRC_000005,1,1,1,1,1
RU_HIN_012860,SRC_000005,1,1,1,1,1
RU_HIN_012861,SRC_000001,1,1,1,1,1
RU_HIN_012862,SRC_000005,1,1,1,1,1
RU_HIN_012863,SRC_000002,1,1,1,1,1
RU_HIN_012864,SRC_000004,1,1,1,1,1
RU_HIN_012865,SRC_000001,1,1,1,1,1
RU_HIN_012866,SRC_000003,0,0,0,0,0
RU_HIN_012867,SRC_000002,1,1,1,1,1
RU_HIN_012868,SRC_000005,1,1,1,1,1
RU_HIN_012869,SRC_000005,1,1,1,1,1
RU_HIN_012870,SRC_000004,1,1,1,1,1
RU_HIN_012871,SRC_000005,0,0,0,0,0
RU_HIN_012872,SRC_000005,0,0,0,0,0
RU_HIN_012873,SRC_000005,1,1,1,1,1
RU_HIN_012874,SRC_000004,1,1,1,1,1
RU_HIN_012875,SRC_000003,1,1,1,1,1
RU_HIN_012876,SRC_000001,1,1,1,1,1
RU_HIN_012877,SRC_000004,1,1,1,1,1
RU_HIN_012878,SRC_000001,1,1,1,1,1
RU_HIN_012879,SRC_000002,1,1,1,1,1
RU_HIN_012880,SRC_000001,1,1,1,1,1
RU_HIN_012881,SRC_000004,0,0,0,0,0
RU_HIN_012882,SRC_000001,1,1,1,1,1
RU_HIN_012883,SRC_000002,1,1,1,1,1
RU_HIN_012884,SRC_000002,1,1,1,1,1
RU_HIN_012885,SRC_000002,1,1,1,1,1
RU_HIN_012886,SRC_000003,1,1,1,1,1
RU_HIN_012887,SRC_000004,1,1,1,1,1
RU_HIN_012888,SRC_000001,1,1,1,1,1
RU_HIN_012889,SRC_000003,0,0,0,0,0
RU_HIN_012890,SRC_000005,0,0,0,0,0
RU_HIN_012891,SRC_000003,1,1,1,1,1
RU_HIN_012892,SRC_000001,1,1,1,1,1
RU_HIN_012893,SRC_000005,1,1,1,1,1
RU_HIN_012894,SRC_000002,0,0,0,0,0
RU_HIN_012895,SRC_000002,1,1,1,1,1
RU_HIN_012896,SRC_000001,1,1,1,1,1
RU_HIN_012897,SRC_000001,0,0,0,0,0
RU_HIN_012898,SRC_000004,1,1,1,1,1
RU_HIN_012899,SRC_000005,1,1,1,1,1
RU_HIN_012900,SRC_000002,1,1,1,1,1
RU_HIN_012901,SRC_000002,1,1,1,1,1
RU_HIN_012902,SRC_000003,1,1,1,1,1
RU_HIN_012903,SRC_000003,1,1,1,1,1
RU_HIN_012904,SRC_000004,1,1,1,1,1
RU_HIN_012905,SRC_000003,0,0,0,0,0
RU_HIN_012906,SRC_000001,1,1,1,1,1
RU_HIN_012907,SRC_000005,1,1,1,1,1
RU_HIN_012908,SRC_000001,0,0,0,0,0
RU_HIN_012909,SRC_000002,1,1,1,1,1
RU_HIN_012910,SRC_000004,1,1,1,1,1
RU_HIN_012911,SRC_000005,0,0,0,0,0
RU_HIN_012912,SRC_000005,1,1,1,1,1
RU_HIN_012913,SRC_000005,1,1,1,1,1
RU_HIN_012914,SRC_000004,1,1,1,1,1
RU_HIN_012915,SRC_000004,1,1,1,1,1
RU_HIN_012916,SRC_000002,1,1,1,1,1
RU_HIN_012917,SRC_000002,1,1,1,1,1
RU_HIN_012918,SRC_000002,1,1,1,1,1
RU_HIN_012919,SRC_000001,0,0,0,0,0
RU_HIN_012920,SRC_000002,1,1,1,1,1
RU_HIN_012921,SRC_000001,0,0,1,1,0
RU_HIN_012922,SRC_000005,1,1,1,1,1
RU_HIN_012923,SRC_000005,1,1,1,1,1
RU_HIN_012924,SRC_000005,1,1,1,1,1
RU_HIN_012925,SRC_000002,0,0,0,0,0
RU_HIN_012926,SRC_000005,1,1,1,1,1
RU_HIN_012927,SRC_000001,1,1,1,1,1
RU_HIN_012928,SRC_000003,1,1,1,1,1
RU_HIN_012929,SRC_000005,0,0,0,0,0
RU_HIN_012930,SRC_000005,0,0,0,0,0
RU_HIN_012931,SRC_000005,1,1,1,1,1
RU_HIN_012932,SRC_000003,0,0,0,0,0
RU_HIN_012933,SRC_000001,1,1,1,1,1
RU_HIN_012934,SRC_000005,0,0,0,0,0
RU_HIN_012935,SRC_000005,1,1,1,1,1
RU_HIN_012936,SRC_000001,1,1,1,1,1
RU_HIN_012937,SRC_000005,1,1,1,1,1
RU_HIN_012938,SRC_000004,1,1,1,1,1
RU_HIN_012939,SRC_000002,1,1,1,1,1
RU_HIN_012940,SRC_000002,1,0,1,1,0
RU_HIN_012941,SRC_000003,0,0,0,0,0
RU_HIN_012942,SRC_000003,1,1,1,1,1
RU_HIN_012943,SRC_000005,1,1,1,1,1
RU_HIN_012944,SRC_000004,1,1,1,1,1
RU_HIN_012945,SRC_000002,1,1,1,1,1
RU_HIN_012946,SRC_000005,0,0,1,1,0
RU_HIN_012947,SRC_000001,1,1,1,1,1
RU_HIN_012948,SRC_000004,1,1,1,1,1
RU_HIN_012949,SRC_000001,1,1,1,1,1
RU_HIN_012950,SRC_000002,1,1,1,1,1
RU_HIN_012951,SRC_000004,1,1,1,1,1
RU_HIN_012952,SRC_000004,1,1,1,1,1
RU_HIN_012953,SRC_000003,1,1,1,1,1
RU_HIN_012954,SRC_000005,1,1,1,1,1
RU_HIN_012955,SRC_000005,1,1,1,1,1
RU_HIN_012956,SRC_000005,0,0,0,0,0
RU_HIN_012957,SRC_000003,1,1,1,1,1
RU_HIN_012958,SRC_000005,0,0,1,1,0
RU_HIN_012959,SRC_000001,1,1,1,1,1
RU_HIN_012960,SRC_000002,1,1,1,1,1
RU_HIN_012961,SRC_000005,1,1,1,1,1
RU_HIN_012962,SRC_000001,0,0,0,0,0
RU_HIN_012963,SRC_000003,1,1,1,1,1
RU_HIN_012964,SRC_000005,1,1,1,1,1
RU_HIN_012965,SRC_000001,1,1,1,1,1
RU_HIN_012966,SRC_000004,0,0,0,0,0
RU_HIN_012967,SRC_000004,1,1,1,1,1
RU_HIN_012968,SRC_000002,1,1,1,1,1
RU_HIN_012969,SRC_000003,0,0,0,0,0
RU_HIN_012970,SRC_000004,1,1,1,1,1
RU_HIN_012971,SRC_000004,1,1,1,1,1
RU_HIN_012972,SRC_000003,1,1,1,1,1
RU_HIN_012973,SRC_000003,1,1,1,1,1
RU_HIN_012974,SRC_000004,1,1,1,1,1
RU_HIN_012975,SRC_000003,1,1,1,1,1
RU_HIN_012976,SRC_000001,1,1,1,1,1
RU_HIN_012977,SRC_000005,1,1,1,1,1
RU_HIN_012978,SRC_000005,0,0,0,0,0
RU_HIN_012979,SRC_000002,1,1,1,1,1
RU_HIN_012980,SRC_000001,0,0,0,0,0
RU_HIN_012981,SRC_000003,1,1,1,1,1
RU_HIN_012982,SRC_000003,1,1,1,1,1
RU_HIN_012983,SRC_000005,0,0,0,0,0
RU_HIN_012984,SRC_000004,1,1,1,1,1
RU_HIN_012985,SRC_000003,1,1,1,1,1
RU_HIN_012986,SRC_000003,0,0,0,0,0
RU_HIN_012987,SRC_000004,1,1,1,1,1
RU_HIN_012988,SRC_000002,1,1,1,1,1
RU_HIN_012989,SRC_000002,1,1,1,1,1
RU_HIN_012990,SRC_000002,0,0,0,0,0
RU_HIN_012991,SRC_000005,1,1,1,1,1
RU_HIN_012992,SRC_000004,1,1,1,1,1
RU_HIN_012993,SRC_000004,1,1,1,1,1
RU_HIN_012994,SRC_000005,1,1,1,1,1
RU_HIN_012995,SRC_000001,1,1,1,1,1
RU_HIN_012996,SRC_000004,0,0,0,0,0
RU_HIN_012997,SRC_000005,1,1,1,1,1
RU_HIN_012998,SRC_000003,1,1,1,1,1
RU_HIN_012999,SRC_000002,1,1,1,1,1
RU_HIN_013000,SRC_000001,0,0,0,0,0
RU_HIN_013001,SRC_000002,1,1,1,1,1
RU_HIN_013002,SRC_000002,1,1,1,1,1
RU_HIN_013003,SRC_000002,1,1,1,1,1
RU_HIN_013004,SRC_000001,1,1,1,1,1
RU_HIN_013005,SRC_000001,1,1,1,1,1
RU_HIN_013006,SRC_000002,1,1,1,1,1
RU_HIN_013007,SRC_000001,1,1,1,1,1
RU_HIN_013008,SRC_000004,1,1,1,1,1
RU_HIN_013009,SRC_000003,1,1,1,1,1
RU_HIN_013010,SRC_000004,0,0,0,0,0
RU_HIN_013011,SRC_000001,0,0,1,1,0
RU_HIN_013012,SRC_000001,0,0,0,0,0
RU_HIN_013013,SRC_000003,1,1,1,1,1
RU_HIN_013014,SRC_000004,1,1,1,1,1
RU_HIN_013015,SRC_000004,1,1,1,1,1
RU_HIN_013016,SRC_000003,1,1,1,1,1
RU_HIN_013017,SRC_000005,1,1,1,1,1
RU_HIN_013018,SRC_000005,1,1,1,1,1
RU_HIN_013019,SRC_000004,1,1,1,1,1
RU_HIN_013020,SRC_000005,1,1,1,1,1
RU_HIN_013021,SRC_000003,1,1,1,1,1
RU_HIN_013022,SRC_000002,1,1,1,1,1
RU_HIN_013023,SRC_000005,1,1,1,1,1
RU_HIN_013024,SRC_000002,1,1,1,1,1
RU_HIN_013025,SRC_000001,1,1,1,1,1
RU_HIN_013026,SRC_000001,0,0,0,0,0
RU_HIN_013027,SRC_000003,1,1,1,1,1
RU_HIN_013028,SRC_000003,0,0,0,0,0
RU_HIN_013029,SRC_000001,1,1,1,1,1
RU_HIN_013030,SRC_000001,1,1,1,1,1
RU_HIN_013031,SRC_000001,0,0,0,0,0
RU_HIN_013032,SRC_000001,1,1,1,1,1
RU_HIN_013033,SRC_000005,1,1,1,1,1
RU_HIN_013034,SRC_000001,1,1,1,1,1
RU_HIN_013035,SRC_000003,1,1,1,1,1
RU_HIN_013036,SRC_000005,0,0,0,0,0
RU_HIN_013037,SRC_000002,1,1,1,1,1
RU_HIN_013038,SRC_000003,1,1,1,1,1
RU_HIN_013039,SRC_000004,1,1,1,1,1
RU_HIN_013040,SRC_000004,0,0,0,0,0
RU_HIN_013041,SRC_000001,1,1,1,1,1
RU_HIN_013042,SRC_000002,0,0,0,0,0
RU_HIN_013043,SRC_000005,0,0,0,0,0
RU_HIN_013044,SRC_000004,1,1,1,1,1
RU_HIN_013045,SRC_000004,1,1,1,1,1
RU_HIN_013046,SRC_000001,0,0,0,0,0
RU_HIN_013047,SRC_000004,0,0,0,0,0
RU_HIN_013048,SRC_000002,1,1,1,1,1
RU_HIN_013049,SRC_000005,1,1,1,1,1
RU_HIN_013050,SRC_000002,1,1,1,1,1
RU_HIN_013051,SRC_000005,1,1,1,1,1
RU_HIN_013052,SRC_000001,1,1,1,1,1
RU_HIN_013053,SRC_000004,1,1,1,1,1
RU_HIN_013054,SRC_000005,0,0,0,0,0
RU_HIN_013055,SRC_000003,1,1,1,1,1
RU_HIN_013056,SRC_000002,1,1,1,1,1
RU_HIN_013057,SRC_000001,0,0,0,0,0
RU_HIN_013058,SRC_000002,1,1,1,1,1
RU_HIN_013059,SRC_000005,0,0,0,0,0
RU_HIN_013060,SRC_000001,1,1,1,1,1
RU_HIN_013061,SRC_000001,1,1,1,1,1
RU_HIN_013062,SRC_000005,1,1,1,1,1
RU_HIN_013063,SRC_000003,1,1,1,1,1
RU_HIN_013064,SRC_000003,0,0,0,0,0
RU_HIN_013065,SRC_000004,1,1,1,1,1
RU_HIN_013066,SRC_000004,1,1,1,1,1
RU_HIN_013067,SRC_000004,1,1,1,1,1
RU_HIN_013068,SRC_000002,1,1,1,1,1
RU_HIN_013069,SRC_000003,1,1,1,1,1
RU_HIN_013070,SRC_000001,1,1,1,1,1
RU_HIN_013071,SRC_000002,0,0,0,0,0
RU_HIN_013072,SRC_000005,1,1,1,1,1
RU_HIN_013073,SRC_000001,0,0,0,0,0
RU_HIN_013074,SRC_000004,1,1,1,1,1
RU_HIN_013075,SRC_000002,1,1,1,1,1
RU_HIN_013076,SRC_000002,1,1,1,1,1
RU_HIN_013077,SRC_000004,1,1,1,1,1
RU_HIN_013078,SRC_000004,1,1,1,1,1
RU_HIN_013079,SRC_000004,1,1,1,1,1
RU_HIN_013080,SRC_000005,1,1,1,1,1
RU_HIN_013081,SRC_000003,0,0,0,0,0
RU_HIN_013082,SRC_000003,1,1,1,1,1
RU_HIN_013083,SRC_000001,1,1,1,1,1
RU_HIN_013084,SRC_000005,0,0,0,0,0
RU_HIN_013085,SRC_000005,0,0,0,0,0
RU_HIN_013086,SRC_000004,1,1,1,1,1
RU_HIN_013087,SRC_000004,1,1,1,1,1
RU_HIN_013088,SRC_000001,1,1,1,1,1
RU_HIN_013089,SRC_000001,1,1,1,1,1
RU_HIN_013090,SRC_000005,1,1,1,1,1
RU_HIN_013091,SRC_000001,1,1,1,1,1
RU_HIN_013092,SRC_000004,1,1,1,1,1
RU_HIN_013093,SRC_000005,0,0,0,0,0
RU_HIN_013094,SRC_000004,1,1,1,1,1
RU_HIN_013095,SRC_000004,1,1,1,1,1
RU_HIN_013096,SRC_000001,1,1,1,1,1
RU_HIN_013097,SRC_000004,0,0,0,0,0
RU_HIN_013098,SRC_000004,1,1,1,1,1
RU_HIN_013099,SRC_000003,0,0,0,0,0
RU_HIN_013100,SRC_000001,0,0,0,0,0
RU_HIN_013101,SRC_000004,1,1,1,1,1
RU_HIN_013102,SRC_000002,1,1,1,1,1
RU_HIN_013103,SRC_000004,1,1,1,1,1
RU_HIN_013104,SRC_000005,1,1,1,1,1
RU_HIN_013105,SRC_000001,0,0,0,0,0
RU_HIN_013106,SRC_000003,1,1,1,1,1
RU_HIN_013107,SRC_000004,0,0,0,0,0
RU_HIN_013108,SRC_000001,1,1,1,1,1
RU_HIN_013109,SRC_000001,1,1,1,1,1
RU_HIN_013110,SRC_000001,1,1,1,1,1
RU_HIN_013111,SRC_000003,1,1,1,1,1
RU_HIN_013112,SRC_000003,1,1,1,1,1
RU_HIN_013113,SRC_000001,1,1,1,1,1
RU_HIN_013114,SRC_000005,1,1,1,1,1
RU_HIN_013115,SRC_000002,1,1,1,1,1
RU_HIN_013116,SRC_000003,1,1,1,1,1
RU_HIN_013117,SRC_000004,1,1,1,1,1
RU_HIN_013118,SRC_000005,1,1,1,1,1
RU_HIN_013119,SRC_000001,0,0,0,0,0
RU_HIN_013120,SRC_000005,1,1,1,1,1
RU_HIN_013121,SRC_000001,0,0,0,0,0
RU_HIN_013122,SRC_000003,1,1,1,1,1
RU_HIN_013123,SRC_000003,1,1,1,1,1
RU_HIN_013124,SRC_000002,1,1,1,1,1
RU_HIN_013125,SRC_000002,1,1,1,1,1
RU_HIN_013126,SRC_000004,1,1,1,1,1
RU_HIN_013127,SRC_000005,0,0,0,0,0
RU_HIN_013128,SRC_000003,1,1,1,1,1
RU_HIN_013129,SRC_000004,1,1,1,1,1
RU_HIN_013130,SRC_000001,1,1,1,1,1
RU_HIN_013131,SRC_000003,1,1,1,1,1
RU_HIN_013132,SRC_000001,1,1,1,1,1
RU_HIN_013133,SRC_000003,0,0,0,0,0
RU_HIN_013134,SRC_000002,1,1,1,1,1
RU_HIN_013135,SRC_000002,1,1,1,1,1
RU_HIN_013136,SRC_000003,1,1,1,1,1
RU_HIN_013137,SRC_000002,0,0,0,0,0
RU_HIN_013138,SRC_000003,1,1,1,1,1
RU_HIN_013139,SRC_000004,1,1,1,1,1
RU_HIN_013140,SRC_000002,1,1,1,1,1
RU_HIN_013141,SRC_000004,1,1,1,1,1
RU_HIN_013142,SRC_000003,1,1,1,1,1
RU_HIN_013143,SRC_000001,1,1,1,1,1
RU_HIN_013144,SRC_000002,0,0,1,1,0
RU_HIN_013145,SRC_000001,1,1,1,1,1
RU_HIN_013146,SRC_000005,1,1,1,1,1
RU_HIN_013147,SRC_000001,1,1,1,1,1
RU_HIN_013148,SRC_000002,1,1,1,1,1
RU_HIN_013149,SRC_000005,1,1,1,1,1
RU_HIN_013150,SRC_000003,1,1,1,1,1
RU_HIN_013151,SRC_000005,1,1,1,1,1
RU_HIN_013152,SRC_000002,1,1,1,1,1
RU_HIN_013153,SRC_000003,1,1,1,1,1
RU_HIN_013154,SRC_000004,1,1,1,1,1
RU_HIN_013155,SRC_000002,1,1,1,1,1
RU_HIN_013156,SRC_000004,1,1,1,1,1
RU_HIN_013157,SRC_000002,0,0,0,0,0
RU_HIN_013158,SRC_000001,1,1,1,1,1
RU_HIN_013159,SRC_000005,1,1,1,1,1
RU_HIN_013160,SRC_000001,1,1,1,1,1
RU_HIN_013161,SRC_000001,0,0,0,0,0
RU_HIN_013162,SRC_000004,1,1,1,1,1
RU_HIN_013163,SRC_000003,1,0,1,1,1
RU_HIN_013164,SRC_000004,1,1,1,1,1
RU_HIN_013165,SRC_000004,0,0,0,0,0
RU_HIN_013166,SRC_000001,1,1,1,1,1
RU_HIN_013167,SRC_000004,0,0,0,0,0
RU_HIN_013168,SRC_000002,1,1,1,1,1
RU_HIN_013169,SRC_000003,1,1,1,1,1
RU_HIN_013170,SRC_000002,1,1,1,1,1
RU_HIN_013171,SRC_000004,1,1,1,1,1
RU_HIN_013172,SRC_000004,0,0,0,0,0
RU_HIN_013173,SRC_000001,1,1,1,1,1
RU_HIN_013174,SRC_000003,1,1,1,1,1
RU_HIN_013175,SRC_000005,1,1,1,1,1
RU_HIN_013176,SRC_000003,1,1,1,1,1
RU_HIN_013177,SRC_000005,0,0,0,0,0
RU_HIN_013178,SRC_000002,1,1,1,1,1
RU_HIN_013179,SRC_000001,1,1,1,1,1
RU_HIN_013180,SRC_000003,0,0,0,0,0
RU_HIN_013181,SRC_000005,0,0,0,0,0
RU_HIN_013182,SRC_000002,1,1,1,1,1
RU_HIN_013183,SRC_000001,1,1,1,1,1
RU_HIN_013184,SRC_000005,1,1,1,1,1
RU_HIN_013185,SRC_000005,0,0,0,0,0
RU_HIN_013186,SRC_000001,1,1,1,1,1
RU_HIN_013187,SRC_000001,0,0,0,0,0
RU_HIN_013188,SRC_000005,1,1,1,1,1
RU_HIN_013189,SRC_000001,0,0,0,0,0
RU_HIN_013190,SRC_000004,1,1,1,1,1
RU_HIN_013191,SRC_000003,1,1,1,1,1
RU_HIN_013192,SRC_000002,1,1,1,1,1
RU_HIN_013193,SRC_000001,1,1,1,1,1
RU_HIN_013194,SRC_000004,1,1,1,1,1
RU_HIN_013195,SRC_000001,1,1,1,1,1
RU_HIN_013196,SRC_000004,0,0,0,0,0
RU_HIN_013197,SRC_000002,1,1,1,1,1
RU_HIN_013198,SRC_000002,0,0,0,0,0
RU_HIN_013199,SRC_000001,1,1,1,1,1
RU_HIN_013200,SRC_000005,1,1,1,1,1
RU_HIN_013201,SRC_000002,1,1,1,1,1
RU_HIN_013202,SRC_000002,1,1,1,1,1
RU_HIN_013203,SRC_000003,0,0,0,0,0
RU_HIN_013204,SRC_000002,1,1,1,1,1
RU_HIN_013205,SRC_000004,1,1,1,1,1
RU_HIN_013206,SRC_000005,0,0,0,0,0
RU_HIN_013207,SRC_000001,1,1,1,1,1
RU_HIN_013208,SRC_000003,0,0,0,0,0
RU_HIN_013209,SRC_000001,1,1,1,1,1
RU_HIN_013210,SRC_000002,1,1,1,1,1
RU_HIN_013211,SRC_000004,1,1,1,1,1
RU_HIN_013212,SRC_000003,1,1,1,1,1
RU_HIN_013213,SRC_000005,1,1,1,1,1
RU_HIN_013214,SRC_000005,1,1,1,1,1
RU_HIN_013215,SRC_000005,1,1,1,1,1
RU_HIN_013216,SRC_000004,1,1,1,1,1
RU_HIN_013217,SRC_000004,1,1,1,1,1
RU_HIN_013218,SRC_000005,1,1,1,1,1
RU_HIN_013219,SRC_000004,1,1,1,1,1
RU_HIN_013220,SRC_000003,1,1,1,1,1
RU_HIN_013221,SRC_000005,1,1,1,1,1
RU_HIN_013222,SRC_000005,1,1,1,1,1
RU_HIN_013223,SRC_000001,0,0,0,0,0
RU_HIN_013224,SRC_000001,1,1,1,1,1
RU_HIN_013225,SRC_000002,1,1,1,1,1
RU_HIN_013226,SRC_000004,1,1,1,1,1
RU_HIN_013227,SRC_000001,1,1,1,1,1
RU_HIN_013228,SRC_000005,1,1,1,1,1
RU_HIN_013229,SRC_000001,1,1,1,1,1
RU_HIN_013230,SRC_000003,1,1,1,1,1
RU_HIN_013231,SRC_000004,1,1,1,1,1
RU_HIN_013232,SRC_000002,1,1,1,1,1
RU_HIN_013233,SRC_000005,0,0,0,0,0
RU_HIN_013234,SRC_000002,0,0,0,0,0
RU_HIN_013235,SRC_000001,1,1,1,1,1
RU_HIN_013236,SRC_000003,1,1,1,1,1
RU_HIN_013237,SRC_000001,1,1,1,1,1
RU_HIN_013238,SRC_000004,1,1,1,1,1
RU_HIN_013239,SRC_000004,1,1,1,1,1
RU_HIN_013240,SRC_000002,1,1,1,1,1
RU_HIN_013241,SRC_000001,1,1,1,1,1
RU_HIN_013242,SRC_000003,0,0,0,0,0
RU_HIN_013243,SRC_000005,1,1,1,1,1
RU_HIN_013244,SRC_000005,1,1,1,1,1
RU_HIN_013245,SRC_000005,1,1,1,1,1
RU_HIN_013246,SRC_000005,0,0,0,0,0
RU_HIN_013247,SRC_000005,0,0,0,0,0
RU_HIN_013248,SRC_000001,1,1,1,1,1
RU_HIN_013249,SRC_000002,1,1,1,1,1
RU_HIN_013250,SRC_000004,0,0,0,0,0
RU_HIN_013251,SRC_000004,1,1,1,1,1
RU_HIN_013252,SRC_000004,1,1,1,1,1
RU_HIN_013253,SRC_000004,0,0,0,0,0
RU_HIN_013254,SRC_000005,1,1,1,1,1
RU_HIN_013255,SRC_000005,1,1,1,1,1
RU_HIN_013256,SRC_000002,1,1,1,1,1
RU_HIN_013257,SRC_000005,1,1,1,1,1
RU_HIN_013258,SRC_000001,1,0,1,1,0
RU_HIN_013259,SRC_000001,1,1,1,1,1
RU_HIN_013260,SRC_000004,0,0,1,1,0
RU_HIN_013261,SRC_000005,0,0,0,0,0
RU_HIN_013262,SRC_000005,1,1,1,1,1
RU_HIN_013263,SRC_000003,1,1,1,1,1
RU_HIN_013264,SRC_000004,1,1,1,1,1
RU_HIN_013265,SRC_000004,1,1,1,1,1
RU_HIN_013266,SRC_000004,1,1,1,1,1
RU_HIN_013267,SRC_000001,1,1,1,1,1
RU_HIN_013268,SRC_000001,0,0,0,0,0
RU_HIN_013269,SRC_000002,1,1,1,1,1
RU_HIN_013270,SRC_000003,1,1,1,1,1
RU_HIN_013271,SRC_000002,1,1,1,1,1
RU_HIN_013272,SRC_000001,0,0,0,0,0
RU_HIN_013273,SRC_000005,1,1,1,1,1
RU_HIN_013274,SRC_000004,0,0,0,0,0
RU_HIN_013275,SRC_000001,1,1,1,1,1
RU_HIN_013276,SRC_000002,1,0,1,1,1
RU_HIN_013277,SRC_000001,1,1,1,1,1
RU_HIN_013278,SRC_000005,1,1,1,1,1
RU_HIN_013279,SRC_000001,1,1,1,1,1
RU_HIN_013280,SRC_000005,1,1,1,1,1
RU_HIN_013281,SRC_000003,1,1,1,1,1
RU_HIN_013282,SRC_000003,1,1,1,1,1
RU_HIN_013283,SRC_000001,1,1,1,1,1
RU_HIN_013284,SRC_000003,1,1,1,1,1
RU_HIN_013285,SRC_000001,1,1,1,1,1
RU_HIN_013286,SRC_000004,0,0,0,0,0
RU_HIN_013287,SRC_000001,1,1,1,1,1
RU_HIN_013288,SRC_000005,0,0,0,0,0
RU_HIN_013289,SRC_000002,1,1,1,1,1
RU_HIN_013290,SRC_000003,1,1,1,1,1
RU_HIN_013291,SRC_000005,1,1,1,1,1
RU_HIN_013292,SRC_000001,1,1,1,1,1
RU_HIN_013293,SRC_000001,1,1,1,1,1
RU_HIN_013294,SRC_000005,1,1,1,1,1
RU_HIN_013295,SRC_000002,1,1,1,1,1
RU_HIN_013296,SRC_000004,0,0,0,0,0
RU_HIN_013297,SRC_000002,0,0,1,1,0
RU_HIN_013298,SRC_000003,1,1,1,1,1
RU_HIN_013299,SRC_000003,1,1,1,1,1
RU_HIN_013300,SRC_000005,1,1,1,1,1
RU_HIN_013301,SRC_000003,1,1,1,1,1
RU_HIN_013302,SRC_000002,1,1,1,1,1
RU_HIN_013303,SRC_000003,1,1,1,1,1
RU_HIN_013304,SRC_000005,1,1,1,1,1
RU_HIN_013305,SRC_000002,1,1,1,1,1
RU_HIN_013306,SRC_000005,1,1,1,1,1
RU_HIN_013307,SRC_000005,1,1,1,1,1
RU_HIN_013308,SRC_000002,0,0,0,0,0
RU_HIN_013309,SRC_000001,0,0,0,0,0
RU_HIN_013310,SRC_000005,0,0,0,0,0
RU_HIN_013311,SRC_000003,0,0,0,0,0
RU_HIN_013312,SRC_000001,0,0,0,0,0
RU_HIN_013313,SRC_000003,1,1,1,1,1
RU_HIN_013314,SRC_000005,1,1,1,1,1
RU_HIN_013315,SRC_000002,1,0,1,1,0
RU_HIN_013316,SRC_000004,1,1,1,1,1
RU_HIN_013317,SRC_000005,1,1,1,1,1
RU_HIN_013318,SRC_000001,1,1,1,1,1
RU_HIN_013319,SRC_000005,0,0,0,0,0
RU_HIN_013320,SRC_000001,0,0,0,0,0
RU_HIN_013321,SRC_000004,1,1,1,1,1
RU_HIN_013322,SRC_000001,0,0,0,0,0
RU_HIN_013323,SRC_000005,1,1,1,1,1
RU_HIN_013324,SRC_000001,1,1,1,1,1
RU_HIN_013325,SRC_000003,1,1,1,1,1
RU_HIN_013326,SRC_000005,1,1,1,1,1
RU_HIN_013327,SRC_000003,0,0,0,0,0
RU_HIN_013328,SRC_000002,1,1,1,1,1
RU_HIN_013329,SRC_000005,1,1,1,1,1
RU_HIN_013330,SRC_000001,1,1,1,1,1
RU_HIN_013331,SRC_000001,1,1,1,1,1
RU_HIN_013332,SRC_000004,1,1,1,1,1
RU_HIN_013333,SRC_000002,1,1,1,1,1
RU_HIN_013334,SRC_000004,1,1,1,1,1
RU_HIN_013335,SRC_000005,1,1,1,1,1
RU_HIN_013336,SRC_000002,1,1,1,1,1
RU_HIN_013337,SRC_000004,1,1,1,1,1
RU_HIN_013338,SRC_000005,1,1,1,1,1
RU_HIN_013339,SRC_000001,1,1,1,1,1
RU_HIN_013340,SRC_000004,0,0,0,0,0
RU_HIN_013341,SRC_000002,1,1,1,1,1
RU_HIN_013342,SRC_000002,1,1,1,1,1
RU_HIN_013343,SRC_000005,0,0,0,0,0
RU_HIN_013344,SRC_000005,1,1,1,1,1
RU_HIN_013345,SRC_000004,1,1,1,1,1
RU_HIN_013346,SRC_000002,1,1,1,1,1
RU_HIN_013347,SRC_000005,0,0,0,0,0
RU_HIN_013348,SRC_000002,1,1,1,1,1
RU_HIN_013349,SRC_000001,1,1,1,1,1
RU_HIN_013350,SRC_000002,0,0,0,0,0
RU_HIN_013351,SRC_000003,1,1,1,1,1
RU_HIN_013352,SRC_000001,1,1,1,1,1
RU_HIN_013353,SRC_000003,1,1,1,1,1
RU_HIN_013354,SRC_000005,1,1,1,1,1
RU_HIN_013355,SRC_000001,0,0,0,0,0
RU_HIN_013356,SRC_000005,0,0,0,0,0
RU_HIN_013357,SRC_000004,0,0,0,0,0
RU_HIN_013358,SRC_000004,1,1,1,1,1
RU_HIN_013359,SRC_000003,1,1,1,1,1
RU_HIN_013360,SRC_000005,1,1,1,1,1
RU_HIN_013361,SRC_000001,0,0,1,1,0
RU_HIN_013362,SRC_000002,1,1,1,1,1
RU_HIN_013363,SRC_000004,1,1,1,1,1
RU_HIN_013364,SRC_000002,0,0,1,1,0
RU_HIN_013365,SRC_000001,1,1,1,1,1
RU_HIN_013366,SRC_000005,1,1,1,1,1
RU_HIN_013367,SRC_000002,1,1,1,1,1
RU_HIN_013368,SRC_000005,1,1,1,1,1
RU_HIN_013369,SRC_000003,1,1,1,1,1
RU_HIN_013370,SRC_000002,1,1,1,1,1
RU_HIN_013371,SRC_000002,1,1,1,1,1
RU_HIN_013372,SRC_000005,1,1,1,1,1
RU_HIN_013373,SRC_000001,0,0,0,0,0
RU_HIN_013374,SRC_000002,0,0,0,0,0
RU_HIN_013375,SRC_000002,1,1,1,1,1
RU_HIN_013376,SRC_000002,1,1,1,1,1
RU_HIN_013377,SRC_000002,1,1,1,1,1
RU_HIN_013378,SRC_000003,1,1,1,1,1
RU_HIN_013379,SRC_000003,0,0,0,0,0
RU_HIN_013380,SRC_000004,1,1,1,1,1
RU_HIN_013381,SRC_000003,1,1,1,1,1
RU_HIN_013382,SRC_000004,1,1,1,1,1
RU_HIN_013383,SRC_000003,1,1,1,1,1
RU_HIN_013384,SRC_000003,1,1,1,1,1
RU_HIN_013385,SRC_000004,0,0,0,0,0
RU_HIN_013386,SRC_000003,1,1,1,1,1
RU_HIN_013387,SRC_000004,0,0,0,0,0
RU_HIN_013388,SRC_000003,1,1,1,1,1
RU_HIN_013389,SRC_000001,1,1,1,1,1
RU_HIN_013390,SRC_000001,1,1,1,1,1
RU_HIN_013391,SRC_000005,0,0,0,0,0
RU_HIN_013392,SRC_000002,0,0,0,0,0
RU_HIN_013393,SRC_000002,1,1,1,1,1
RU_HIN_013394,SRC_000003,1,1,1,1,1
RU_HIN_013395,SRC_000004,1,1,1,1,1
RU_HIN_013396,SRC_000004,1,1,1,1,1
RU_HIN_013397,SRC_000004,1,1,1,1,1
RU_HIN_013398,SRC_000002,1,1,1,1,1
RU_HIN_013399,SRC_000005,0,0,0,0,0
RU_HIN_013400,SRC_000003,1,1,1,1,1
RU_HIN_013401,SRC_000004,0,0,0,0,0
RU_HIN_013402,SRC_000005,0,0,0,0,0
RU_HIN_013403,SRC_000004,0,0,0,0,0
RU_HIN_013404,SRC_000003,1,1,1,1,1
RU_HIN_013405,SRC_000004,0,0,0,0,0
RU_HIN_013406,SRC_000004,1,1,1,1,1
RU_HIN_013407,SRC_000004,1,1,1,1,1
RU_HIN_013408,SRC_000004,1,1,1,1,1
RU_HIN_013409,SRC_000004,0,0,0,0,0
RU_HIN_013410,SRC_000003,1,1,1,1,1
RU_HIN_013411,SRC_000003,1,1,1,1,1
RU_HIN_013412,SRC_000003,1,1,1,1,1
RU_HIN_013413,SRC_000004,0,0,0,0,0
RU_HIN_013414,SRC_000005,1,1,1,1,1
RU_HIN_013415,SRC_000004,0,0,0,0,0
RU_HIN_013416,SRC_000002,1,1,1,1,1
RU_HIN_013417,SRC_000002,1,1,1,1,1
RU_HIN_013418,SRC_000002,1,1,1,1,1
RU_HIN_013419,SRC_000005,0,0,0,0,0
RU_HIN_013420,SRC_000004,1,1,1,1,1
RU_HIN_013421,SRC_000005,1,1,1,1,1
RU_HIN_013422,SRC_000002,1,1,1,1,1
RU_HIN_013423,SRC_000002,1,1,1,1,1
RU_HIN_013424,SRC_000003,0,0,0,0,0
RU_HIN_013425,SRC_000002,1,1,1,1,1
RU_HIN_013426,SRC_000001,1,1,1,1,1
RU_HIN_013427,SRC_000004,0,0,0,0,0
RU_HIN_013428,SRC_000005,0,0,0,0,0
RU_HIN_013429,SRC_000001,0,0,0,0,0
RU_HIN_013430,SRC_000005,1,1,1,1,1
RU_HIN_013431,SRC_000005,1,1,1,1,1
RU_HIN_013432,SRC_000004,1,1,1,1,1
RU_HIN_013433,SRC_000002,1,1,1,1,1
RU_HIN_013434,SRC_000001,0,0,0,0,0
RU_HIN_013435,SRC_000003,1,1,1,1,1
RU_HIN_013436,SRC_000001,1,1,1,1,1
RU_HIN_013437,SRC_000001,1,1,1,1,1
RU_HIN_013438,SRC_000001,1,1,1,1,1
RU_HIN_013439,SRC_000004,0,0,0,0,0
RU_HIN_013440,SRC_000001,1,1,1,1,1
RU_HIN_013441,SRC_000004,1,1,1,1,1
RU_HIN_013442,SRC_000002,1,1,1,1,1
RU_HIN_013443,SRC_000003,0,0,0,0,0
RU_HIN_013444,SRC_000001,1,1,1,1,1
RU_HIN_013445,SRC_000003,1,1,1,1,1
RU_HIN_013446,SRC_000004,0,0,1,1,0
RU_HIN_013447,SRC_000003,1,1,1,1,1
RU_HIN_013448,SRC_000005,1,1,1,1,1
RU_HIN_013449,SRC_000005,1,1,1,1,1
RU_HIN_013450,SRC_000005,1,1,1,1,1
RU_HIN_013451,SRC_000004,1,1,1,1,1
RU_HIN_013452,SRC_000002,1,1,1,1,1
RU_HIN_013453,SRC_000001,1,1,1,1,1
RU_HIN_013454,SRC_000003,1,1,1,1,1
RU_HIN_013455,SRC_000004,0,0,0,0,0
RU_HIN_013456,SRC_000003,1,1,1,1,1
RU_HIN_013457,SRC_000005,0,0,0,0,0
RU_HIN_013458,SRC_000004,1,1,1,1,1
RU_HIN_013459,SRC_000001,0,0,0,0,0
RU_HIN_013460,SRC_000004,1,1,1,1,1
RU_HIN_013461,SRC_000001,1,1,1,1,1
RU_HIN_013462,SRC_000002,1,1,1,1,1
RU_HIN_013463,SRC_000002,1,1,1,1,1
RU_HIN_013464,SRC_000003,1,1,1,1,1
RU_HIN_013465,SRC_000002,1,0,1,1,0
RU_HIN_013466,SRC_000002,1,1,1,1,1
RU_HIN_013467,SRC_000002,1,1,1,1,1
RU_HIN_013468,SRC_000001,0,0,0,0,0
RU_HIN_013469,SRC_000003,1,1,1,1,1
RU_HIN_013470,SRC_000001,0,0,0,0,0
RU_HIN_013471,SRC_000004,1,1,1,1,1
RU_HIN_013472,SRC_000003,0,0,0,0,0
RU_HIN_013473,SRC_000004,1,1,1,1,1
RU_HIN_013474,SRC_000004,1,1,1,1,1
RU_HIN_013475,SRC_000003,1,1,1,1,1
RU_HIN_013476,SRC_000001,1,1,1,1,1
RU_HIN_013477,SRC_000005,1,1,1,1,1
RU_HIN_013478,SRC_000005,1,1,1,1,1
RU_HIN_013479,SRC_000005,1,1,1,1,1
RU_HIN_013480,SRC_000002,1,1,1,1,1
RU_HIN_013481,SRC_000005,1,1,1,1,1
RU_HIN_013482,SRC_000004,1,1,1,1,1
RU_HIN_013483,SRC_000005,1,1,1,1,1
RU_HIN_013484,SRC_000002,1,1,1,1,1
RU_HIN_013485,SRC_000005,1,1,1,1,1
RU_HIN_013486,SRC_000001,1,1,1,1,1
RU_HIN_013487,SRC_000003,0,0,1,1,0
RU_HIN_013488,SRC_000001,1,1,1,1,1
RU_HIN_013489,SRC_000002,0,0,0,0,0
RU_HIN_013490,SRC_000003,1,1,1,1,1
RU_HIN_013491,SRC_000004,1,1,1,1,1
RU_HIN_013492,SRC_000001,0,0,0,0,0
RU_HIN_013493,SRC_000002,0,0,0,0,0
RU_HIN_013494,SRC_000003,1,1,1,1,1
RU_HIN_013495,SRC_000003,1,1,1,1,1
RU_HIN_013496,SRC_000003,0,0,0,0,0
RU_HIN_013497,SRC_000004,1,1,1,1,1
RU_HIN_013498,SRC_000004,1,1,1,1,1
RU_HIN_013499,SRC_000003,1,1,1,1,1
RU_HIN_013500,SRC_000004,0,0,0,0,0
