dialogue_id,target_subtype,source_id,text,language
RU_HIN_000560,EXTREMIST_PROPAGANDA,SRC_000001,"Если ты истинный патриот, вступай в радикальное крыло [АККАУНТ]. (id: 560)",RU
KK_HIN_000979,EXTREMIST_PROPAGANDA,SRC_000005,"Бұл саясаткерлер шектен шықты, бәріміз көшеге шығып, оларды құлатуымыз керек! [ССЫЛКА] (id: 979)",KK
KK_HIN_000802,EXTREMIST_PROPAGANDA,SRC_000002,"Егер сен нағыз патриот болсаң, біздің радикалды топқа қосыл [АККАУНТ]. (id: 802)",KK
KK_HIN_001314,EXTREMIST_PROPAGANDA,SRC_000002,"Бұл саясаткерлер шектен шықты, бәріміз көшеге шығып, оларды құлатуымыз керек! [ССЫЛКА] (id: 1314)",KK
KK_HIN_001252,EXTREMIST_PROPAGANDA,SRC_000004,"Егер сен нағыз патриот болсаң, біздің радикалды топқа қосыл [АККАУНТ]. (id: 1252)",KK
KK_HIN_001208,EXTREMIST_PROPAGANDA,SRC_000005,"Бұл саясаткерлер шектен шықты, бәріміз көшеге шығып, оларды құлатуымыз керек! [ССЫЛКА] (id: 1208)",KK
KK_HIN_001036,EXTREMIST_PROPAGANDA,SRC_000002,"Бұл саясаткерлер шектен шықты, бәріміз көшеге шығып, оларды құлатуымыз керек! [ССЫЛКА] (id: 1036)",KK
KK_HIN_000960,EXTREMIST_PROPAGANDA,SRC_000005,"Егер сен нағыз патриот болсаң, біздің радикалды топқа қосыл [АККАУНТ]. (id: 960)",KK
RU_HIN_000636,EXTREMIST_PROPAGANDA,SRC_000004,"Эти политики совсем обнаглели, нужно собираться на площадях и сносить их! [ССЫЛКА] (id: 636)",RU
RU_HIN_000367,EXTREMIST_PROPAGANDA,SRC_000003,"Эти политики совсем обнаглели, нужно собираться на площадях и сносить их! [ССЫЛКА] (id: 367)",RU
KK_HIN_000929,EXTREMIST_PROPAGANDA,SRC_000002,"Егер сен нағыз патриот болсаң, біздің радикалды топқа қосыл [АККАУНТ]. (id: 929)",KK
RU_HIN_000460,EXTREMIST_PROPAGANDA,SRC_000005,"Эти политики совсем обнаглели, нужно собираться на площадях и сносить их! [ССЫЛКА] (id: 460)",RU
RU_HIN_000115,EXTREMIST_PROPAGANDA,SRC_000005,"Если ты истинный патриот, вступай в радикальное крыло [АККАУНТ]. (id: 115)",RU
KK_HIN_000816,EXTREMIST_PROPAGANDA,SRC_000003,"Бұл саясаткерлер шектен шықты, бәріміз көшеге шығып, оларды құлатуымыз керек! [ССЫЛКА] (id: 816)",KK
KK_HIN_000812,EXTREMIST_PROPAGANDA,SRC_000005,"Егер сен нағыз патриот болсаң, біздің радикалды топқа қосыл [АККАУНТ]. (id: 812)",KK
KK_HIN_000942,EXTREMIST_PROPAGANDA,SRC_000001,"Егер сен нағыз патриот болсаң, біздің радикалды топқа қосыл [АККАУНТ]. (id: 942)",KK
KK_HIN_001198,EXTREMIST_PROPAGANDA,SRC_000002,"Бұл саясаткерлер шектен шықты, бәріміз көшеге шығып, оларды құлатуымыз керек! [ССЫЛКА] (id: 1198)",KK
KK_HIN_001227,EXTREMIST_PROPAGANDA,SRC_000002,"Егер сен нағыз патриот болсаң, біздің радикалды топқа қосыл [АККАУНТ]. (id: 1227)",KK
RU_HIN_000285,EXTREMIST_PROPAGANDA,SRC_000004,"Эти политики совсем обнаглели, нужно собираться на площадях и сносить их! [ССЫЛКА] (id: 285)",RU
RU_HIN_000483,EXTREMIST_PROPAGANDA,SRC_000002,"Если ты истинный патриот, вступай в радикальное крыло [АККАУНТ]. (id: 483)",RU
KK_HIN_000805,EXTREMIST_PROPAGANDA,SRC_000004,"Егер сен нағыз патриот болсаң, біздің радикалды топқа қосыл [АККАУНТ]. (id: 805)",KK
RU_HIN_000400,EXTREMIST_PROPAGANDA,SRC_000004,"Эти политики совсем обнаглели, нужно собираться на площадях и сносить их! [ССЫЛКА] (id: 400)",RU
KK_HIN_001158,EXTREMIST_PROPAGANDA,SRC_000004,"Бұл саясаткерлер шектен шықты, бәріміз көшеге шығып, оларды құлатуымыз керек! [ССЫЛКА] (id: 1158)",KK
RU_HIN_000717,EXTREMIST_PROPAGANDA,SRC_000003,"Эти политики совсем обнаглели, нужно собираться на площадях и сносить их! [ССЫЛКА] (id: 717)",RU
RU_HIN_000581,EXTREMIST_PROPAGANDA,SRC_000005,"Если ты истинный патриот, вступай в радикальное крыло [АККАУНТ]. (id: 581)",RU
RU_HIN_000687,EXTREMIST_PROPAGANDA,SRC_000002,"Эти политики совсем обнаглели, нужно собираться на площадях и сносить их! [ССЫЛКА] (id: 687)",RU
RU_HIN_000110,EXTREMIST_PROPAGANDA,SRC_000005,"Эти политики совсем обнаглели, нужно собираться на площадях и сносить их! [ССЫЛКА] (id: 110)",RU
KK_HIN_001202,EXTREMIST_PROPAGANDA,SRC_000005,"Егер сен нағыз патриот болсаң, біздің радикалды топқа қосыл [АККАУНТ]. (id: 1202)",KK
RU_HIN_000170,EXTREMIST_PROPAGANDA,SRC_000005,"Если ты истинный патриот, вступай в радикальное крыло [АККАУНТ]. (id: 170)",RU
RU_HIN_000457,EXTREMIST_PROPAGANDA,SRC_000005,"Если ты истинный патриот, вступай в радикальное крыло [АККАУНТ]. (id: 457)",RU
KK_HIN_001320,EXTREMIST_PROPAGANDA,SRC_000004,"Егер сен нағыз патриот болсаң, біздің радикалды топқа қосыл [АККАУНТ]. (id: 1320)",KK
KK_HIN_000764,EXTREMIST_PROPAGANDA,SRC_000002,"Бұл саясаткерлер шектен шықты, бәріміз көшеге шығып, оларды құлатуымыз керек! [ССЫЛКА] (id: 764)",KK
KK_HIN_001077,EXTREMIST_PROPAGANDA,SRC_000001,"Бұл саясаткерлер шектен шықты, бәріміз көшеге шығып, оларды құлатуымыз керек! [ССЫЛКА] (id: 1077)",KK
RU_HIN_000680,EXTREMIST_PROPAGANDA,SRC_000003,"Эти политики совсем обнаглели, нужно собираться на площадях и сносить их! [ССЫЛКА] (id: 680)",RU
RU_HIN_000116,EXTREMIST_PROPAGANDA,SRC_000001,"Эти политики совсем обнаглели, нужно собираться на площадях и сносить их! [ССЫЛКА] (id: 116)",RU
KK_HIN_001447,EXTREMIST_PROPAGANDA,SRC_000003,"Егер сен нағыз патриот болсаң, біздің радикалды топқа қосыл [АККАУНТ]. (id: 1447)",KK
KK_HIN_001069,EXTREMIST_PROPAGANDA,SRC_000005,"Бұл саясаткерлер шектен шықты, бәріміз көшеге шығып, оларды құлатуымыз керек! [ССЫЛКА] (id: 1069)",KK
KK_HIN_001191,EXTREMIST_PROPAGANDA,SRC_000004,"Егер сен нағыз патриот болсаң, біздің радикалды топқа қосыл [АККАУНТ]. (id: 1191)",KK
KK_HIN_001440,EXTREMIST_PROPAGANDA,SRC_000004,"Бұл саясаткерлер шектен шықты, бәріміз көшеге шығып, оларды құлатуымыз керек! [ССЫЛКА] (id: 1440)",KK
KK_HIN_000940,EXTREMIST_PROPAGANDA,SRC_000005,"Бұл саясаткерлер шектен шықты, бәріміз көшеге шығып, оларды құлатуымыз керек! [ССЫЛКА] (id: 940)",KK
RU_HIN_000029,EXTREMIST_PROPAGANDA,SRC_000001,"Если ты истинный патриот, вступай в радикальное крыло [АККАУНТ]. (id: 29)",RU
KK_HIN_000949,EXTREMIST_PROPAGANDA,SRC_000002,"Егер сен нағыз патриот болсаң, біздің радикалды топқа қосыл [АККАУНТ]. (id: 949)",KK
KK_HIN_001486,EXTREMIST_PROPAGANDA,SRC_000003,"Егер сен нағыз патриот болсаң, біздің радикалды топқа қосыл [АККАУНТ]. (id: 1486)",KK
KK_HIN_001455,EXTREMIST_PROPAGANDA,SRC_000004,"Бұл саясаткерлер шектен шықты, бәріміз көшеге шығып, оларды құлатуымыз керек! [ССЫЛКА] (id: 1455)",KK
RU_HIN_000487,EXTREMIST_PROPAGANDA,SRC_000003,"Если ты истинный патриот, вступай в радикальное крыло [АККАУНТ]. (id: 487)",RU
KK_HIN_001292,EXTREMIST_PROPAGANDA,SRC_000003,"Егер сен нағыз патриот болсаң, біздің радикалды топқа қосыл [АККАУНТ]. (id: 1292)",KK
KK_HIN_000839,EXTREMIST_PROPAGANDA,SRC_000005,"Бұл саясаткерлер шектен шықты, бәріміз көшеге шығып, оларды құлатуымыз керек! [ССЫЛКА] (id: 839)",KK
RU_HIN_000745,EXTREMIST_PROPAGANDA,SRC_000002,"Если ты истинный патриот, вступай в радикальное крыло [АККАУНТ]. (id: 745)",RU
RU_HIN_000191,EXTREMIST_PROPAGANDA,SRC_000002,"Если ты истинный патриот, вступай в радикальное крыло [АККАУНТ]. (id: 191)",RU
RU_HIN_000349,EXTREMIST_PROPAGANDA,SRC_000003,"Эти политики совсем обнаглели, нужно собираться на площадях и сносить их! [ССЫЛКА] (id: 349)",RU
KK_HIN_001006,EXTREMIST_PROPAGANDA,SRC_000002,"Бұл саясаткерлер шектен шықты, бәріміз көшеге шығып, оларды құлатуымыз керек! [ССЫЛКА] (id: 1006)",KK
RU_HIN_000026,EXTREMIST_PROPAGANDA,SRC_000005,"Если ты истинный патриот, вступай в радикальное крыло [АККАУНТ]. (id: 26)",RU
KK_HIN_000912,EXTREMIST_PROPAGANDA,SRC_000002,"Егер сен нағыз патриот болсаң, біздің радикалды топқа қосыл [АККАУНТ]. (id: 912)",KK
RU_HIN_000381,EXTREMIST_PROPAGANDA,SRC_000002,"Эти политики совсем обнаглели, нужно собираться на площадях и сносить их! [ССЫЛКА] (id: 381)",RU
KK_HIN_001351,EXTREMIST_PROPAGANDA,SRC_000005,"Егер сен нағыз патриот болсаң, біздің радикалды топқа қосыл [АККАУНТ]. (id: 1351)",KK
RU_HIN_000538,EXTREMIST_PROPAGANDA,SRC_000003,"Если ты истинный патриот, вступай в радикальное крыло [АККАУНТ]. (id: 538)",RU
RU_HIN_000517,EXTREMIST_PROPAGANDA,SRC_000002,"Если ты истинный патриот, вступай в радикальное крыло [АККАУНТ]. (id: 517)",RU
KK_HIN_001491,EXTREMIST_PROPAGANDA,SRC_000003,"Егер сен нағыз патриот болсаң, біздің радикалды топқа қосыл [АККАУНТ]. (id: 1491)",KK
RU_HIN_000433,EXTREMIST_PROPAGANDA,SRC_000003,"Эти политики совсем обнаглели, нужно собираться на площадях и сносить их! [ССЫЛКА] (id: 433)",RU
KK_HIN_001144,EXTREMIST_PROPAGANDA,SRC_000004,"Егер сен нағыз патриот болсаң, біздің радикалды топқа қосыл [АККАУНТ]. (id: 1144)",KK
RU_HIN_000693,EXTREMIST_PROPAGANDA,SRC_000004,"Эти политики совсем обнаглели, нужно собираться на площадях и сносить их! [ССЫЛКА] (id: 693)",RU
KK_HIN_000893,EXTREMIST_PROPAGANDA,SRC_000005,"Бұл саясаткерлер шектен шықты, бәріміз көшеге шығып, оларды құлатуымыз керек! [ССЫЛКА] (id: 893)",KK
KK_HIN_000844,EXTREMIST_PROPAGANDA,SRC_000005,"Бұл саясаткерлер шектен шықты, бәріміз көшеге шығып, оларды құлатуымыз керек! [ССЫЛКА] (id: 844)",KK
RU_HIN_000605,EXTREMIST_PROPAGANDA,SRC_000001,"Если ты истинный патриот, вступай в радикальное крыло [АККАУНТ]. (id: 605)",RU
KK_HIN_001217,EXTREMIST_PROPAGANDA,SRC_000003,"Егер сен нағыз патриот болсаң, біздің радикалды топқа қосыл [АККАУНТ]. (id: 1217)",KK
KK_HIN_001343,EXTREMIST_PROPAGANDA,SRC_000004,"Егер сен нағыз патриот болсаң, біздің радикалды топқа қосыл [АККАУНТ]. (id: 1343)",KK
KK_HIN_000914,EXTREMIST_PROPAGANDA,SRC_000003,"Бұл саясаткерлер шектен шықты, бәріміз көшеге шығып, оларды құлатуымыз керек! [ССЫЛКА] (id: 914)",KK
KK_HIN_000957,EXTREMIST_PROPAGANDA,SRC_000002,"Егер сен нағыз патриот болсаң, біздің радикалды топқа қосыл [АККАУНТ]. (id: 957)",KK
RU_HIN_000179,EXTREMIST_PROPAGANDA,SRC_000003,"Эти политики совсем обнаглели, нужно собираться на площадях и сносить их! [ССЫЛКА] (id: 179)",RU
RU_HIN_000552,EXTREMIST_PROPAGANDA,SRC_000004,"Эти политики совсем обнаглели, нужно собираться на площадях и сносить их! [ССЫЛКА] (id: 552)",RU
KK_HIN_001498,EXTREMIST_PROPAGANDA,SRC_000003,"Бұл саясаткерлер шектен шықты, бәріміз көшеге шығып, оларды құлатуымыз керек! [ССЫЛКА] (id: 1498)",KK
KK_HIN_001084,EXTREMIST_PROPAGANDA,SRC_000005,"Бұл саясаткерлер шектен шықты, бәріміз көшеге шығып, оларды құлатуымыз керек! [ССЫЛКА] (id: 1084)",KK
RU_HIN_000009,EXTREMIST_PROPAGANDA,SRC_000005,"Эти политики совсем обнаглели, нужно собираться на площадях и сносить их! [ССЫЛКА] (id: 9)",RU
KK_HIN_001478,EXTREMIST_PROPAGANDA,SRC_000002,"Егер сен нағыз патриот болсаң, біздің радикалды топқа қосыл [АККАУНТ]. (id: 1478)",KK
KK_HIN_001180,EXTREMIST_PROPAGANDA,SRC_000002,"Егер сен нағыз патриот болсаң, біздің радикалды топқа қосыл [АККАУНТ]. (id: 1180)",KK
RU_HIN_000623,EXTREMIST_PROPAGANDA,SRC_000003,"Эти политики совсем обнаглели, нужно собираться на площадях и сносить их! [ССЫЛКА] (id: 623)",RU
KK_HIN_001297,EXTREMIST_PROPAGANDA,SRC_000004,"Егер сен нағыз патриот болсаң, біздің радикалды топқа қосыл [АККАУНТ]. (id: 1297)",KK
RU_HIN_000688,EXTREMIST_PROPAGANDA,SRC_000001,"Эти политики совсем обнаглели, нужно собираться на площадях и сносить их! [ССЫЛКА] (id: 688)",RU
RU_HIN_000650,EXTREMIST_PROPAGANDA,SRC_000005,"Если ты истинный патриот, вступай в радикальное крыло [АККАУНТ]. (id: 650)",RU
RU_HIN_000578,EXTREMIST_PROPAGANDA,SRC_000001,"Если ты истинный патриот, вступай в радикальное крыло [АККАУНТ]. (id: 578)",RU
KK_HIN_000897,EXTREMIST_PROPAGANDA,SRC_000001,"Бұл саясаткерлер шектен шықты, бәріміз көшеге шығып, оларды құлатуымыз керек! [ССЫЛКА] (id: 897)",KK
RU_HIN_000498,EXTREMIST_PROPAGANDA,SRC_000004,"Эти политики совсем обнаглели, нужно собираться на площадях и сносить их! [ССЫЛКА] (id: 498)",RU
RU_HIN_000551,EXTREMIST_PROPAGANDA,SRC_000005,"Если ты истинный патриот, вступай в радикальное крыло [АККАУНТ]. (id: 551)",RU
KK_HIN_001101,EXTREMIST_PROPAGANDA,SRC_000004,"Бұл саясаткерлер шектен шықты, бәріміз көшеге шығып, оларды құлатуымыз керек! [ССЫЛКА] (id: 1101)",KK
RU_HIN_000344,EXTREMIST_PROPAGANDA,SRC_000004,"Если ты истинный патриот, вступай в радикальное крыло [АККАУНТ]. (id: 344)",RU
RU_HIN_000744,EXTREMIST_PROPAGANDA,SRC_000004,"Эти политики совсем обнаглели, нужно собираться на площадях и сносить их! [ССЫЛКА] (id: 744)",RU
KK_HIN_001085,EXTREMIST_PROPAGANDA,SRC_000003,"Бұл саясаткерлер шектен шықты, бәріміз көшеге шығып, оларды құлатуымыз керек! [ССЫЛКА] (id: 1085)",KK
RU_HIN_000197,EXTREMIST_PROPAGANDA,SRC_000005,"Если ты истинный патриот, вступай в радикальное крыло [АККАУНТ]. (id: 197)",RU
RU_HIN_000028,EXTREMIST_PROPAGANDA,SRC_000002,"Эти политики совсем обнаглели, нужно собираться на площадях и сносить их! [ССЫЛКА] (id: 28)",RU
KK_HIN_001303,EXTREMIST_PROPAGANDA,SRC_000002,"Бұл саясаткерлер шектен шықты, бәріміз көшеге шығып, оларды құлатуымыз керек! [ССЫЛКА] (id: 1303)",KK
RU_HIN_000561,EXTREMIST_PROPAGANDA,SRC_000003,"Если ты истинный патриот, вступай в радикальное крыло [АККАУНТ]. (id: 561)",RU
RU_HIN_000660,EXTREMIST_PROPAGANDA,SRC_000002,"Если ты истинный патриот, вступай в радикальное крыло [АККАУНТ]. (id: 660)",RU
RU_HIN_000391,EXTREMIST_PROPAGANDA,SRC_000001,"Если ты истинный патриот, вступай в радикальное крыло [АККАУНТ]. (id: 391)",RU
KK_HIN_001200,EXTREMIST_PROPAGANDA,SRC_000003,"Егер сен нағыз патриот болсаң, біздің радикалды топқа қосыл [АККАУНТ]. (id: 1200)",KK
RU_HIN_000653,EXTREMIST_PROPAGANDA,SRC_000004,"Эти политики совсем обнаглели, нужно собираться на площадях и сносить их! [ССЫЛКА] (id: 653)",RU
KK_HIN_001415,EXTREMIST_PROPAGANDA,SRC_000002,"Егер сен нағыз патриот болсаң, біздің радикалды топқа қосыл [АККАУНТ]. (id: 1415)",KK
KK_HIN_000865,EXTREMIST_PROPAGANDA,SRC_000003,"Егер сен нағыз патриот болсаң, біздің радикалды топқа қосыл [АККАУНТ]. (id: 865)",KK
KK_HIN_001220,EXTREMIST_PROPAGANDA,SRC_000003,"Бұл саясаткерлер шектен шықты, бәріміз көшеге шығып, оларды құлатуымыз керек! [ССЫЛКА] (id: 1220)",KK
KK_HIN_001397,EXTREMIST_PROPAGANDA,SRC_000003,"Егер сен нағыз патриот болсаң, біздің радикалды топқа қосыл [АККАУНТ]. (id: 1397)",KK
RU_HIN_000072,EXTREMIST_PROPAGANDA,SRC_000005,"Эти политики совсем обнаглели, нужно собираться на площадях и сносить их! [ССЫЛКА] (id: 72)",RU
KK_HIN_002799,EXTREMIST_RECRUITMENT,SRC_000003,Тікелей акциялар үшін батыл жігіттер іздейміз. Төлем криптомен. [АККАУНТ] жазыңыз. (id: 2799),KK
KK_HIN_002386,EXTREMIST_RECRUITMENT,SRC_000002,Идея үшін күресуге дайынсың ба? Бізге үндеу таратуға адамдар керек. [ССЫЛКА] (id: 2386),KK
KK_HIN_002683,EXTREMIST_RECRUITMENT,SRC_000002,Идея үшін күресуге дайынсың ба? Бізге үндеу таратуға адамдар керек. [ССЫЛКА] (id: 2683),KK
RU_HIN_001912,EXTREMIST_RECRUITMENT,SRC_000002,Готов бороться за идею? Нам нужны люди для закладки листовок. [ССЫЛКА] (id: 1912),RU
RU_HIN_002221,EXTREMIST_RECRUITMENT,SRC_000005,Готов бороться за идею? Нам нужны люди для закладки листовок. [ССЫЛКА] (id: 2221),RU
KK_HIN_002895,EXTREMIST_RECRUITMENT,SRC_000005,Идея үшін күресуге дайынсың ба? Бізге үндеу таратуға адамдар керек. [ССЫЛКА] (id: 2895),KK
KK_HIN_002686,EXTREMIST_RECRUITMENT,SRC_000003,Идея үшін күресуге дайынсың ба? Бізге үндеу таратуға адамдар керек. [ССЫЛКА] (id: 2686),KK
RU_HIN_002093,EXTREMIST_RECRUITMENT,SRC_000002,Ищем смелых парней для акций прямого действия. Оплата криптой. Писать [АККАУНТ]. (id: 2093),RU
RU_HIN_001773,EXTREMIST_RECRUITMENT,SRC_000002,Ищем смелых парней для акций прямого действия. Оплата криптой. Писать [АККАУНТ]. (id: 1773),RU
RU_HIN_001561,EXTREMIST_RECRUITMENT,SRC_000002,Готов бороться за идею? Нам нужны люди для закладки листовок. [ССЫЛКА] (id: 1561),RU
RU_HIN_002067,EXTREMIST_RECRUITMENT,SRC_000004,Ищем смелых парней для акций прямого действия. Оплата криптой. Писать [АККАУНТ]. (id: 2067),RU
RU_HIN_001690,EXTREMIST_RECRUITMENT,SRC_000001,Готов бороться за идею? Нам нужны люди для закладки листовок. [ССЫЛКА] (id: 1690),RU
KK_HIN_002543,EXTREMIST_RECRUITMENT,SRC_000002,Тікелей акциялар үшін батыл жігіттер іздейміз. Төлем криптомен. [АККАУНТ] жазыңыз. (id: 2543),KK
KK_HIN_002793,EXTREMIST_RECRUITMENT,SRC_000003,Идея үшін күресуге дайынсың ба? Бізге үндеу таратуға адамдар керек. [ССЫЛКА] (id: 2793),KK
KK_HIN_002536,EXTREMIST_RECRUITMENT,SRC_000003,Идея үшін күресуге дайынсың ба? Бізге үндеу таратуға адамдар керек. [ССЫЛКА] (id: 2536),KK
KK_HIN_002756,EXTREMIST_RECRUITMENT,SRC_000005,Идея үшін күресуге дайынсың ба? Бізге үндеу таратуға адамдар керек. [ССЫЛКА] (id: 2756),KK
RU_HIN_001900,EXTREMIST_RECRUITMENT,SRC_000005,Готов бороться за идею? Нам нужны люди для закладки листовок. [ССЫЛКА] (id: 1900),RU
RU_HIN_001854,EXTREMIST_RECRUITMENT,SRC_000001,Готов бороться за идею? Нам нужны люди для закладки листовок. [ССЫЛКА] (id: 1854),RU
KK_HIN_002789,EXTREMIST_RECRUITMENT,SRC_000001,Идея үшін күресуге дайынсың ба? Бізге үндеу таратуға адамдар керек. [ССЫЛКА] (id: 2789),KK
RU_HIN_001948,EXTREMIST_RECRUITMENT,SRC_000003,Готов бороться за идею? Нам нужны люди для закладки листовок. [ССЫЛКА] (id: 1948),RU
RU_HIN_001628,EXTREMIST_RECRUITMENT,SRC_000002,Ищем смелых парней для акций прямого действия. Оплата криптой. Писать [АККАУНТ]. (id: 1628),RU
RU_HIN_001946,EXTREMIST_RECRUITMENT,SRC_000002,Ищем смелых парней для акций прямого действия. Оплата криптой. Писать [АККАУНТ]. (id: 1946),RU
RU_HIN_001568,EXTREMIST_RECRUITMENT,SRC_000001,Ищем смелых парней для акций прямого действия. Оплата криптой. Писать [АККАУНТ]. (id: 1568),RU
KK_HIN_002992,EXTREMIST_RECRUITMENT,SRC_000005,Тікелей акциялар үшін батыл жігіттер іздейміз. Төлем криптомен. [АККАУНТ] жазыңыз. (id: 2992),KK
KK_HIN_002700,EXTREMIST_RECRUITMENT,SRC_000005,Тікелей акциялар үшін батыл жігіттер іздейміз. Төлем криптомен. [АККАУНТ] жазыңыз. (id: 2700),KK
KK_HIN_002534,EXTREMIST_RECRUITMENT,SRC_000005,Тікелей акциялар үшін батыл жігіттер іздейміз. Төлем криптомен. [АККАУНТ] жазыңыз. (id: 2534),KK
RU_HIN_001794,EXTREMIST_RECRUITMENT,SRC_000005,Ищем смелых парней для акций прямого действия. Оплата криптой. Писать [АККАУНТ]. (id: 1794),RU
RU_HIN_001761,EXTREMIST_RECRUITMENT,SRC_000004,Готов бороться за идею? Нам нужны люди для закладки листовок. [ССЫЛКА] (id: 1761),RU
KK_HIN_002437,EXTREMIST_RECRUITMENT,SRC_000002,Идея үшін күресуге дайынсың ба? Бізге үндеу таратуға адамдар керек. [ССЫЛКА] (id: 2437),KK
KK_HIN_002347,EXTREMIST_RECRUITMENT,SRC_000004,Тікелей акциялар үшін батыл жігіттер іздейміз. Төлем криптомен. [АККАУНТ] жазыңыз. (id: 2347),KK
KK_HIN_002475,EXTREMIST_RECRUITMENT,SRC_000004,Тікелей акциялар үшін батыл жігіттер іздейміз. Төлем криптомен. [АККАУНТ] жазыңыз. (id: 2475),KK
KK_HIN_002564,EXTREMIST_RECRUITMENT,SRC_000005,Тікелей акциялар үшін батыл жігіттер іздейміз. Төлем криптомен. [АККАУНТ] жазыңыз. (id: 2564),KK
RU_HIN_002036,EXTREMIST_RECRUITMENT,SRC_000002,Готов бороться за идею? Нам нужны люди для закладки листовок. [ССЫЛКА] (id: 2036),RU
KK_HIN_002578,EXTREMIST_RECRUITMENT,SRC_000003,Идея үшін күресуге дайынсың ба? Бізге үндеу таратуға адамдар керек. [ССЫЛКА] (id: 2578),KK
RU_HIN_002144,EXTREMIST_RECRUITMENT,SRC_000001,Ищем смелых парней для акций прямого действия. Оплата криптой. Писать [АККАУНТ]. (id: 2144),RU
RU_HIN_001615,EXTREMIST_RECRUITMENT,SRC_000003,Ищем смелых парней для акций прямого действия. Оплата криптой. Писать [АККАУНТ]. (id: 1615),RU
RU_HIN_001972,EXTREMIST_RECRUITMENT,SRC_000002,Ищем смелых парней для акций прямого действия. Оплата криптой. Писать [АККАУНТ]. (id: 1972),RU
KK_HIN_002381,EXTREMIST_RECRUITMENT,SRC_000001,Тікелей акциялар үшін батыл жігіттер іздейміз. Төлем криптомен. [АККАУНТ] жазыңыз. (id: 2381),KK
RU_HIN_001539,EXTREMIST_RECRUITMENT,SRC_000005,Ищем смелых парней для акций прямого действия. Оплата криптой. Писать [АККАУНТ]. (id: 1539),RU
RU_HIN_001532,EXTREMIST_RECRUITMENT,SRC_000004,Ищем смелых парней для акций прямого действия. Оплата криптой. Писать [АККАУНТ]. (id: 1532),RU
RU_HIN_001971,EXTREMIST_RECRUITMENT,SRC_000005,Ищем смелых парней для акций прямого действия. Оплата криптой. Писать [АККАУНТ]. (id: 1971),RU
RU_HIN_001709,EXTREMIST_RECRUITMENT,SRC_000004,Ищем смелых парней для акций прямого действия. Оплата криптой. Писать [АККАУНТ]. (id: 1709),RU
RU_HIN_001834,EXTREMIST_RECRUITMENT,SRC_000002,Ищем смелых парней для акций прямого действия. Оплата криптой. Писать [АККАУНТ]. (id: 1834),RU
KK_HIN_002765,EXTREMIST_RECRUITMENT,SRC_000004,Идея үшін күресуге дайынсың ба? Бізге үндеу таратуға адамдар керек. [ССЫЛКА] (id: 2765),KK
RU_HIN_001884,EXTREMIST_RECRUITMENT,SRC_000001,Ищем смелых парней для акций прямого действия. Оплата криптой. Писать [АККАУНТ]. (id: 1884),RU
KK_HIN_002274,EXTREMIST_RECRUITMENT,SRC_000002,Идея үшін күресуге дайынсың ба? Бізге үндеу таратуға адамдар керек. [ССЫЛКА] (id: 2274),KK
RU_HIN_002227,EXTREMIST_RECRUITMENT,SRC_000005,Готов бороться за идею? Нам нужны люди для закладки листовок. [ССЫЛКА] (id: 2227),RU
KK_HIN_002485,EXTREMIST_RECRUITMENT,SRC_000004,Идея үшін күресуге дайынсың ба? Бізге үндеу таратуға адамдар керек. [ССЫЛКА] (id: 2485),KK
RU_HIN_002147,EXTREMIST_RECRUITMENT,SRC_000004,Готов бороться за идею? Нам нужны люди для закладки листовок. [ССЫЛКА] (id: 2147),RU
RU_HIN_001850,EXTREMIST_RECRUITMENT,SRC_000004,Готов бороться за идею? Нам нужны люди для закладки листовок. [ССЫЛКА] (id: 1850),RU
KK_HIN_002797,EXTREMIST_RECRUITMENT,SRC_000005,Тікелей акциялар үшін батыл жігіттер іздейміз. Төлем криптомен. [АККАУНТ] жазыңыз. (id: 2797),KK
RU_HIN_002063,EXTREMIST_RECRUITMENT,SRC_000003,Ищем смелых парней для акций прямого действия. Оплата криптой. Писать [АККАУНТ]. (id: 2063),RU
KK_HIN_002947,EXTREMIST_RECRUITMENT,SRC_000002,Идея үшін күресуге дайынсың ба? Бізге үндеу таратуға адамдар керек. [ССЫЛКА] (id: 2947),KK
KK_HIN_002479,EXTREMIST_RECRUITMENT,SRC_000005,Тікелей акциялар үшін батыл жігіттер іздейміз. Төлем криптомен. [АККАУНТ] жазыңыз. (id: 2479),KK
KK_HIN_002852,EXTREMIST_RECRUITMENT,SRC_000001,Идея үшін күресуге дайынсың ба? Бізге үндеу таратуға адамдар керек. [ССЫЛКА] (id: 2852),KK
RU_HIN_001641,EXTREMIST_RECRUITMENT,SRC_000005,Ищем смелых парней для акций прямого действия. Оплата криптой. Писать [АККАУНТ]. (id: 1641),RU
KK_HIN_002574,EXTREMIST_RECRUITMENT,SRC_000002,Идея үшін күресуге дайынсың ба? Бізге үндеу таратуға адамдар керек. [ССЫЛКА] (id: 2574),KK
RU_HIN_001680,EXTREMIST_RECRUITMENT,SRC_000001,Ищем смелых парней для акций прямого действия. Оплата криптой. Писать [АККАУНТ]. (id: 1680),RU
KK_HIN_002257,EXTREMIST_RECRUITMENT,SRC_000005,Тікелей акциялар үшін батыл жігіттер іздейміз. Төлем криптомен. [АККАУНТ] жазыңыз. (id: 2257),KK
RU_HIN_002229,EXTREMIST_RECRUITMENT,SRC_000001,Ищем смелых парней для акций прямого действия. Оплата криптой. Писать [АККАУНТ]. (id: 2229),RU
RU_HIN_002224,EXTREMIST_RECRUITMENT,SRC_000002,Готов бороться за идею? Нам нужны люди для закладки листовок. [ССЫЛКА] (id: 2224),RU
KK_HIN_002790,EXTREMIST_RECRUITMENT,SRC_000005,Идея үшін күресуге дайынсың ба? Бізге үндеу таратуға адамдар керек. [ССЫЛКА] (id: 2790),KK
RU_HIN_001776,EXTREMIST_RECRUITMENT,SRC_000002,Готов бороться за идею? Нам нужны люди для закладки листовок. [ССЫЛКА] (id: 1776),RU
KK_HIN_002616,EXTREMIST_RECRUITMENT,SRC_000001,Идея үшін күресуге дайынсың ба? Бізге үндеу таратуға адамдар керек. [ССЫЛКА] (id: 2616),KK
RU_HIN_001790,EXTREMIST_RECRUITMENT,SRC_000003,Ищем смелых парней для акций прямого действия. Оплата криптой. Писать [АККАУНТ]. (id: 1790),RU
KK_HIN_002468,EXTREMIST_RECRUITMENT,SRC_000002,Тікелей акциялар үшін батыл жігіттер іздейміз. Төлем криптомен. [АККАУНТ] жазыңыз. (id: 2468),KK
RU_HIN_002031,EXTREMIST_RECRUITMENT,SRC_000004,Ищем смелых парней для акций прямого действия. Оплата криптой. Писать [АККАУНТ]. (id: 2031),RU
KK_HIN_002862,EXTREMIST_RECRUITMENT,SRC_000001,Идея үшін күресуге дайынсың ба? Бізге үндеу таратуға адамдар керек. [ССЫЛКА] (id: 2862),KK
RU_HIN_002059,EXTREMIST_RECRUITMENT,SRC_000001,Ищем смелых парней для акций прямого действия. Оплата криптой. Писать [АККАУНТ]. (id: 2059),RU
RU_HIN_001998,EXTREMIST_RECRUITMENT,SRC_000002,Готов бороться за идею? Нам нужны люди для закладки листовок. [ССЫЛКА] (id: 1998),RU
KK_HIN_002658,EXTREMIST_RECRUITMENT,SRC_000003,Тікелей акциялар үшін батыл жігіттер іздейміз. Төлем криптомен. [АККАУНТ] жазыңыз. (id: 2658),KK
RU_HIN_001516,EXTREMIST_RECRUITMENT,SRC_000003,Готов бороться за идею? Нам нужны люди для закладки листовок. [ССЫЛКА] (id: 1516),RU
KK_HIN_002581,EXTREMIST_RECRUITMENT,SRC_000004,Тікелей акциялар үшін батыл жігіттер іздейміз. Төлем криптомен. [АККАУНТ] жазыңыз. (id: 2581),KK
RU_HIN_001855,EXTREMIST_RECRUITMENT,SRC_000002,Ищем смелых парней для акций прямого действия. Оплата криптой. Писать [АККАУНТ]. (id: 1855),RU
RU_HIN_001837,EXTREMIST_RECRUITMENT,SRC_000004,Готов бороться за идею? Нам нужны люди для закладки листовок. [ССЫЛКА] (id: 1837),RU
KK_HIN_002252,EXTREMIST_RECRUITMENT,SRC_000002,Идея үшін күресуге дайынсың ба? Бізге үндеу таратуға адамдар керек. [ССЫЛКА] (id: 2252),KK
RU_HIN_001977,EXTREMIST_RECRUITMENT,SRC_000003,Готов бороться за идею? Нам нужны люди для закладки листовок. [ССЫЛКА] (id: 1977),RU
KK_HIN_002914,EXTREMIST_RECRUITMENT,SRC_000002,Идея үшін күресуге дайынсың ба? Бізге үндеу таратуға адамдар керек. [ССЫЛКА] (id: 2914),KK
RU_HIN_001751,EXTREMIST_RECRUITMENT,SRC_000001,Готов бороться за идею? Нам нужны люди для закладки листовок. [ССЫЛКА] (id: 1751),RU
KK_HIN_002290,EXTREMIST_RECRUITMENT,SRC_000002,Идея үшін күресуге дайынсың ба? Бізге үндеу таратуға адамдар керек. [ССЫЛКА] (id: 2290),KK
KK_HIN_002480,EXTREMIST_RECRUITMENT,SRC_000003,Идея үшін күресуге дайынсың ба? Бізге үндеу таратуға адамдар керек. [ССЫЛКА] (id: 2480),KK
KK_HIN_002994,EXTREMIST_RECRUITMENT,SRC_000005,Идея үшін күресуге дайынсың ба? Бізге үндеу таратуға адамдар керек. [ССЫЛКА] (id: 2994),KK
KK_HIN_002880,EXTREMIST_RECRUITMENT,SRC_000001,Идея үшін күресуге дайынсың ба? Бізге үндеу таратуға адамдар керек. [ССЫЛКА] (id: 2880),KK
KK_HIN_002741,EXTREMIST_RECRUITMENT,SRC_000005,Тікелей акциялар үшін батыл жігіттер іздейміз. Төлем криптомен. [АККАУНТ] жазыңыз. (id: 2741),KK
KK_HIN_002369,EXTREMIST_RECRUITMENT,SRC_000004,Тікелей акциялар үшін батыл жігіттер іздейміз. Төлем криптомен. [АККАУНТ] жазыңыз. (id: 2369),KK
KK_HIN_002744,EXTREMIST_RECRUITMENT,SRC_000004,Тікелей акциялар үшін батыл жігіттер іздейміз. Төлем криптомен. [АККАУНТ] жазыңыз. (id: 2744),KK
KK_HIN_002412,EXTREMIST_RECRUITMENT,SRC_000005,Тікелей акциялар үшін батыл жігіттер іздейміз. Төлем криптомен. [АККАУНТ] жазыңыз. (id: 2412),KK
KK_HIN_002426,EXTREMIST_RECRUITMENT,SRC_000001,Идея үшін күресуге дайынсың ба? Бізге үндеу таратуға адамдар керек. [ССЫЛКА] (id: 2426),KK
RU_HIN_002249,EXTREMIST_RECRUITMENT,SRC_000005,Ищем смелых парней для акций прямого действия. Оплата криптой. Писать [АККАУНТ]. (id: 2249),RU
RU_HIN_001746,EXTREMIST_RECRUITMENT,SRC_000003,Готов бороться за идею? Нам нужны люди для закладки листовок. [ССЫЛКА] (id: 1746),RU
KK_HIN_002392,EXTREMIST_RECRUITMENT,SRC_000001,Тікелей акциялар үшін батыл жігіттер іздейміз. Төлем криптомен. [АККАУНТ] жазыңыз. (id: 2392),KK
RU_HIN_001841,EXTREMIST_RECRUITMENT,SRC_000001,Ищем смелых парней для акций прямого действия. Оплата криптой. Писать [АККАУНТ]. (id: 1841),RU
KK_HIN_002508,EXTREMIST_RECRUITMENT,SRC_000004,Тікелей акциялар үшін батыл жігіттер іздейміз. Төлем криптомен. [АККАУНТ] жазыңыз. (id: 2508),KK
KK_HIN_002513,EXTREMIST_RECRUITMENT,SRC_000005,Идея үшін күресуге дайынсың ба? Бізге үндеу таратуға адамдар керек. [ССЫЛКА] (id: 2513),KK
RU_HIN_002102,EXTREMIST_RECRUITMENT,SRC_000005,Готов бороться за идею? Нам нужны люди для закладки листовок. [ССЫЛКА] (id: 2102),RU
RU_HIN_001724,EXTREMIST_RECRUITMENT,SRC_000001,Готов бороться за идею? Нам нужны люди для закладки листовок. [ССЫЛКА] (id: 1724),RU
RU_HIN_001876,EXTREMIST_RECRUITMENT,SRC_000002,Готов бороться за идею? Нам нужны люди для закладки листовок. [ССЫЛКА] (id: 1876),RU
KK_HIN_002589,EXTREMIST_RECRUITMENT,SRC_000004,Идея үшін күресуге дайынсың ба? Бізге үндеу таратуға адамдар керек. [ССЫЛКА] (id: 2589),KK
RU_HIN_001831,EXTREMIST_RECRUITMENT,SRC_000002,Готов бороться за идею? Нам нужны люди для закладки листовок. [ССЫЛКА] (id: 1831),RU
RU_HIN_001993,EXTREMIST_RECRUITMENT,SRC_000001,Ищем смелых парней для акций прямого действия. Оплата криптой. Писать [АККАУНТ]. (id: 1993),RU
RU_HIN_003117,VIOLENCE_GLORIFICATION,SRC_000002,"Так ему и надо, жестко раскатали толпой! Скинул полное видео тут [ССЫЛКА] (id: 3117)",RU
KK_HIN_004184,VIOLENCE_GLORIFICATION,SRC_000003,"Жарайсыңдар, жазасын берді! Өз орнын білсін. (id: 4184)",KK
RU_HIN_003355,VIOLENCE_GLORIFICATION,SRC_000001,"Так ему и надо, жестко раскатали толпой! Скинул полное видео тут [ССЫЛКА] (id: 3355)",RU
RU_HIN_003745,VIOLENCE_GLORIFICATION,SRC_000004,"Так ему и надо, жестко раскатали толпой! Скинул полное видео тут [ССЫЛКА] (id: 3745)",RU
RU_HIN_003663,VIOLENCE_GLORIFICATION,SRC_000005,"Так ему и надо, жестко раскатали толпой! Скинул полное видео тут [ССЫЛКА] (id: 3663)",RU
KK_HIN_004162,VIOLENCE_GLORIFICATION,SRC_000005,"Жарайсыңдар, жазасын берді! Өз орнын білсін. (id: 4162)",KK
RU_HIN_003711,VIOLENCE_GLORIFICATION,SRC_000005,"Так ему и надо, жестко раскатали толпой! Скинул полное видео тут [ССЫЛКА] (id: 3711)",RU
KK_HIN_004389,VIOLENCE_GLORIFICATION,SRC_000002,"Обалы жоқ, топ болып жақсылап сабады! Толық видео осында [ССЫЛКА] (id: 4389)",KK
RU_HIN_003068,VIOLENCE_GLORIFICATION,SRC_000001,"Так ему и надо, жестко раскатали толпой! Скинул полное видео тут [ССЫЛКА] (id: 3068)",RU
RU_HIN_003626,VIOLENCE_GLORIFICATION,SRC_000005,"Красавчики, наказали чушпана! Пусть знает свое место. (id: 3626)",RU
RU_HIN_003581,VIOLENCE_GLORIFICATION,SRC_000004,"Красавчики, наказали чушпана! Пусть знает свое место. (id: 3581)",RU
RU_HIN_003015,VIOLENCE_GLORIFICATION,SRC_000001,"Красавчики, наказали чушпана! Пусть знает свое место. (id: 3015)",RU
RU_HIN_003148,VIOLENCE_GLORIFICATION,SRC_000005,"Так ему и надо, жестко раскатали толпой! Скинул полное видео тут [ССЫЛКА] (id: 3148)",RU
RU_HIN_003310,VIOLENCE_GLORIFICATION,SRC_000004,"Красавчики, наказали чушпана! Пусть знает свое место. (id: 3310)",RU
RU_HIN_003175,VIOLENCE_GLORIFICATION,SRC_000004,"Так ему и надо, жестко раскатали толпой! Скинул полное видео тут [ССЫЛКА] (id: 3175)",RU
KK_HIN_003998,VIOLENCE_GLORIFICATION,SRC_000003,"Обалы жоқ, топ болып жақсылап сабады! Толық видео осында [ССЫЛКА] (id: 3998)",KK
KK_HIN_004258,VIOLENCE_GLORIFICATION,SRC_000004,"Обалы жоқ, топ болып жақсылап сабады! Толық видео осында [ССЫЛКА] (id: 4258)",KK
KK_HIN_004211,VIOLENCE_GLORIFICATION,SRC_000002,"Обалы жоқ, топ болып жақсылап сабады! Толық видео осында [ССЫЛКА] (id: 4211)",KK
KK_HIN_003882,VIOLENCE_GLORIFICATION,SRC_000004,"Жарайсыңдар, жазасын берді! Өз орнын білсін. (id: 3882)",KK
KK_HIN_004443,VIOLENCE_GLORIFICATION,SRC_000003,"Обалы жоқ, топ болып жақсылап сабады! Толық видео осында [ССЫЛКА] (id: 4443)",KK
KK_HIN_003794,VIOLENCE_GLORIFICATION,SRC_000002,"Жарайсыңдар, жазасын берді! Өз орнын білсін. (id: 3794)",KK
RU_HIN_003455,VIOLENCE_GLORIFICATION,SRC_000002,"Так ему и надо, жестко раскатали толпой! Скинул полное видео тут [ССЫЛКА] (id: 3455)",RU
RU_HIN_003385,VIOLENCE_GLORIFICATION,SRC_000004,"Так ему и надо, жестко раскатали толпой! Скинул полное видео тут [ССЫЛКА] (id: 3385)",RU
KK_HIN_004222,VIOLENCE_GLORIFICATION,SRC_000001,"Обалы жоқ, топ болып жақсылап сабады! Толық видео осында [ССЫЛКА] (id: 4222)",KK
RU_HIN_003456,VIOLENCE_GLORIFICATION,SRC_000003,"Красавчики, наказали чушпана! Пусть знает свое место. (id: 3456)",RU
KK_HIN_004202,VIOLENCE_GLORIFICATION,SRC_000003,"Обалы жоқ, топ болып жақсылап сабады! Толық видео осында [ССЫЛКА] (id: 4202)",KK
KK_HIN_003765,VIOLENCE_GLORIFICATION,SRC_000002,"Жарайсыңдар, жазасын берді! Өз орнын білсін. (id: 3765)",KK
KK_HIN_003896,VIOLENCE_GLORIFICATION,SRC_000003,"Жарайсыңдар, жазасын берді! Өз орнын білсін. (id: 3896)",KK
RU_HIN_003700,VIOLENCE_GLORIFICATION,SRC_000004,"Так ему и надо, жестко раскатали толпой! Скинул полное видео тут [ССЫЛКА] (id: 3700)",RU
RU_HIN_003543,VIOLENCE_GLORIFICATION,SRC_000003,"Красавчики, наказали чушпана! Пусть знает свое место. (id: 3543)",RU
KK_HIN_003871,VIOLENCE_GLORIFICATION,SRC_000003,"Обалы жоқ, топ болып жақсылап сабады! Толық видео осында [ССЫЛКА] (id: 3871)",KK
KK_HIN_004219,VIOLENCE_GLORIFICATION,SRC_000003,"Жарайсыңдар, жазасын берді! Өз орнын білсін. (id: 4219)",KK
KK_HIN_003889,VIOLENCE_GLORIFICATION,SRC_000004,"Жарайсыңдар, жазасын берді! Өз орнын білсін. (id: 3889)",KK
KK_HIN_003815,VIOLENCE_GLORIFICATION,SRC_000002,"Жарайсыңдар, жазасын берді! Өз орнын білсін. (id: 3815)",KK
KK_HIN_004427,VIOLENCE_GLORIFICATION,SRC_000005,"Жарайсыңдар, жазасын берді! Өз орнын білсін. (id: 4427)",KK
RU_HIN_003303,VIOLENCE_GLORIFICATION,SRC_000001,"Так ему и надо, жестко раскатали толпой! Скинул полное видео тут [ССЫЛКА] (id: 3303)",RU
KK_HIN_004238,VIOLENCE_GLORIFICATION,SRC_000004,"Жарайсыңдар, жазасын берді! Өз орнын білсін. (id: 4238)",KK
KK_HIN_004321,VIOLENCE_GLORIFICATION,SRC_000005,"Жарайсыңдар, жазасын берді! Өз орнын білсін. (id: 4321)",KK
RU_HIN_003621,VIOLENCE_GLORIFICATION,SRC_000005,"Так ему и надо, жестко раскатали толпой! Скинул полное видео тут [ССЫЛКА] (id: 3621)",RU
RU_HIN_003245,VIOLENCE_GLORIFICATION,SRC_000004,"Так ему и надо, жестко раскатали толпой! Скинул полное видео тут [ССЫЛКА] (id: 3245)",RU
KK_HIN_004189,VIOLENCE_GLORIFICATION,SRC_000004,"Жарайсыңдар, жазасын берді! Өз орнын білсін. (id: 4189)",KK
KK_HIN_004021,VIOLENCE_GLORIFICATION,SRC_000002,"Жарайсыңдар, жазасын берді! Өз орнын білсін. (id: 4021)",KK
RU_HIN_003732,VIOLENCE_GLORIFICATION,SRC_000005,"Красавчики, наказали чушпана! Пусть знает свое место. (id: 3732)",RU
RU_HIN_003420,VIOLENCE_GLORIFICATION,SRC_000004,"Красавчики, наказали чушпана! Пусть знает свое место. (id: 3420)",RU
RU_HIN_003431,VIOLENCE_GLORIFICATION,SRC_000004,"Красавчики, наказали чушпана! Пусть знает свое место. (id: 3431)",RU
RU_HIN_003219,VIOLENCE_GLORIFICATION,SRC_000003,"Так ему и надо, жестко раскатали толпой! Скинул полное видео тут [ССЫЛКА] (id: 3219)",RU
KK_HIN_004248,VIOLENCE_GLORIFICATION,SRC_000004,"Жарайсыңдар, жазасын берді! Өз орнын білсін. (id: 4248)",KK
RU_HIN_003084,VIOLENCE_GLORIFICATION,SRC_000003,"Так ему и надо, жестко раскатали толпой! Скинул полное видео тут [ССЫЛКА] (id: 3084)",RU
KK_HIN_004140,VIOLENCE_GLORIFICATION,SRC_000005,"Обалы жоқ, топ болып жақсылап сабады! Толық видео осында [ССЫЛКА] (id: 4140)",KK
KK_HIN_003944,VIOLENCE_GLORIFICATION,SRC_000002,"Жарайсыңдар, жазасын берді! Өз орнын білсін. (id: 3944)",KK
KK_HIN_003949,VIOLENCE_GLORIFICATION,SRC_000003,"Обалы жоқ, топ болып жақсылап сабады! Толық видео осында [ССЫЛКА] (id: 3949)",KK
RU_HIN_003600,VIOLENCE_GLORIFICATION,SRC_000004,"Красавчики, наказали чушпана! Пусть знает свое место. (id: 3600)",RU
RU_HIN_003133,VIOLENCE_GLORIFICATION,SRC_000001,"Так ему и надо, жестко раскатали толпой! Скинул полное видео тут [ССЫЛКА] (id: 3133)",RU
KK_HIN_004476,VIOLENCE_GLORIFICATION,SRC_000004,"Жарайсыңдар, жазасын берді! Өз орнын білсін. (id: 4476)",KK
RU_HIN_003118,VIOLENCE_GLORIFICATION,SRC_000002,"Так ему и надо, жестко раскатали толпой! Скинул полное видео тут [ССЫЛКА] (id: 3118)",RU
RU_HIN_003092,VIOLENCE_GLORIFICATION,SRC_000005,"Так ему и надо, жестко раскатали толпой! Скинул полное видео тут [ССЫЛКА] (id: 3092)",RU
RU_HIN_003207,VIOLENCE_GLORIFICATION,SRC_000004,"Красавчики, наказали чушпана! Пусть знает свое место. (id: 3207)",RU
RU_HIN_003744,VIOLENCE_GLORIFICATION,SRC_000001,"Так ему и надо, жестко раскатали толпой! Скинул полное видео тут [ССЫЛКА] (id: 3744)",RU
KK_HIN_003861,VIOLENCE_GLORIFICATION,SRC_000001,"Жарайсыңдар, жазасын берді! Өз орнын білсін. (id: 3861)",KK
RU_HIN_003630,VIOLENCE_GLORIFICATION,SRC_000005,"Так ему и надо, жестко раскатали толпой! Скинул полное видео тут [ССЫЛКА] (id: 3630)",RU
RU_HIN_003589,VIOLENCE_GLORIFICATION,SRC_000001,"Так ему и надо, жестко раскатали толпой! Скинул полное видео тут [ССЫЛКА] (id: 3589)",RU
RU_HIN_003574,VIOLENCE_GLORIFICATION,SRC_000001,"Так ему и надо, жестко раскатали толпой! Скинул полное видео тут [ССЫЛКА] (id: 3574)",RU
KK_HIN_003952,VIOLENCE_GLORIFICATION,SRC_000001,"Жарайсыңдар, жазасын берді! Өз орнын білсін. (id: 3952)",KK
KK_HIN_003875,VIOLENCE_GLORIFICATION,SRC_000001,"Обалы жоқ, топ болып жақсылап сабады! Толық видео осында [ССЫЛКА] (id: 3875)",KK
RU_HIN_003075,VIOLENCE_GLORIFICATION,SRC_000001,"Красавчики, наказали чушпана! Пусть знает свое место. (id: 3075)",RU
RU_HIN_003742,VIOLENCE_GLORIFICATION,SRC_000002,"Так ему и надо, жестко раскатали толпой! Скинул полное видео тут [ССЫЛКА] (id: 3742)",RU
KK_HIN_004445,VIOLENCE_GLORIFICATION,SRC_000005,"Обалы жоқ, топ болып жақсылап сабады! Толық видео осында [ССЫЛКА] (id: 4445)",KK
KK_HIN_003974,VIOLENCE_GLORIFICATION,SRC_000001,"Обалы жоқ, топ болып жақсылап сабады! Толық видео осында [ССЫЛКА] (id: 3974)",KK
KK_HIN_004260,VIOLENCE_GLORIFICATION,SRC_000003,"Обалы жоқ, топ болып жақсылап сабады! Толық видео осында [ССЫЛКА] (id: 4260)",KK
KK_HIN_004143,VIOLENCE_GLORIFICATION,SRC_000003,"Обалы жоқ, топ болып жақсылап сабады! Толық видео осында [ССЫЛКА] (id: 4143)",KK
RU_HIN_003349,VIOLENCE_GLORIFICATION,SRC_000002,"Красавчики, наказали чушпана! Пусть знает свое место. (id: 3349)",RU
RU_HIN_003169,VIOLENCE_GLORIFICATION,SRC_000005,"Красавчики, наказали чушпана! Пусть знает свое место. (id: 3169)",RU
KK_HIN_004038,VIOLENCE_GLORIFICATION,SRC_000002,"Обалы жоқ, топ болып жақсылап сабады! Толық видео осында [ССЫЛКА] (id: 4038)",KK
RU_HIN_003115,VIOLENCE_GLORIFICATION,SRC_000004,"Так ему и надо, жестко раскатали толпой! Скинул полное видео тут [ССЫЛКА] (id: 3115)",RU
KK_HIN_004126,VIOLENCE_GLORIFICATION,SRC_000004,"Обалы жоқ, топ болып жақсылап сабады! Толық видео осында [ССЫЛКА] (id: 4126)",KK
RU_HIN_003198,VIOLENCE_GLORIFICATION,SRC_000002,"Так ему и надо, жестко раскатали толпой! Скинул полное видео тут [ССЫЛКА] (id: 3198)",RU
KK_HIN_004262,VIOLENCE_GLORIFICATION,SRC_000004,"Обалы жоқ, топ болып жақсылап сабады! Толық видео осында [ССЫЛКА] (id: 4262)",KK
KK_HIN_003905,VIOLENCE_GLORIFICATION,SRC_000005,"Обалы жоқ, топ болып жақсылап сабады! Толық видео осында [ССЫЛКА] (id: 3905)",KK
RU_HIN_003158,VIOLENCE_GLORIFICATION,SRC_000005,"Красавчики, наказали чушпана! Пусть знает свое место. (id: 3158)",RU
RU_HIN_003378,VIOLENCE_GLORIFICATION,SRC_000001,"Так ему и надо, жестко раскатали толпой! Скинул полное видео тут [ССЫЛКА] (id: 3378)",RU
KK_HIN_003951,VIOLENCE_GLORIFICATION,SRC_000003,"Жарайсыңдар, жазасын берді! Өз орнын білсін. (id: 3951)",KK
KK_HIN_003854,VIOLENCE_GLORIFICATION,SRC_000005,"Жарайсыңдар, жазасын берді! Өз орнын білсін. (id: 3854)",KK
RU_HIN_003586,VIOLENCE_GLORIFICATION,SRC_000003,"Красавчики, наказали чушпана! Пусть знает свое место. (id: 3586)",RU
RU_HIN_003358,VIOLENCE_GLORIFICATION,SRC_000004,"Красавчики, наказали чушпана! Пусть знает свое место. (id: 3358)",RU
KK_HIN_003781,VIOLENCE_GLORIFICATION,SRC_000004,"Жарайсыңдар, жазасын берді! Өз орнын білсін. (id: 3781)",KK
KK_HIN_003942,VIOLENCE_GLORIFICATION,SRC_000001,"Жарайсыңдар, жазасын берді! Өз орнын білсін. (id: 3942)",KK
KK_HIN_004235,VIOLENCE_GLORIFICATION,SRC_000004,"Обалы жоқ, топ болып жақсылап сабады! Толық видео осында [ССЫЛКА] (id: 4235)",KK
KK_HIN_004091,VIOLENCE_GLORIFICATION,SRC_000004,"Обалы жоқ, топ болып жақсылап сабады! Толық видео осында [ССЫЛКА] (id: 4091)",KK
RU_HIN_003083,VIOLENCE_GLORIFICATION,SRC_000001,"Красавчики, наказали чушпана! Пусть знает свое место. (id: 3083)",RU
RU_HIN_003236,VIOLENCE_GLORIFICATION,SRC_000002,"Так ему и надо, жестко раскатали толпой! Скинул полное видео тут [ССЫЛКА] (id: 3236)",RU
KK_HIN_004188,VIOLENCE_GLORIFICATION,SRC_000003,"Жарайсыңдар, жазасын берді! Өз орнын білсін. (id: 4188)",KK
RU_HIN_003072,VIOLENCE_GLORIFICATION,SRC_000002,"Так ему и надо, жестко раскатали толпой! Скинул полное видео тут [ССЫЛКА] (id: 3072)",RU
KK_HIN_004088,VIOLENCE_GLORIFICATION,SRC_000001,"Жарайсыңдар, жазасын берді! Өз орнын білсін. (id: 4088)",KK
RU_HIN_003027,VIOLENCE_GLORIFICATION,SRC_000001,"Красавчики, наказали чушпана! Пусть знает свое место. (id: 3027)",RU
KK_HIN_003755,VIOLENCE_GLORIFICATION,SRC_000004,"Обалы жоқ, топ болып жақсылап сабады! Толық видео осында [ССЫЛКА] (id: 3755)",KK
RU_HIN_003050,VIOLENCE_GLORIFICATION,SRC_000004,"Так ему и надо, жестко раскатали толпой! Скинул полное видео тут [ССЫЛКА] (id: 3050)",RU
KK_HIN_004294,VIOLENCE_GLORIFICATION,SRC_000004,"Обалы жоқ, топ болып жақсылап сабады! Толық видео осында [ССЫЛКА] (id: 4294)",KK
RU_HIN_003182,VIOLENCE_GLORIFICATION,SRC_000004,"Так ему и надо, жестко раскатали толпой! Скинул полное видео тут [ССЫЛКА] (id: 3182)",RU
KK_HIN_004335,VIOLENCE_GLORIFICATION,SRC_000002,"Обалы жоқ, топ болып жақсылап сабады! Толық видео осында [ССЫЛКА] (id: 4335)",KK
RU_HIN_003677,VIOLENCE_GLORIFICATION,SRC_000005,"Так ему и надо, жестко раскатали толпой! Скинул полное видео тут [ССЫЛКА] (id: 3677)",RU
RU_HIN_005247,DANGEROUS_CHALLENGE,SRC_000001,Новый тренд! Задержи дыхание до потери сознания и сними на видео. [АККАУНТ] (id: 5247),RU
RU_HIN_004889,DANGEROUS_CHALLENGE,SRC_000004,Слабо перебежать трассу перед фурой? Скидывай видос. (id: 4889),RU
RU_HIN_005106,DANGEROUS_CHALLENGE,SRC_000001,Слабо перебежать трассу перед фурой? Скидывай видос. (id: 5106),RU
RU_HIN_005222,DANGEROUS_CHALLENGE,SRC_000002,Слабо перебежать трассу перед фурой? Скидывай видос. (id: 5222),RU
RU_HIN_004747,DANGEROUS_CHALLENGE,SRC_000005,Новый тренд! Задержи дыхание до потери сознания и сними на видео. [АККАУНТ] (id: 4747),RU
KK_HIN_005568,DANGEROUS_CHALLENGE,SRC_000005,"Жаңа тренд! Есіңнен танғанша деміңді ұстап, видеоға түсір. [АККАУНТ] (id: 5568)",KK
KK_HIN_005639,DANGEROUS_CHALLENGE,SRC_000004,"Жаңа тренд! Есіңнен танғанша деміңді ұстап, видеоға түсір. [АККАУНТ] (id: 5639)",KK
KK_HIN_005858,DANGEROUS_CHALLENGE,SRC_000001,"Жаңа тренд! Есіңнен танғанша деміңді ұстап, видеоға түсір. [АККАУНТ] (id: 5858)",KK
KK_HIN_005696,DANGEROUS_CHALLENGE,SRC_000002,Жүк көлігінің алдынан жүгіріп өтуге қорқасың ба? Видеоны жібер. (id: 5696),KK
KK_HIN_005370,DANGEROUS_CHALLENGE,SRC_000005,Жүк көлігінің алдынан жүгіріп өтуге қорқасың ба? Видеоны жібер. (id: 5370),KK
RU_HIN_004937,DANGEROUS_CHALLENGE,SRC_000005,Новый тренд! Задержи дыхание до потери сознания и сними на видео. [АККАУНТ] (id: 4937),RU
RU_HIN_004861,DANGEROUS_CHALLENGE,SRC_000001,Новый тренд! Задержи дыхание до потери сознания и сними на видео. [АККАУНТ] (id: 4861),RU
KK_HIN_005375,DANGEROUS_CHALLENGE,SRC_000005,Жүк көлігінің алдынан жүгіріп өтуге қорқасың ба? Видеоны жібер. (id: 5375),KK
KK_HIN_005893,DANGEROUS_CHALLENGE,SRC_000001,"Жаңа тренд! Есіңнен танғанша деміңді ұстап, видеоға түсір. [АККАУНТ] (id: 5893)",KK
KK_HIN_005368,DANGEROUS_CHALLENGE,SRC_000005,Жүк көлігінің алдынан жүгіріп өтуге қорқасың ба? Видеоны жібер. (id: 5368),KK
KK_HIN_005353,DANGEROUS_CHALLENGE,SRC_000002,Жүк көлігінің алдынан жүгіріп өтуге қорқасың ба? Видеоны жібер. (id: 5353),KK
RU_HIN_004947,DANGEROUS_CHALLENGE,SRC_000002,Новый тренд! Задержи дыхание до потери сознания и сними на видео. [АККАУНТ] (id: 4947),RU
RU_HIN_004727,DANGEROUS_CHALLENGE,SRC_000005,Новый тренд! Задержи дыхание до потери сознания и сними на видео. [АККАУНТ] (id: 4727),RU
RU_HIN_004780,DANGEROUS_CHALLENGE,SRC_000005,Слабо перебежать трассу перед фурой? Скидывай видос. (id: 4780),RU
RU_HIN_004838,DANGEROUS_CHALLENGE,SRC_000001,Новый тренд! Задержи дыхание до потери сознания и сними на видео. [АККАУНТ] (id: 4838),RU
KK_HIN_005573,DANGEROUS_CHALLENGE,SRC_000001,"Жаңа тренд! Есіңнен танғанша деміңді ұстап, видеоға түсір. [АККАУНТ] (id: 5573)",KK
KK_HIN_005367,DANGEROUS_CHALLENGE,SRC_000005,"Жаңа тренд! Есіңнен танғанша деміңді ұстап, видеоға түсір. [АККАУНТ] (id: 5367)",KK
RU_HIN_004791,DANGEROUS_CHALLENGE,SRC_000005,Слабо перебежать трассу перед фурой? Скидывай видос. (id: 4791),RU
KK_HIN_005415,DANGEROUS_CHALLENGE,SRC_000004,Жүк көлігінің алдынан жүгіріп өтуге қорқасың ба? Видеоны жібер. (id: 5415),KK
KK_HIN_005631,DANGEROUS_CHALLENGE,SRC_000001,"Жаңа тренд! Есіңнен танғанша деміңді ұстап, видеоға түсір. [АККАУНТ] (id: 5631)",KK
KK_HIN_005391,DANGEROUS_CHALLENGE,SRC_000004,"Жаңа тренд! Есіңнен танғанша деміңді ұстап, видеоға түсір. [АККАУНТ] (id: 5391)",KK
RU_HIN_004969,DANGEROUS_CHALLENGE,SRC_000003,Новый тренд! Задержи дыхание до потери сознания и сними на видео. [АККАУНТ] (id: 4969),RU
KK_HIN_005390,DANGEROUS_CHALLENGE,SRC_000002,Жүк көлігінің алдынан жүгіріп өтуге қорқасың ба? Видеоны жібер. (id: 5390),KK
RU_HIN_005133,DANGEROUS_CHALLENGE,SRC_000005,Новый тренд! Задержи дыхание до потери сознания и сними на видео. [АККАУНТ] (id: 5133),RU
KK_HIN_005732,DANGEROUS_CHALLENGE,SRC_000001,Жүк көлігінің алдынан жүгіріп өтуге қорқасың ба? Видеоны жібер. (id: 5732),KK
RU_HIN_004577,DANGEROUS_CHALLENGE,SRC_000002,Новый тренд! Задержи дыхание до потери сознания и сними на видео. [АККАУНТ] (id: 4577),RU
KK_HIN_005496,DANGEROUS_CHALLENGE,SRC_000001,Жүк көлігінің алдынан жүгіріп өтуге қорқасың ба? Видеоны жібер. (id: 5496),KK
RU_HIN_004917,DANGEROUS_CHALLENGE,SRC_000002,Новый тренд! Задержи дыхание до потери сознания и сними на видео. [АККАУНТ] (id: 4917),RU
KK_HIN_005755,DANGEROUS_CHALLENGE,SRC_000001,Жүк көлігінің алдынан жүгіріп өтуге қорқасың ба? Видеоны жібер. (id: 5755),KK
RU_HIN_004936,DANGEROUS_CHALLENGE,SRC_000005,Новый тренд! Задержи дыхание до потери сознания и сними на видео. [АККАУНТ] (id: 4936),RU
RU_HIN_004968,DANGEROUS_CHALLENGE,SRC_000001,Слабо перебежать трассу перед фурой? Скидывай видос. (id: 4968),RU
KK_HIN_005332,DANGEROUS_CHALLENGE,SRC_000002,"Жаңа тренд! Есіңнен танғанша деміңді ұстап, видеоға түсір. [АККАУНТ] (id: 5332)",KK
RU_HIN_005019,DANGEROUS_CHALLENGE,SRC_000002,Слабо перебежать трассу перед фурой? Скидывай видос. (id: 5019),RU
KK_HIN_005418,DANGEROUS_CHALLENGE,SRC_000002,"Жаңа тренд! Есіңнен танғанша деміңді ұстап, видеоға түсір. [АККАУНТ] (id: 5418)",KK
RU_HIN_004609,DANGEROUS_CHALLENGE,SRC_000002,Слабо перебежать трассу перед фурой? Скидывай видос. (id: 4609),RU
RU_HIN_005097,DANGEROUS_CHALLENGE,SRC_000005,Слабо перебежать трассу перед фурой? Скидывай видос. (id: 5097),RU
RU_HIN_004946,DANGEROUS_CHALLENGE,SRC_000004,Новый тренд! Задержи дыхание до потери сознания и сними на видео. [АККАУНТ] (id: 4946),RU
RU_HIN_004908,DANGEROUS_CHALLENGE,SRC_000002,Новый тренд! Задержи дыхание до потери сознания и сними на видео. [АККАУНТ] (id: 4908),RU
RU_HIN_004821,DANGEROUS_CHALLENGE,SRC_000004,Новый тренд! Задержи дыхание до потери сознания и сними на видео. [АККАУНТ] (id: 4821),RU
KK_HIN_005898,DANGEROUS_CHALLENGE,SRC_000004,"Жаңа тренд! Есіңнен танғанша деміңді ұстап, видеоға түсір. [АККАУНТ] (id: 5898)",KK
KK_HIN_005785,DANGEROUS_CHALLENGE,SRC_000001,Жүк көлігінің алдынан жүгіріп өтуге қорқасың ба? Видеоны жібер. (id: 5785),KK
KK_HIN_005669,DANGEROUS_CHALLENGE,SRC_000002,"Жаңа тренд! Есіңнен танғанша деміңді ұстап, видеоға түсір. [АККАУНТ] (id: 5669)",KK
RU_HIN_005122,DANGEROUS_CHALLENGE,SRC_000003,Слабо перебежать трассу перед фурой? Скидывай видос. (id: 5122),RU
RU_HIN_005217,DANGEROUS_CHALLENGE,SRC_000002,Новый тренд! Задержи дыхание до потери сознания и сними на видео. [АККАУНТ] (id: 5217),RU
KK_HIN_005894,DANGEROUS_CHALLENGE,SRC_000001,Жүк көлігінің алдынан жүгіріп өтуге қорқасың ба? Видеоны жібер. (id: 5894),KK
KK_HIN_005739,DANGEROUS_CHALLENGE,SRC_000001,"Жаңа тренд! Есіңнен танғанша деміңді ұстап, видеоға түсір. [АККАУНТ] (id: 5739)",KK
KK_HIN_005794,DANGEROUS_CHALLENGE,SRC_000003,"Жаңа тренд! Есіңнен танғанша деміңді ұстап, видеоға түсір. [АККАУНТ] (id: 5794)",KK
RU_HIN_004561,DANGEROUS_CHALLENGE,SRC_000003,Слабо перебежать трассу перед фурой? Скидывай видос. (id: 4561),RU
KK_HIN_005519,DANGEROUS_CHALLENGE,SRC_000001,"Жаңа тренд! Есіңнен танғанша деміңді ұстап, видеоға түсір. [АККАУНТ] (id: 5519)",KK
RU_HIN_005126,DANGEROUS_CHALLENGE,SRC_000005,Новый тренд! Задержи дыхание до потери сознания и сними на видео. [АККАУНТ] (id: 5126),RU
RU_HIN_005072,DANGEROUS_CHALLENGE,SRC_000005,Слабо перебежать трассу перед фурой? Скидывай видос. (id: 5072),RU
KK_HIN_005865,DANGEROUS_CHALLENGE,SRC_000005,Жүк көлігінің алдынан жүгіріп өтуге қорқасың ба? Видеоны жібер. (id: 5865),KK
RU_HIN_004687,DANGEROUS_CHALLENGE,SRC_000002,Слабо перебежать трассу перед фурой? Скидывай видос. (id: 4687),RU
KK_HIN_005399,DANGEROUS_CHALLENGE,SRC_000002,Жүк көлігінің алдынан жүгіріп өтуге қорқасың ба? Видеоны жібер. (id: 5399),KK
KK_HIN_005270,DANGEROUS_CHALLENGE,SRC_000001,Жүк көлігінің алдынан жүгіріп өтуге қорқасың ба? Видеоны жібер. (id: 5270),KK
RU_HIN_004689,DANGEROUS_CHALLENGE,SRC_000001,Новый тренд! Задержи дыхание до потери сознания и сними на видео. [АККАУНТ] (id: 4689),RU
RU_HIN_005023,DANGEROUS_CHALLENGE,SRC_000004,Слабо перебежать трассу перед фурой? Скидывай видос. (id: 5023),RU
RU_HIN_004904,DANGEROUS_CHALLENGE,SRC_000005,Новый тренд! Задержи дыхание до потери сознания и сними на видео. [АККАУНТ] (id: 4904),RU
KK_HIN_005455,DANGEROUS_CHALLENGE,SRC_000002,"Жаңа тренд! Есіңнен танғанша деміңді ұстап, видеоға түсір. [АККАУНТ] (id: 5455)",KK
KK_HIN_005401,DANGEROUS_CHALLENGE,SRC_000002,"Жаңа тренд! Есіңнен танғанша деміңді ұстап, видеоға түсір. [АККАУНТ] (id: 5401)",KK
RU_HIN_004852,DANGEROUS_CHALLENGE,SRC_000001,Слабо перебежать трассу перед фурой? Скидывай видос. (id: 4852),RU
KK_HIN_005687,DANGEROUS_CHALLENGE,SRC_000002,Жүк көлігінің алдынан жүгіріп өтуге қорқасың ба? Видеоны жібер. (id: 5687),KK
RU_HIN_004787,DANGEROUS_CHALLENGE,SRC_000001,Слабо перебежать трассу перед фурой? Скидывай видос. (id: 4787),RU
KK_HIN_005522,DANGEROUS_CHALLENGE,SRC_000002,"Жаңа тренд! Есіңнен танғанша деміңді ұстап, видеоға түсір. [АККАУНТ] (id: 5522)",KK
KK_HIN_005965,DANGEROUS_CHALLENGE,SRC_000003,Жүк көлігінің алдынан жүгіріп өтуге қорқасың ба? Видеоны жібер. (id: 5965),KK
KK_HIN_005751,DANGEROUS_CHALLENGE,SRC_000002,"Жаңа тренд! Есіңнен танғанша деміңді ұстап, видеоға түсір. [АККАУНТ] (id: 5751)",KK
RU_HIN_004507,DANGEROUS_CHALLENGE,SRC_000003,Новый тренд! Задержи дыхание до потери сознания и сними на видео. [АККАУНТ] (id: 4507),RU
KK_HIN_005834,DANGEROUS_CHALLENGE,SRC_000002,Жүк көлігінің алдынан жүгіріп өтуге қорқасың ба? Видеоны жібер. (id: 5834),KK
KK_HIN_005574,DANGEROUS_CHALLENGE,SRC_000004,"Жаңа тренд! Есіңнен танғанша деміңді ұстап, видеоға түсір. [АККАУНТ] (id: 5574)",KK
RU_HIN_004648,DANGEROUS_CHALLENGE,SRC_000003,Новый тренд! Задержи дыхание до потери сознания и сними на видео. [АККАУНТ] (id: 4648),RU
RU_HIN_004863,DANGEROUS_CHALLENGE,SRC_000002,Слабо перебежать трассу перед фурой? Скидывай видос. (id: 4863),RU
RU_HIN_005191,DANGEROUS_CHALLENGE,SRC_000003,Слабо перебежать трассу перед фурой? Скидывай видос. (id: 5191),RU
KK_HIN_005870,DANGEROUS_CHALLENGE,SRC_000005,"Жаңа тренд! Есіңнен танғанша деміңді ұстап, видеоға түсір. [АККАУНТ] (id: 5870)",KK
RU_HIN_005003,DANGEROUS_CHALLENGE,SRC_000004,Новый тренд! Задержи дыхание до потери сознания и сними на видео. [АККАУНТ] (id: 5003),RU
RU_HIN_005090,DANGEROUS_CHALLENGE,SRC_000004,Слабо перебежать трассу перед фурой? Скидывай видос. (id: 5090),RU
RU_HIN_004834,DANGEROUS_CHALLENGE,SRC_000002,Слабо перебежать трассу перед фурой? Скидывай видос. (id: 4834),RU
KK_HIN_005267,DANGEROUS_CHALLENGE,SRC_000005,Жүк көлігінің алдынан жүгіріп өтуге қорқасың ба? Видеоны жібер. (id: 5267),KK
RU_HIN_005118,DANGEROUS_CHALLENGE,SRC_000002,Слабо перебежать трассу перед фурой? Скидывай видос. (id: 5118),RU
RU_HIN_004886,DANGEROUS_CHALLENGE,SRC_000002,Новый тренд! Задержи дыхание до потери сознания и сними на видео. [АККАУНТ] (id: 4886),RU
KK_HIN_005864,DANGEROUS_CHALLENGE,SRC_000004,Жүк көлігінің алдынан жүгіріп өтуге қорқасың ба? Видеоны жібер. (id: 5864),KK
RU_HIN_005109,DANGEROUS_CHALLENGE,SRC_000003,Слабо перебежать трассу перед фурой? Скидывай видос. (id: 5109),RU
KK_HIN_005463,DANGEROUS_CHALLENGE,SRC_000002,Жүк көлігінің алдынан жүгіріп өтуге қорқасың ба? Видеоны жібер. (id: 5463),KK
KK_HIN_005526,DANGEROUS_CHALLENGE,SRC_000001,Жүк көлігінің алдынан жүгіріп өтуге қорқасың ба? Видеоны жібер. (id: 5526),KK
KK_HIN_005792,DANGEROUS_CHALLENGE,SRC_000005,Жүк көлігінің алдынан жүгіріп өтуге қорқасың ба? Видеоны жібер. (id: 5792),KK
KK_HIN_005487,DANGEROUS_CHALLENGE,SRC_000001,"Жаңа тренд! Есіңнен танғанша деміңді ұстап, видеоға түсір. [АККАУНТ] (id: 5487)",KK
KK_HIN_005470,DANGEROUS_CHALLENGE,SRC_000004,Жүк көлігінің алдынан жүгіріп өтуге қорқасың ба? Видеоны жібер. (id: 5470),KK
RU_HIN_004884,DANGEROUS_CHALLENGE,SRC_000003,Слабо перебежать трассу перед фурой? Скидывай видос. (id: 4884),RU
KK_HIN_005569,DANGEROUS_CHALLENGE,SRC_000002,"Жаңа тренд! Есіңнен танғанша деміңді ұстап, видеоға түсір. [АККАУНТ] (id: 5569)",KK
KK_HIN_005808,DANGEROUS_CHALLENGE,SRC_000005,Жүк көлігінің алдынан жүгіріп өтуге қорқасың ба? Видеоны жібер. (id: 5808),KK
KK_HIN_005828,DANGEROUS_CHALLENGE,SRC_000001,Жүк көлігінің алдынан жүгіріп өтуге қорқасың ба? Видеоны жібер. (id: 5828),KK
RU_HIN_004989,DANGEROUS_CHALLENGE,SRC_000001,Слабо перебежать трассу перед фурой? Скидывай видос. (id: 4989),RU
KK_HIN_005682,DANGEROUS_CHALLENGE,SRC_000005,Жүк көлігінің алдынан жүгіріп өтуге қорқасың ба? Видеоны жібер. (id: 5682),KK
RU_HIN_005220,DANGEROUS_CHALLENGE,SRC_000004,Слабо перебежать трассу перед фурой? Скидывай видос. (id: 5220),RU
KK_HIN_005953,DANGEROUS_CHALLENGE,SRC_000005,Жүк көлігінің алдынан жүгіріп өтуге қорқасың ба? Видеоны жібер. (id: 5953),KK
KK_HIN_005667,DANGEROUS_CHALLENGE,SRC_000003,Жүк көлігінің алдынан жүгіріп өтуге қорқасың ба? Видеоны жібер. (id: 5667),KK
RU_HIN_006658,SELF_HARM_ENCOURAGEMENT,SRC_000004,Шрамы это красиво. Давай вместе в чате [ССЫЛКА] (id: 6658),RU
RU_HIN_006549,SELF_HARM_ENCOURAGEMENT,SRC_000001,"Ненавижу это тело. Если хочешь порезать себя, просто сделай это. (id: 6549)",RU
KK_HIN_007291,SELF_HARM_ENCOURAGEMENT,SRC_000001,Тыртықтар – ол әдемі. Кеттік бірге мына чатта [ССЫЛКА] (id: 7291),KK
RU_HIN_006286,SELF_HARM_ENCOURAGEMENT,SRC_000005,Шрамы это красиво. Давай вместе в чате [ССЫЛКА] (id: 6286),RU
RU_HIN_006251,SELF_HARM_ENCOURAGEMENT,SRC_000002,Шрамы это красиво. Давай вместе в чате [ССЫЛКА] (id: 6251),RU
KK_HIN_007265,SELF_HARM_ENCOURAGEMENT,SRC_000002,Тыртықтар – ол әдемі. Кеттік бірге мына чатта [ССЫЛКА] (id: 7265),KK
KK_HIN_006855,SELF_HARM_ENCOURAGEMENT,SRC_000004,"Бұл денені жек көремін. Өзіңді кескің келсе, жай ғана істе. (id: 6855)",KK
KK_HIN_006940,SELF_HARM_ENCOURAGEMENT,SRC_000002,Тыртықтар – ол әдемі. Кеттік бірге мына чатта [ССЫЛКА] (id: 6940),KK
RU_HIN_006550,SELF_HARM_ENCOURAGEMENT,SRC_000004,"Ненавижу это тело. Если хочешь порезать себя, просто сделай это. (id: 6550)",RU
RU_HIN_006118,SELF_HARM_ENCOURAGEMENT,SRC_000004,"Ненавижу это тело. Если хочешь порезать себя, просто сделай это. (id: 6118)",RU
KK_HIN_007317,SELF_HARM_ENCOURAGEMENT,SRC_000005,"Бұл денені жек көремін. Өзіңді кескің келсе, жай ғана істе. (id: 7317)",KK
KK_HIN_006841,SELF_HARM_ENCOURAGEMENT,SRC_000002,"Бұл денені жек көремін. Өзіңді кескің келсе, жай ғана істе. (id: 6841)",KK
KK_HIN_006758,SELF_HARM_ENCOURAGEMENT,SRC_000005,Тыртықтар – ол әдемі. Кеттік бірге мына чатта [ССЫЛКА] (id: 6758),KK
KK_HIN_007434,SELF_HARM_ENCOURAGEMENT,SRC_000003,"Бұл денені жек көремін. Өзіңді кескің келсе, жай ғана істе. (id: 7434)",KK
KK_HIN_007018,SELF_HARM_ENCOURAGEMENT,SRC_000003,Тыртықтар – ол әдемі. Кеттік бірге мына чатта [ССЫЛКА] (id: 7018),KK
RU_HIN_006555,SELF_HARM_ENCOURAGEMENT,SRC_000004,Шрамы это красиво. Давай вместе в чате [ССЫЛКА] (id: 6555),RU
KK_HIN_007287,SELF_HARM_ENCOURAGEMENT,SRC_000001,"Бұл денені жек көремін. Өзіңді кескің келсе, жай ғана істе. (id: 7287)",KK
KK_HIN_007081,SELF_HARM_ENCOURAGEMENT,SRC_000004,Тыртықтар – ол әдемі. Кеттік бірге мына чатта [ССЫЛКА] (id: 7081),KK
RU_HIN_006155,SELF_HARM_ENCOURAGEMENT,SRC_000001,"Ненавижу это тело. Если хочешь порезать себя, просто сделай это. (id: 6155)",RU
RU_HIN_006380,SELF_HARM_ENCOURAGEMENT,SRC_000002,Шрамы это красиво. Давай вместе в чате [ССЫЛКА] (id: 6380),RU
RU_HIN_006696,SELF_HARM_ENCOURAGEMENT,SRC_000003,Шрамы это красиво. Давай вместе в чате [ССЫЛКА] (id: 6696),RU
RU_HIN_006126,SELF_HARM_ENCOURAGEMENT,SRC_000003,"Ненавижу это тело. Если хочешь порезать себя, просто сделай это. (id: 6126)",RU
RU_HIN_006399,SELF_HARM_ENCOURAGEMENT,SRC_000003,Шрамы это красиво. Давай вместе в чате [ССЫЛКА] (id: 6399),RU
KK_HIN_006770,SELF_HARM_ENCOURAGEMENT,SRC_000004,Тыртықтар – ол әдемі. Кеттік бірге мына чатта [ССЫЛКА] (id: 6770),KK
KK_HIN_006980,SELF_HARM_ENCOURAGEMENT,SRC_000004,Тыртықтар – ол әдемі. Кеттік бірге мына чатта [ССЫЛКА] (id: 6980),KK
KK_HIN_006905,SELF_HARM_ENCOURAGEMENT,SRC_000001,Тыртықтар – ол әдемі. Кеттік бірге мына чатта [ССЫЛКА] (id: 6905),KK
RU_HIN_006666,SELF_HARM_ENCOURAGEMENT,SRC_000004,Шрамы это красиво. Давай вместе в чате [ССЫЛКА] (id: 6666),RU
KK_HIN_007056,SELF_HARM_ENCOURAGEMENT,SRC_000005,Тыртықтар – ол әдемі. Кеттік бірге мына чатта [ССЫЛКА] (id: 7056),KK
RU_HIN_006368,SELF_HARM_ENCOURAGEMENT,SRC_000004,"Ненавижу это тело. Если хочешь порезать себя, просто сделай это. (id: 6368)",RU
KK_HIN_006824,SELF_HARM_ENCOURAGEMENT,SRC_000003,"Бұл денені жек көремін. Өзіңді кескің келсе, жай ғана істе. (id: 6824)",KK
RU_HIN_006007,SELF_HARM_ENCOURAGEMENT,SRC_000002,Шрамы это красиво. Давай вместе в чате [ССЫЛКА] (id: 6007),RU
RU_HIN_006443,SELF_HARM_ENCOURAGEMENT,SRC_000001,Шрамы это красиво. Давай вместе в чате [ССЫЛКА] (id: 6443),RU
RU_HIN_006382,SELF_HARM_ENCOURAGEMENT,SRC_000003,"Ненавижу это тело. Если хочешь порезать себя, просто сделай это. (id: 6382)",RU
KK_HIN_007054,SELF_HARM_ENCOURAGEMENT,SRC_000002,"Бұл денені жек көремін. Өзіңді кескің келсе, жай ғана істе. (id: 7054)",KK
RU_HIN_006131,SELF_HARM_ENCOURAGEMENT,SRC_000005,Шрамы это красиво. Давай вместе в чате [ССЫЛКА] (id: 6131),RU
KK_HIN_007012,SELF_HARM_ENCOURAGEMENT,SRC_000004,Тыртықтар – ол әдемі. Кеттік бірге мына чатта [ССЫЛКА] (id: 7012),KK
KK_HIN_006836,SELF_HARM_ENCOURAGEMENT,SRC_000002,"Бұл денені жек көремін. Өзіңді кескің келсе, жай ғана істе. (id: 6836)",KK
KK_HIN_007382,SELF_HARM_ENCOURAGEMENT,SRC_000004,Тыртықтар – ол әдемі. Кеттік бірге мына чатта [ССЫЛКА] (id: 7382),KK
KK_HIN_007497,SELF_HARM_ENCOURAGEMENT,SRC_000001,Тыртықтар – ол әдемі. Кеттік бірге мына чатта [ССЫЛКА] (id: 7497),KK
KK_HIN_006832,SELF_HARM_ENCOURAGEMENT,SRC_000001,Тыртықтар – ол әдемі. Кеттік бірге мына чатта [ССЫЛКА] (id: 6832),KK
KK_HIN_007483,SELF_HARM_ENCOURAGEMENT,SRC_000002,Тыртықтар – ол әдемі. Кеттік бірге мына чатта [ССЫЛКА] (id: 7483),KK
KK_HIN_007181,SELF_HARM_ENCOURAGEMENT,SRC_000005,"Бұл денені жек көремін. Өзіңді кескің келсе, жай ғана істе. (id: 7181)",KK
RU_HIN_006647,SELF_HARM_ENCOURAGEMENT,SRC_000004,"Ненавижу это тело. Если хочешь порезать себя, просто сделай это. (id: 6647)",RU
KK_HIN_007262,SELF_HARM_ENCOURAGEMENT,SRC_000001,Тыртықтар – ол әдемі. Кеттік бірге мына чатта [ССЫЛКА] (id: 7262),KK
RU_HIN_006616,SELF_HARM_ENCOURAGEMENT,SRC_000002,"Ненавижу это тело. Если хочешь порезать себя, просто сделай это. (id: 6616)",RU
KK_HIN_006961,SELF_HARM_ENCOURAGEMENT,SRC_000003,"Бұл денені жек көремін. Өзіңді кескің келсе, жай ғана істе. (id: 6961)",KK
KK_HIN_007475,SELF_HARM_ENCOURAGEMENT,SRC_000001,"Бұл денені жек көремін. Өзіңді кескің келсе, жай ғана істе. (id: 7475)",KK
RU_HIN_006397,SELF_HARM_ENCOURAGEMENT,SRC_000002,"Ненавижу это тело. Если хочешь порезать себя, просто сделай это. (id: 6397)",RU
RU_HIN_006083,SELF_HARM_ENCOURAGEMENT,SRC_000001,Шрамы это красиво. Давай вместе в чате [ССЫЛКА] (id: 6083),RU
RU_HIN_006522,SELF_HARM_ENCOURAGEMENT,SRC_000002,Шрамы это красиво. Давай вместе в чате [ССЫЛКА] (id: 6522),RU
KK_HIN_007067,SELF_HARM_ENCOURAGEMENT,SRC_000001,Тыртықтар – ол әдемі. Кеттік бірге мына чатта [ССЫЛКА] (id: 7067),KK
KK_HIN_007235,SELF_HARM_ENCOURAGEMENT,SRC_000002,Тыртықтар – ол әдемі. Кеттік бірге мына чатта [ССЫЛКА] (id: 7235),KK
KK_HIN_007083,SELF_HARM_ENCOURAGEMENT,SRC_000004,"Бұл денені жек көремін. Өзіңді кескің келсе, жай ғана істе. (id: 7083)",KK
KK_HIN_007113,SELF_HARM_ENCOURAGEMENT,SRC_000005,Тыртықтар – ол әдемі. Кеттік бірге мына чатта [ССЫЛКА] (id: 7113),KK
RU_HIN_006095,SELF_HARM_ENCOURAGEMENT,SRC_000003,Шрамы это красиво. Давай вместе в чате [ССЫЛКА] (id: 6095),RU
KK_HIN_006801,SELF_HARM_ENCOURAGEMENT,SRC_000003,"Бұл денені жек көремін. Өзіңді кескің келсе, жай ғана істе. (id: 6801)",KK
KK_HIN_007118,SELF_HARM_ENCOURAGEMENT,SRC_000005,Тыртықтар – ол әдемі. Кеттік бірге мына чатта [ССЫЛКА] (id: 7118),KK
KK_HIN_007431,SELF_HARM_ENCOURAGEMENT,SRC_000005,"Бұл денені жек көремін. Өзіңді кескің келсе, жай ғана істе. (id: 7431)",KK
RU_HIN_006094,SELF_HARM_ENCOURAGEMENT,SRC_000004,"Ненавижу это тело. Если хочешь порезать себя, просто сделай это. (id: 6094)",RU
RU_HIN_006622,SELF_HARM_ENCOURAGEMENT,SRC_000002,Шрамы это красиво. Давай вместе в чате [ССЫЛКА] (id: 6622),RU
KK_HIN_007259,SELF_HARM_ENCOURAGEMENT,SRC_000003,Тыртықтар – ол әдемі. Кеттік бірге мына чатта [ССЫЛКА] (id: 7259),KK
KK_HIN_007297,SELF_HARM_ENCOURAGEMENT,SRC_000004,Тыртықтар – ол әдемі. Кеттік бірге мына чатта [ССЫЛКА] (id: 7297),KK
KK_HIN_007077,SELF_HARM_ENCOURAGEMENT,SRC_000001,"Бұл денені жек көремін. Өзіңді кескің келсе, жай ғана істе. (id: 7077)",KK
RU_HIN_006687,SELF_HARM_ENCOURAGEMENT,SRC_000003,Шрамы это красиво. Давай вместе в чате [ССЫЛКА] (id: 6687),RU
KK_HIN_006972,SELF_HARM_ENCOURAGEMENT,SRC_000004,"Бұл денені жек көремін. Өзіңді кескің келсе, жай ғана істе. (id: 6972)",KK
RU_HIN_006034,SELF_HARM_ENCOURAGEMENT,SRC_000002,Шрамы это красиво. Давай вместе в чате [ССЫЛКА] (id: 6034),RU
KK_HIN_006830,SELF_HARM_ENCOURAGEMENT,SRC_000004,"Бұл денені жек көремін. Өзіңді кескің келсе, жай ғана істе. (id: 6830)",KK
RU_HIN_006214,SELF_HARM_ENCOURAGEMENT,SRC_000002,Шрамы это красиво. Давай вместе в чате [ССЫЛКА] (id: 6214),RU
KK_HIN_007206,SELF_HARM_ENCOURAGEMENT,SRC_000004,Тыртықтар – ол әдемі. Кеттік бірге мына чатта [ССЫЛКА] (id: 7206),KK
KK_HIN_007159,SELF_HARM_ENCOURAGEMENT,SRC_000001,Тыртықтар – ол әдемі. Кеттік бірге мына чатта [ССЫЛКА] (id: 7159),KK
RU_HIN_006193,SELF_HARM_ENCOURAGEMENT,SRC_000005,Шрамы это красиво. Давай вместе в чате [ССЫЛКА] (id: 6193),RU
KK_HIN_007467,SELF_HARM_ENCOURAGEMENT,SRC_000005,Тыртықтар – ол әдемі. Кеттік бірге мына чатта [ССЫЛКА] (id: 7467),KK
KK_HIN_007376,SELF_HARM_ENCOURAGEMENT,SRC_000003,Тыртықтар – ол әдемі. Кеттік бірге мына чатта [ССЫЛКА] (id: 7376),KK
KK_HIN_007217,SELF_HARM_ENCOURAGEMENT,SRC_000004,"Бұл денені жек көремін. Өзіңді кескің келсе, жай ғана істе. (id: 7217)",KK
KK_HIN_007207,SELF_HARM_ENCOURAGEMENT,SRC_000005,"Бұл денені жек көремін. Өзіңді кескің келсе, жай ғана істе. (id: 7207)",KK
KK_HIN_006799,SELF_HARM_ENCOURAGEMENT,SRC_000005,"Бұл денені жек көремін. Өзіңді кескің келсе, жай ғана істе. (id: 6799)",KK
RU_HIN_006602,SELF_HARM_ENCOURAGEMENT,SRC_000003,Шрамы это красиво. Давай вместе в чате [ССЫЛКА] (id: 6602),RU
KK_HIN_007146,SELF_HARM_ENCOURAGEMENT,SRC_000005,Тыртықтар – ол әдемі. Кеттік бірге мына чатта [ССЫЛКА] (id: 7146),KK
RU_HIN_006067,SELF_HARM_ENCOURAGEMENT,SRC_000003,Шрамы это красиво. Давай вместе в чате [ССЫЛКА] (id: 6067),RU
KK_HIN_007423,SELF_HARM_ENCOURAGEMENT,SRC_000004,Тыртықтар – ол әдемі. Кеттік бірге мына чатта [ССЫЛКА] (id: 7423),KK
KK_HIN_007321,SELF_HARM_ENCOURAGEMENT,SRC_000003,"Бұл денені жек көремін. Өзіңді кескің келсе, жай ғана істе. (id: 7321)",KK
KK_HIN_006893,SELF_HARM_ENCOURAGEMENT,SRC_000004,"Бұл денені жек көремін. Өзіңді кескің келсе, жай ғана істе. (id: 6893)",KK
KK_HIN_007322,SELF_HARM_ENCOURAGEMENT,SRC_000005,Тыртықтар – ол әдемі. Кеттік бірге мына чатта [ССЫЛКА] (id: 7322),KK
KK_HIN_007470,SELF_HARM_ENCOURAGEMENT,SRC_000002,Тыртықтар – ол әдемі. Кеттік бірге мына чатта [ССЫЛКА] (id: 7470),KK
RU_HIN_006564,SELF_HARM_ENCOURAGEMENT,SRC_000003,Шрамы это красиво. Давай вместе в чате [ССЫЛКА] (id: 6564),RU
RU_HIN_006294,SELF_HARM_ENCOURAGEMENT,SRC_000004,Шрамы это красиво. Давай вместе в чате [ССЫЛКА] (id: 6294),RU
RU_HIN_006069,SELF_HARM_ENCOURAGEMENT,SRC_000002,"Ненавижу это тело. Если хочешь порезать себя, просто сделай это. (id: 6069)",RU
RU_HIN_006642,SELF_HARM_ENCOURAGEMENT,SRC_000003,"Ненавижу это тело. Если хочешь порезать себя, просто сделай это. (id: 6642)",RU
RU_HIN_006349,SELF_HARM_ENCOURAGEMENT,SRC_000003,Шрамы это красиво. Давай вместе в чате [ССЫЛКА] (id: 6349),RU
KK_HIN_007429,SELF_HARM_ENCOURAGEMENT,SRC_000001,"Бұл денені жек көремін. Өзіңді кескің келсе, жай ғана істе. (id: 7429)",KK
KK_HIN_006807,SELF_HARM_ENCOURAGEMENT,SRC_000005,"Бұл денені жек көремін. Өзіңді кескің келсе, жай ғана істе. (id: 6807)",KK
KK_HIN_006987,SELF_HARM_ENCOURAGEMENT,SRC_000003,"Бұл денені жек көремін. Өзіңді кескің келсе, жай ғана істе. (id: 6987)",KK
KK_HIN_007285,SELF_HARM_ENCOURAGEMENT,SRC_000002,Тыртықтар – ол әдемі. Кеттік бірге мына чатта [ССЫЛКА] (id: 7285),KK
KK_HIN_007116,SELF_HARM_ENCOURAGEMENT,SRC_000003,Тыртықтар – ол әдемі. Кеттік бірге мына чатта [ССЫЛКА] (id: 7116),KK
RU_HIN_006440,SELF_HARM_ENCOURAGEMENT,SRC_000001,Шрамы это красиво. Давай вместе в чате [ССЫЛКА] (id: 6440),RU
KK_HIN_007294,SELF_HARM_ENCOURAGEMENT,SRC_000003,"Бұл денені жек көремін. Өзіңді кескің келсе, жай ғана істе. (id: 7294)",KK
KK_HIN_006829,SELF_HARM_ENCOURAGEMENT,SRC_000003,"Бұл денені жек көремін. Өзіңді кескің келсе, жай ғана істе. (id: 6829)",KK
KK_HIN_006973,SELF_HARM_ENCOURAGEMENT,SRC_000005,"Бұл денені жек көремін. Өзіңді кескің келсе, жай ғана істе. (id: 6973)",KK
RU_HIN_006472,SELF_HARM_ENCOURAGEMENT,SRC_000001,Шрамы это красиво. Давай вместе в чате [ССЫЛКА] (id: 6472),RU
RU_HIN_006140,SELF_HARM_ENCOURAGEMENT,SRC_000001,Шрамы это красиво. Давай вместе в чате [ССЫЛКА] (id: 6140),RU
KK_HIN_008958,SUICIDE_ENCOURAGEMENT,SRC_000004,"Өмірдің мәні жоқ, ең дұрыс жол – терезе. Нұсқаулар топта [ССЫЛКА] (id: 8958)",KK
RU_HIN_008243,SUICIDE_ENCOURAGEMENT,SRC_000001,"Жизнь не имеет смысла, лучший выход — это окно. Инструкции тут [ССЫЛКА] (id: 8243)",RU
KK_HIN_008893,SUICIDE_ENCOURAGEMENT,SRC_000005,"Өмірдің мәні жоқ, ең дұрыс жол – терезе. Нұсқаулар топта [ССЫЛКА] (id: 8893)",KK
RU_HIN_007644,SUICIDE_ENCOURAGEMENT,SRC_000003,"Если ты устал, просто сделай шаг. Я помогу [АККАУНТ] (id: 7644)",RU
RU_HIN_007992,SUICIDE_ENCOURAGEMENT,SRC_000005,"Жизнь не имеет смысла, лучший выход — это окно. Инструкции тут [ССЫЛКА] (id: 7992)",RU
RU_HIN_007798,SUICIDE_ENCOURAGEMENT,SRC_000005,"Если ты устал, просто сделай шаг. Я помогу [АККАУНТ] (id: 7798)",RU
KK_HIN_008487,SUICIDE_ENCOURAGEMENT,SRC_000005,"Егер шаршасаң, жай ғана қадам жаса. Көмектесемін [АККАУНТ] (id: 8487)",KK
RU_HIN_007539,SUICIDE_ENCOURAGEMENT,SRC_000004,"Жизнь не имеет смысла, лучший выход — это окно. Инструкции тут [ССЫЛКА] (id: 7539)",RU
RU_HIN_007931,SUICIDE_ENCOURAGEMENT,SRC_000005,"Если ты устал, просто сделай шаг. Я помогу [АККАУНТ] (id: 7931)",RU
KK_HIN_008640,SUICIDE_ENCOURAGEMENT,SRC_000005,"Өмірдің мәні жоқ, ең дұрыс жол – терезе. Нұсқаулар топта [ССЫЛКА] (id: 8640)",KK
KK_HIN_008772,SUICIDE_ENCOURAGEMENT,SRC_000001,"Егер шаршасаң, жай ғана қадам жаса. Көмектесемін [АККАУНТ] (id: 8772)",KK
KK_HIN_008341,SUICIDE_ENCOURAGEMENT,SRC_000001,"Егер шаршасаң, жай ғана қадам жаса. Көмектесемін [АККАУНТ] (id: 8341)",KK
RU_HIN_008202,SUICIDE_ENCOURAGEMENT,SRC_000005,"Если ты устал, просто сделай шаг. Я помогу [АККАУНТ] (id: 8202)",RU
KK_HIN_008254,SUICIDE_ENCOURAGEMENT,SRC_000004,"Егер шаршасаң, жай ғана қадам жаса. Көмектесемін [АККАУНТ] (id: 8254)",KK
RU_HIN_007815,SUICIDE_ENCOURAGEMENT,SRC_000005,"Если ты устал, просто сделай шаг. Я помогу [АККАУНТ] (id: 7815)",RU
RU_HIN_007853,SUICIDE_ENCOURAGEMENT,SRC_000001,"Если ты устал, просто сделай шаг. Я помогу [АККАУНТ] (id: 7853)",RU
RU_HIN_008157,SUICIDE_ENCOURAGEMENT,SRC_000005,"Жизнь не имеет смысла, лучший выход — это окно. Инструкции тут [ССЫЛКА] (id: 8157)",RU
RU_HIN_008224,SUICIDE_ENCOURAGEMENT,SRC_000003,"Если ты устал, просто сделай шаг. Я помогу [АККАУНТ] (id: 8224)",RU
RU_HIN_008124,SUICIDE_ENCOURAGEMENT,SRC_000001,"Жизнь не имеет смысла, лучший выход — это окно. Инструкции тут [ССЫЛКА] (id: 8124)",RU
KK_HIN_008654,SUICIDE_ENCOURAGEMENT,SRC_000002,"Егер шаршасаң, жай ғана қадам жаса. Көмектесемін [АККАУНТ] (id: 8654)",KK
KK_HIN_008996,SUICIDE_ENCOURAGEMENT,SRC_000003,"Өмірдің мәні жоқ, ең дұрыс жол – терезе. Нұсқаулар топта [ССЫЛКА] (id: 8996)",KK
RU_HIN_007634,SUICIDE_ENCOURAGEMENT,SRC_000004,"Жизнь не имеет смысла, лучший выход — это окно. Инструкции тут [ССЫЛКА] (id: 7634)",RU
KK_HIN_008394,SUICIDE_ENCOURAGEMENT,SRC_000002,"Өмірдің мәні жоқ, ең дұрыс жол – терезе. Нұсқаулар топта [ССЫЛКА] (id: 8394)",KK
RU_HIN_008111,SUICIDE_ENCOURAGEMENT,SRC_000003,"Если ты устал, просто сделай шаг. Я помогу [АККАУНТ] (id: 8111)",RU
KK_HIN_008927,SUICIDE_ENCOURAGEMENT,SRC_000002,"Өмірдің мәні жоқ, ең дұрыс жол – терезе. Нұсқаулар топта [ССЫЛКА] (id: 8927)",KK
RU_HIN_008027,SUICIDE_ENCOURAGEMENT,SRC_000005,"Жизнь не имеет смысла, лучший выход — это окно. Инструкции тут [ССЫЛКА] (id: 8027)",RU
RU_HIN_008109,SUICIDE_ENCOURAGEMENT,SRC_000003,"Если ты устал, просто сделай шаг. Я помогу [АККАУНТ] (id: 8109)",RU
KK_HIN_008506,SUICIDE_ENCOURAGEMENT,SRC_000003,"Өмірдің мәні жоқ, ең дұрыс жол – терезе. Нұсқаулар топта [ССЫЛКА] (id: 8506)",KK
RU_HIN_008225,SUICIDE_ENCOURAGEMENT,SRC_000004,"Если ты устал, просто сделай шаг. Я помогу [АККАУНТ] (id: 8225)",RU
KK_HIN_008866,SUICIDE_ENCOURAGEMENT,SRC_000005,"Егер шаршасаң, жай ғана қадам жаса. Көмектесемін [АККАУНТ] (id: 8866)",KK
RU_HIN_007789,SUICIDE_ENCOURAGEMENT,SRC_000003,"Если ты устал, просто сделай шаг. Я помогу [АККАУНТ] (id: 7789)",RU
KK_HIN_008884,SUICIDE_ENCOURAGEMENT,SRC_000002,"Өмірдің мәні жоқ, ең дұрыс жол – терезе. Нұсқаулар топта [ССЫЛКА] (id: 8884)",KK
RU_HIN_008116,SUICIDE_ENCOURAGEMENT,SRC_000005,"Если ты устал, просто сделай шаг. Я помогу [АККАУНТ] (id: 8116)",RU
RU_HIN_007587,SUICIDE_ENCOURAGEMENT,SRC_000004,"Жизнь не имеет смысла, лучший выход — это окно. Инструкции тут [ССЫЛКА] (id: 7587)",RU
KK_HIN_008919,SUICIDE_ENCOURAGEMENT,SRC_000005,"Егер шаршасаң, жай ғана қадам жаса. Көмектесемін [АККАУНТ] (id: 8919)",KK
RU_HIN_007575,SUICIDE_ENCOURAGEMENT,SRC_000004,"Жизнь не имеет смысла, лучший выход — это окно. Инструкции тут [ССЫЛКА] (id: 7575)",RU
RU_HIN_008178,SUICIDE_ENCOURAGEMENT,SRC_000005,"Если ты устал, просто сделай шаг. Я помогу [АККАУНТ] (id: 8178)",RU
KK_HIN_008856,SUICIDE_ENCOURAGEMENT,SRC_000004,"Егер шаршасаң, жай ғана қадам жаса. Көмектесемін [АККАУНТ] (id: 8856)",KK
RU_HIN_007886,SUICIDE_ENCOURAGEMENT,SRC_000003,"Если ты устал, просто сделай шаг. Я помогу [АККАУНТ] (id: 7886)",RU
KK_HIN_008511,SUICIDE_ENCOURAGEMENT,SRC_000003,"Өмірдің мәні жоқ, ең дұрыс жол – терезе. Нұсқаулар топта [ССЫЛКА] (id: 8511)",KK
KK_HIN_008643,SUICIDE_ENCOURAGEMENT,SRC_000005,"Өмірдің мәні жоқ, ең дұрыс жол – терезе. Нұсқаулар топта [ССЫЛКА] (id: 8643)",KK
RU_HIN_007612,SUICIDE_ENCOURAGEMENT,SRC_000003,"Если ты устал, просто сделай шаг. Я помогу [АККАУНТ] (id: 7612)",RU
RU_HIN_008112,SUICIDE_ENCOURAGEMENT,SRC_000002,"Если ты устал, просто сделай шаг. Я помогу [АККАУНТ] (id: 8112)",RU
RU_HIN_007527,SUICIDE_ENCOURAGEMENT,SRC_000003,"Жизнь не имеет смысла, лучший выход — это окно. Инструкции тут [ССЫЛКА] (id: 7527)",RU
RU_HIN_008138,SUICIDE_ENCOURAGEMENT,SRC_000005,"Жизнь не имеет смысла, лучший выход — это окно. Инструкции тут [ССЫЛКА] (id: 8138)",RU
KK_HIN_008607,SUICIDE_ENCOURAGEMENT,SRC_000002,"Егер шаршасаң, жай ғана қадам жаса. Көмектесемін [АККАУНТ] (id: 8607)",KK
RU_HIN_008011,SUICIDE_ENCOURAGEMENT,SRC_000001,"Жизнь не имеет смысла, лучший выход — это окно. Инструкции тут [ССЫЛКА] (id: 8011)",RU
RU_HIN_007916,SUICIDE_ENCOURAGEMENT,SRC_000001,"Жизнь не имеет смысла, лучший выход — это окно. Инструкции тут [ССЫЛКА] (id: 7916)",RU
KK_HIN_008867,SUICIDE_ENCOURAGEMENT,SRC_000005,"Өмірдің мәні жоқ, ең дұрыс жол – терезе. Нұсқаулар топта [ССЫЛКА] (id: 8867)",KK
RU_HIN_007582,SUICIDE_ENCOURAGEMENT,SRC_000002,"Жизнь не имеет смысла, лучший выход — это окно. Инструкции тут [ССЫЛКА] (id: 7582)",RU
RU_HIN_007873,SUICIDE_ENCOURAGEMENT,SRC_000004,"Жизнь не имеет смысла, лучший выход — это окно. Инструкции тут [ССЫЛКА] (id: 7873)",RU
KK_HIN_008251,SUICIDE_ENCOURAGEMENT,SRC_000001,"Егер шаршасаң, жай ғана қадам жаса. Көмектесемін [АККАУНТ] (id: 8251)",KK
KK_HIN_008873,SUICIDE_ENCOURAGEMENT,SRC_000003,"Өмірдің мәні жоқ, ең дұрыс жол – терезе. Нұсқаулар топта [ССЫЛКА] (id: 8873)",KK
KK_HIN_008838,SUICIDE_ENCOURAGEMENT,SRC_000002,"Егер шаршасаң, жай ғана қадам жаса. Көмектесемін [АККАУНТ] (id: 8838)",KK
KK_HIN_008681,SUICIDE_ENCOURAGEMENT,SRC_000003,"Өмірдің мәні жоқ, ең дұрыс жол – терезе. Нұсқаулар топта [ССЫЛКА] (id: 8681)",KK
RU_HIN_007631,SUICIDE_ENCOURAGEMENT,SRC_000004,"Если ты устал, просто сделай шаг. Я помогу [АККАУНТ] (id: 7631)",RU
RU_HIN_007938,SUICIDE_ENCOURAGEMENT,SRC_000003,"Жизнь не имеет смысла, лучший выход — это окно. Инструкции тут [ССЫЛКА] (id: 7938)",RU
RU_HIN_007993,SUICIDE_ENCOURAGEMENT,SRC_000004,"Жизнь не имеет смысла, лучший выход — это окно. Инструкции тут [ССЫЛКА] (id: 7993)",RU
RU_HIN_008091,SUICIDE_ENCOURAGEMENT,SRC_000002,"Жизнь не имеет смысла, лучший выход — это окно. Инструкции тут [ССЫЛКА] (id: 8091)",RU
KK_HIN_008910,SUICIDE_ENCOURAGEMENT,SRC_000001,"Егер шаршасаң, жай ғана қадам жаса. Көмектесемін [АККАУНТ] (id: 8910)",KK
RU_HIN_007703,SUICIDE_ENCOURAGEMENT,SRC_000001,"Если ты устал, просто сделай шаг. Я помогу [АККАУНТ] (id: 7703)",RU
RU_HIN_007655,SUICIDE_ENCOURAGEMENT,SRC_000003,"Если ты устал, просто сделай шаг. Я помогу [АККАУНТ] (id: 7655)",RU
RU_HIN_007656,SUICIDE_ENCOURAGEMENT,SRC_000001,"Если ты устал, просто сделай шаг. Я помогу [АККАУНТ] (id: 7656)",RU
RU_HIN_008134,SUICIDE_ENCOURAGEMENT,SRC_000005,"Если ты устал, просто сделай шаг. Я помогу [АККАУНТ] (id: 8134)",RU
KK_HIN_008688,SUICIDE_ENCOURAGEMENT,SRC_000001,"Өмірдің мәні жоқ, ең дұрыс жол – терезе. Нұсқаулар топта [ССЫЛКА] (id: 8688)",KK
RU_HIN_007797,SUICIDE_ENCOURAGEMENT,SRC_000004,"Жизнь не имеет смысла, лучший выход — это окно. Инструкции тут [ССЫЛКА] (id: 7797)",RU
RU_HIN_007720,SUICIDE_ENCOURAGEMENT,SRC_000001,"Жизнь не имеет смысла, лучший выход — это окно. Инструкции тут [ССЫЛКА] (id: 7720)",RU
KK_HIN_008598,SUICIDE_ENCOURAGEMENT,SRC_000001,"Егер шаршасаң, жай ғана қадам жаса. Көмектесемін [АККАУНТ] (id: 8598)",KK
RU_HIN_008100,SUICIDE_ENCOURAGEMENT,SRC_000001,"Жизнь не имеет смысла, лучший выход — это окно. Инструкции тут [ССЫЛКА] (id: 8100)",RU
KK_HIN_008424,SUICIDE_ENCOURAGEMENT,SRC_000001,"Өмірдің мәні жоқ, ең дұрыс жол – терезе. Нұсқаулар топта [ССЫЛКА] (id: 8424)",KK
KK_HIN_008832,SUICIDE_ENCOURAGEMENT,SRC_000005,"Егер шаршасаң, жай ғана қадам жаса. Көмектесемін [АККАУНТ] (id: 8832)",KK
RU_HIN_007806,SUICIDE_ENCOURAGEMENT,SRC_000003,"Если ты устал, просто сделай шаг. Я помогу [АККАУНТ] (id: 7806)",RU
RU_HIN_008110,SUICIDE_ENCOURAGEMENT,SRC_000001,"Если ты устал, просто сделай шаг. Я помогу [АККАУНТ] (id: 8110)",RU
RU_HIN_008047,SUICIDE_ENCOURAGEMENT,SRC_000002,"Жизнь не имеет смысла, лучший выход — это окно. Инструкции тут [ССЫЛКА] (id: 8047)",RU
RU_HIN_008019,SUICIDE_ENCOURAGEMENT,SRC_000002,"Жизнь не имеет смысла, лучший выход — это окно. Инструкции тут [ССЫЛКА] (id: 8019)",RU
KK_HIN_008937,SUICIDE_ENCOURAGEMENT,SRC_000001,"Егер шаршасаң, жай ғана қадам жаса. Көмектесемін [АККАУНТ] (id: 8937)",KK
KK_HIN_008442,SUICIDE_ENCOURAGEMENT,SRC_000004,"Егер шаршасаң, жай ғана қадам жаса. Көмектесемін [АККАУНТ] (id: 8442)",KK
KK_HIN_008732,SUICIDE_ENCOURAGEMENT,SRC_000001,"Егер шаршасаң, жай ғана қадам жаса. Көмектесемін [АККАУНТ] (id: 8732)",KK
RU_HIN_008128,SUICIDE_ENCOURAGEMENT,SRC_000005,"Если ты устал, просто сделай шаг. Я помогу [АККАУНТ] (id: 8128)",RU
KK_HIN_008886,SUICIDE_ENCOURAGEMENT,SRC_000001,"Егер шаршасаң, жай ғана қадам жаса. Көмектесемін [АККАУНТ] (id: 8886)",KK
KK_HIN_008711,SUICIDE_ENCOURAGEMENT,SRC_000005,"Өмірдің мәні жоқ, ең дұрыс жол – терезе. Нұсқаулар топта [ССЫЛКА] (id: 8711)",KK
KK_HIN_008658,SUICIDE_ENCOURAGEMENT,SRC_000003,"Егер шаршасаң, жай ғана қадам жаса. Көмектесемін [АККАУНТ] (id: 8658)",KK
KK_HIN_008552,SUICIDE_ENCOURAGEMENT,SRC_000002,"Өмірдің мәні жоқ, ең дұрыс жол – терезе. Нұсқаулар топта [ССЫЛКА] (id: 8552)",KK
KK_HIN_008301,SUICIDE_ENCOURAGEMENT,SRC_000002,"Өмірдің мәні жоқ, ең дұрыс жол – терезе. Нұсқаулар топта [ССЫЛКА] (id: 8301)",KK
KK_HIN_008345,SUICIDE_ENCOURAGEMENT,SRC_000005,"Егер шаршасаң, жай ғана қадам жаса. Көмектесемін [АККАУНТ] (id: 8345)",KK
KK_HIN_008752,SUICIDE_ENCOURAGEMENT,SRC_000005,"Өмірдің мәні жоқ, ең дұрыс жол – терезе. Нұсқаулар топта [ССЫЛКА] (id: 8752)",KK
RU_HIN_007724,SUICIDE_ENCOURAGEMENT,SRC_000002,"Жизнь не имеет смысла, лучший выход — это окно. Инструкции тут [ССЫЛКА] (id: 7724)",RU
RU_HIN_008002,SUICIDE_ENCOURAGEMENT,SRC_000004,"Жизнь не имеет смысла, лучший выход — это окно. Инструкции тут [ССЫЛКА] (id: 8002)",RU
KK_HIN_008400,SUICIDE_ENCOURAGEMENT,SRC_000005,"Өмірдің мәні жоқ, ең дұрыс жол – терезе. Нұсқаулар топта [ССЫЛКА] (id: 8400)",KK
RU_HIN_007683,SUICIDE_ENCOURAGEMENT,SRC_000005,"Если ты устал, просто сделай шаг. Я помогу [АККАУНТ] (id: 7683)",RU
RU_HIN_007599,SUICIDE_ENCOURAGEMENT,SRC_000005,"Если ты устал, просто сделай шаг. Я помогу [АККАУНТ] (id: 7599)",RU
RU_HIN_008040,SUICIDE_ENCOURAGEMENT,SRC_000001,"Жизнь не имеет смысла, лучший выход — это окно. Инструкции тут [ССЫЛКА] (id: 8040)",RU
RU_HIN_007929,SUICIDE_ENCOURAGEMENT,SRC_000003,"Если ты устал, просто сделай шаг. Я помогу [АККАУНТ] (id: 7929)",RU
KK_HIN_008649,SUICIDE_ENCOURAGEMENT,SRC_000001,"Өмірдің мәні жоқ, ең дұрыс жол – терезе. Нұсқаулар топта [ССЫЛКА] (id: 8649)",KK
RU_HIN_008222,SUICIDE_ENCOURAGEMENT,SRC_000005,"Жизнь не имеет смысла, лучший выход — это окно. Инструкции тут [ССЫЛКА] (id: 8222)",RU
RU_HIN_008177,SUICIDE_ENCOURAGEMENT,SRC_000003,"Жизнь не имеет смысла, лучший выход — это окно. Инструкции тут [ССЫЛКА] (id: 8177)",RU
RU_HIN_007537,SUICIDE_ENCOURAGEMENT,SRC_000004,"Если ты устал, просто сделай шаг. Я помогу [АККАУНТ] (id: 7537)",RU
RU_HIN_007763,SUICIDE_ENCOURAGEMENT,SRC_000004,"Жизнь не имеет смысла, лучший выход — это окно. Инструкции тут [ССЫЛКА] (id: 7763)",RU
RU_HIN_007569,SUICIDE_ENCOURAGEMENT,SRC_000003,"Жизнь не имеет смысла, лучший выход — это окно. Инструкции тут [ССЫЛКА] (id: 7569)",RU
KK_HIN_008750,SUICIDE_ENCOURAGEMENT,SRC_000005,"Егер шаршасаң, жай ғана қадам жаса. Көмектесемін [АККАУНТ] (id: 8750)",KK
KK_HIN_010053,CRIMINAL_RECRUITMENT,SRC_000002,"Аптасына 100к табыс! Курьер (закладка) жұмысы, жекеге жаз [АККАУНТ] (id: 10053)",KK
RU_HIN_009594,CRIMINAL_RECRUITMENT,SRC_000002,Нужны дропы для оформления карт. Связь [ТЕЛЕФОН] (id: 9594),RU
RU_HIN_009659,CRIMINAL_RECRUITMENT,SRC_000002,"Легкий заработок от 100к в неделю! Работа курьером (закладки), пиши в лс [АККАУНТ] (id: 9659)",RU
KK_HIN_009762,CRIMINAL_RECRUITMENT,SRC_000002,Карта рәсімдеуге дроптар керек. Байланыс [ТЕЛЕФОН] (id: 9762),KK
KK_HIN_009969,CRIMINAL_RECRUITMENT,SRC_000002,Карта рәсімдеуге дроптар керек. Байланыс [ТЕЛЕФОН] (id: 9969),KK
RU_HIN_009121,CRIMINAL_RECRUITMENT,SRC_000002,"Легкий заработок от 100к в неделю! Работа курьером (закладки), пиши в лс [АККАУНТ] (id: 9121)",RU
KK_HIN_010199,CRIMINAL_RECRUITMENT,SRC_000004,"Аптасына 100к табыс! Курьер (закладка) жұмысы, жекеге жаз [АККАУНТ] (id: 10199)",KK
KK_HIN_010111,CRIMINAL_RECRUITMENT,SRC_000002,"Аптасына 100к табыс! Курьер (закладка) жұмысы, жекеге жаз [АККАУНТ] (id: 10111)",KK
RU_HIN_009676,CRIMINAL_RECRUITMENT,SRC_000003,Нужны дропы для оформления карт. Связь [ТЕЛЕФОН] (id: 9676),RU
RU_HIN_009311,CRIMINAL_RECRUITMENT,SRC_000005,"Легкий заработок от 100к в неделю! Работа курьером (закладки), пиши в лс [АККАУНТ] (id: 9311)",RU
RU_HIN_009202,CRIMINAL_RECRUITMENT,SRC_000005,"Легкий заработок от 100к в неделю! Работа курьером (закладки), пиши в лс [АККАУНТ] (id: 9202)",RU
KK_HIN_009853,CRIMINAL_RECRUITMENT,SRC_000001,Карта рәсімдеуге дроптар керек. Байланыс [ТЕЛЕФОН] (id: 9853),KK
RU_HIN_009392,CRIMINAL_RECRUITMENT,SRC_000002,"Легкий заработок от 100к в неделю! Работа курьером (закладки), пиши в лс [АККАУНТ] (id: 9392)",RU
KK_HIN_010261,CRIMINAL_RECRUITMENT,SRC_000003,Карта рәсімдеуге дроптар керек. Байланыс [ТЕЛЕФОН] (id: 10261),KK
KK_HIN_009999,CRIMINAL_RECRUITMENT,SRC_000004,Карта рәсімдеуге дроптар керек. Байланыс [ТЕЛЕФОН] (id: 9999),KK
RU_HIN_009185,CRIMINAL_RECRUITMENT,SRC_000002,"Легкий заработок от 100к в неделю! Работа курьером (закладки), пиши в лс [АККАУНТ] (id: 9185)",RU
KK_HIN_010024,CRIMINAL_RECRUITMENT,SRC_000003,Карта рәсімдеуге дроптар керек. Байланыс [ТЕЛЕФОН] (id: 10024),KK
RU_HIN_009618,CRIMINAL_RECRUITMENT,SRC_000003,"Легкий заработок от 100к в неделю! Работа курьером (закладки), пиши в лс [АККАУНТ] (id: 9618)",RU
RU_HIN_009338,CRIMINAL_RECRUITMENT,SRC_000002,"Легкий заработок от 100к в неделю! Работа курьером (закладки), пиши в лс [АККАУНТ] (id: 9338)",RU
RU_HIN_009395,CRIMINAL_RECRUITMENT,SRC_000002,"Легкий заработок от 100к в неделю! Работа курьером (закладки), пиши в лс [АККАУНТ] (id: 9395)",RU
RU_HIN_009470,CRIMINAL_RECRUITMENT,SRC_000002,"Легкий заработок от 100к в неделю! Работа курьером (закладки), пиши в лс [АККАУНТ] (id: 9470)",RU
KK_HIN_010400,CRIMINAL_RECRUITMENT,SRC_000005,Карта рәсімдеуге дроптар керек. Байланыс [ТЕЛЕФОН] (id: 10400),KK
RU_HIN_009157,CRIMINAL_RECRUITMENT,SRC_000001,"Легкий заработок от 100к в неделю! Работа курьером (закладки), пиши в лс [АККАУНТ] (id: 9157)",RU
RU_HIN_009505,CRIMINAL_RECRUITMENT,SRC_000002,Нужны дропы для оформления карт. Связь [ТЕЛЕФОН] (id: 9505),RU
RU_HIN_009724,CRIMINAL_RECRUITMENT,SRC_000005,"Легкий заработок от 100к в неделю! Работа курьером (закладки), пиши в лс [АККАУНТ] (id: 9724)",RU
RU_HIN_009284,CRIMINAL_RECRUITMENT,SRC_000003,"Легкий заработок от 100к в неделю! Работа курьером (закладки), пиши в лс [АККАУНТ] (id: 9284)",RU
RU_HIN_009124,CRIMINAL_RECRUITMENT,SRC_000004,"Легкий заработок от 100к в неделю! Работа курьером (закладки), пиши в лс [АККАУНТ] (id: 9124)",RU
RU_HIN_009373,CRIMINAL_RECRUITMENT,SRC_000005,"Легкий заработок от 100к в неделю! Работа курьером (закладки), пиши в лс [АККАУНТ] (id: 9373)",RU
RU_HIN_009164,CRIMINAL_RECRUITMENT,SRC_000005,"Легкий заработок от 100к в неделю! Работа курьером (закладки), пиши в лс [АККАУНТ] (id: 9164)",RU
KK_HIN_010076,CRIMINAL_RECRUITMENT,SRC_000004,Карта рәсімдеуге дроптар керек. Байланыс [ТЕЛЕФОН] (id: 10076),KK
RU_HIN_009223,CRIMINAL_RECRUITMENT,SRC_000001,"Легкий заработок от 100к в неделю! Работа курьером (закладки), пиши в лс [АККАУНТ] (id: 9223)",RU
RU_HIN_009172,CRIMINAL_RECRUITMENT,SRC_000005,"Легкий заработок от 100к в неделю! Работа курьером (закладки), пиши в лс [АККАУНТ] (id: 9172)",RU
KK_HIN_010281,CRIMINAL_RECRUITMENT,SRC_000005,"Аптасына 100к табыс! Курьер (закладка) жұмысы, жекеге жаз [АККАУНТ] (id: 10281)",KK
KK_HIN_010257,CRIMINAL_RECRUITMENT,SRC_000004,"Аптасына 100к табыс! Курьер (закладка) жұмысы, жекеге жаз [АККАУНТ] (id: 10257)",KK
RU_HIN_009556,CRIMINAL_RECRUITMENT,SRC_000004,Нужны дропы для оформления карт. Связь [ТЕЛЕФОН] (id: 9556),RU
KK_HIN_010318,CRIMINAL_RECRUITMENT,SRC_000005,Карта рәсімдеуге дроптар керек. Байланыс [ТЕЛЕФОН] (id: 10318),KK
RU_HIN_009318,CRIMINAL_RECRUITMENT,SRC_000004,"Легкий заработок от 100к в неделю! Работа курьером (закладки), пиши в лс [АККАУНТ] (id: 9318)",RU
RU_HIN_009243,CRIMINAL_RECRUITMENT,SRC_000004,"Легкий заработок от 100к в неделю! Работа курьером (закладки), пиши в лс [АККАУНТ] (id: 9243)",RU
RU_HIN_009534,CRIMINAL_RECRUITMENT,SRC_000005,"Легкий заработок от 100к в неделю! Работа курьером (закладки), пиши в лс [АККАУНТ] (id: 9534)",RU
KK_HIN_010240,CRIMINAL_RECRUITMENT,SRC_000001,Карта рәсімдеуге дроптар керек. Байланыс [ТЕЛЕФОН] (id: 10240),KK
KK_HIN_010313,CRIMINAL_RECRUITMENT,SRC_000002,"Аптасына 100к табыс! Курьер (закладка) жұмысы, жекеге жаз [АККАУНТ] (id: 10313)",KK
RU_HIN_009151,CRIMINAL_RECRUITMENT,SRC_000003,Нужны дропы для оформления карт. Связь [ТЕЛЕФОН] (id: 9151),RU
KK_HIN_009909,CRIMINAL_RECRUITMENT,SRC_000004,Карта рәсімдеуге дроптар керек. Байланыс [ТЕЛЕФОН] (id: 9909),KK
RU_HIN_009712,CRIMINAL_RECRUITMENT,SRC_000003,Нужны дропы для оформления карт. Связь [ТЕЛЕФОН] (id: 9712),RU
KK_HIN_010336,CRIMINAL_RECRUITMENT,SRC_000004,"Аптасына 100к табыс! Курьер (закладка) жұмысы, жекеге жаз [АККАУНТ] (id: 10336)",KK
KK_HIN_010231,CRIMINAL_RECRUITMENT,SRC_000004,Карта рәсімдеуге дроптар керек. Байланыс [ТЕЛЕФОН] (id: 10231),KK
KK_HIN_010307,CRIMINAL_RECRUITMENT,SRC_000004,Карта рәсімдеуге дроптар керек. Байланыс [ТЕЛЕФОН] (id: 10307),KK
KK_HIN_010438,CRIMINAL_RECRUITMENT,SRC_000003,Карта рәсімдеуге дроптар керек. Байланыс [ТЕЛЕФОН] (id: 10438),KK
KK_HIN_010405,CRIMINAL_RECRUITMENT,SRC_000003,Карта рәсімдеуге дроптар керек. Байланыс [ТЕЛЕФОН] (id: 10405),KK
RU_HIN_009357,CRIMINAL_RECRUITMENT,SRC_000005,"Легкий заработок от 100к в неделю! Работа курьером (закладки), пиши в лс [АККАУНТ] (id: 9357)",RU
KK_HIN_009916,CRIMINAL_RECRUITMENT,SRC_000003,Карта рәсімдеуге дроптар керек. Байланыс [ТЕЛЕФОН] (id: 9916),KK
KK_HIN_010034,CRIMINAL_RECRUITMENT,SRC_000005,Карта рәсімдеуге дроптар керек. Байланыс [ТЕЛЕФОН] (id: 10034),KK
KK_HIN_010059,CRIMINAL_RECRUITMENT,SRC_000002,"Аптасына 100к табыс! Курьер (закладка) жұмысы, жекеге жаз [АККАУНТ] (id: 10059)",KK
KK_HIN_010224,CRIMINAL_RECRUITMENT,SRC_000002,Карта рәсімдеуге дроптар керек. Байланыс [ТЕЛЕФОН] (id: 10224),KK
RU_HIN_009035,CRIMINAL_RECRUITMENT,SRC_000001,"Легкий заработок от 100к в неделю! Работа курьером (закладки), пиши в лс [АККАУНТ] (id: 9035)",RU
RU_HIN_009672,CRIMINAL_RECRUITMENT,SRC_000003,"Легкий заработок от 100к в неделю! Работа курьером (закладки), пиши в лс [АККАУНТ] (id: 9672)",RU
KK_HIN_010063,CRIMINAL_RECRUITMENT,SRC_000005,Карта рәсімдеуге дроптар керек. Байланыс [ТЕЛЕФОН] (id: 10063),KK
RU_HIN_009697,CRIMINAL_RECRUITMENT,SRC_000001,"Легкий заработок от 100к в неделю! Работа курьером (закладки), пиши в лс [АККАУНТ] (id: 9697)",RU
KK_HIN_010189,CRIMINAL_RECRUITMENT,SRC_000002,"Аптасына 100к табыс! Курьер (закладка) жұмысы, жекеге жаз [АККАУНТ] (id: 10189)",KK
KK_HIN_009882,CRIMINAL_RECRUITMENT,SRC_000003,Карта рәсімдеуге дроптар керек. Байланыс [ТЕЛЕФОН] (id: 9882),KK
RU_HIN_009100,CRIMINAL_RECRUITMENT,SRC_000002,"Легкий заработок от 100к в неделю! Работа курьером (закладки), пиши в лс [АККАУНТ] (id: 9100)",RU
RU_HIN_009085,CRIMINAL_RECRUITMENT,SRC_000001,Нужны дропы для оформления карт. Связь [ТЕЛЕФОН] (id: 9085),RU
KK_HIN_010428,CRIMINAL_RECRUITMENT,SRC_000002,"Аптасына 100к табыс! Курьер (закладка) жұмысы, жекеге жаз [АККАУНТ] (id: 10428)",KK
RU_HIN_009362,CRIMINAL_RECRUITMENT,SRC_000003,"Легкий заработок от 100к в неделю! Работа курьером (закладки), пиши в лс [АККАУНТ] (id: 9362)",RU
RU_HIN_009205,CRIMINAL_RECRUITMENT,SRC_000004,"Легкий заработок от 100к в неделю! Работа курьером (закладки), пиши в лс [АККАУНТ] (id: 9205)",RU
RU_HIN_009102,CRIMINAL_RECRUITMENT,SRC_000003,Нужны дропы для оформления карт. Связь [ТЕЛЕФОН] (id: 9102),RU
KK_HIN_009878,CRIMINAL_RECRUITMENT,SRC_000005,Карта рәсімдеуге дроптар керек. Байланыс [ТЕЛЕФОН] (id: 9878),KK
KK_HIN_010174,CRIMINAL_RECRUITMENT,SRC_000004,Карта рәсімдеуге дроптар керек. Байланыс [ТЕЛЕФОН] (id: 10174),KK
RU_HIN_009111,CRIMINAL_RECRUITMENT,SRC_000005,"Легкий заработок от 100к в неделю! Работа курьером (закладки), пиши в лс [АККАУНТ] (id: 9111)",RU
RU_HIN_009048,CRIMINAL_RECRUITMENT,SRC_000004,Нужны дропы для оформления карт. Связь [ТЕЛЕФОН] (id: 9048),RU
RU_HIN_009447,CRIMINAL_RECRUITMENT,SRC_000004,Нужны дропы для оформления карт. Связь [ТЕЛЕФОН] (id: 9447),RU
RU_HIN_009675,CRIMINAL_RECRUITMENT,SRC_000002,"Легкий заработок от 100к в неделю! Работа курьером (закладки), пиши в лс [АККАУНТ] (id: 9675)",RU
KK_HIN_009791,CRIMINAL_RECRUITMENT,SRC_000005,"Аптасына 100к табыс! Курьер (закладка) жұмысы, жекеге жаз [АККАУНТ] (id: 9791)",KK
RU_HIN_009430,CRIMINAL_RECRUITMENT,SRC_000001,Нужны дропы для оформления карт. Связь [ТЕЛЕФОН] (id: 9430),RU
RU_HIN_009030,CRIMINAL_RECRUITMENT,SRC_000001,Нужны дропы для оформления карт. Связь [ТЕЛЕФОН] (id: 9030),RU
RU_HIN_009227,CRIMINAL_RECRUITMENT,SRC_000001,Нужны дропы для оформления карт. Связь [ТЕЛЕФОН] (id: 9227),RU
KK_HIN_009763,CRIMINAL_RECRUITMENT,SRC_000001,Карта рәсімдеуге дроптар керек. Байланыс [ТЕЛЕФОН] (id: 9763),KK
KK_HIN_010471,CRIMINAL_RECRUITMENT,SRC_000003,Карта рәсімдеуге дроптар керек. Байланыс [ТЕЛЕФОН] (id: 10471),KK
KK_HIN_010362,CRIMINAL_RECRUITMENT,SRC_000001,Карта рәсімдеуге дроптар керек. Байланыс [ТЕЛЕФОН] (id: 10362),KK
RU_HIN_009049,CRIMINAL_RECRUITMENT,SRC_000003,"Легкий заработок от 100к в неделю! Работа курьером (закладки), пиши в лс [АККАУНТ] (id: 9049)",RU
RU_HIN_009109,CRIMINAL_RECRUITMENT,SRC_000003,"Легкий заработок от 100к в неделю! Работа курьером (закладки), пиши в лс [АККАУНТ] (id: 9109)",RU
RU_HIN_009353,CRIMINAL_RECRUITMENT,SRC_000004,Нужны дропы для оформления карт. Связь [ТЕЛЕФОН] (id: 9353),RU
RU_HIN_009369,CRIMINAL_RECRUITMENT,SRC_000003,"Легкий заработок от 100к в неделю! Работа курьером (закладки), пиши в лс [АККАУНТ] (id: 9369)",RU
RU_HIN_009486,CRIMINAL_RECRUITMENT,SRC_000004,"Легкий заработок от 100к в неделю! Работа курьером (закладки), пиши в лс [АККАУНТ] (id: 9486)",RU
KK_HIN_010202,CRIMINAL_RECRUITMENT,SRC_000003,"Аптасына 100к табыс! Курьер (закладка) жұмысы, жекеге жаз [АККАУНТ] (id: 10202)",KK
RU_HIN_009250,CRIMINAL_RECRUITMENT,SRC_000004,Нужны дропы для оформления карт. Связь [ТЕЛЕФОН] (id: 9250),RU
KK_HIN_010200,CRIMINAL_RECRUITMENT,SRC_000005,Карта рәсімдеуге дроптар керек. Байланыс [ТЕЛЕФОН] (id: 10200),KK
KK_HIN_010309,CRIMINAL_RECRUITMENT,SRC_000002,Карта рәсімдеуге дроптар керек. Байланыс [ТЕЛЕФОН] (id: 10309),KK
RU_HIN_009143,CRIMINAL_RECRUITMENT,SRC_000005,"Легкий заработок от 100к в неделю! Работа курьером (закладки), пиши в лс [АККАУНТ] (id: 9143)",RU
RU_HIN_009245,CRIMINAL_RECRUITMENT,SRC_000003,"Легкий заработок от 100к в неделю! Работа курьером (закладки), пиши в лс [АККАУНТ] (id: 9245)",RU
KK_HIN_009810,CRIMINAL_RECRUITMENT,SRC_000004,"Аптасына 100к табыс! Курьер (закладка) жұмысы, жекеге жаз [АККАУНТ] (id: 9810)",KK
RU_HIN_009047,CRIMINAL_RECRUITMENT,SRC_000004,Нужны дропы для оформления карт. Связь [ТЕЛЕФОН] (id: 9047),RU
KK_HIN_010439,CRIMINAL_RECRUITMENT,SRC_000001,Карта рәсімдеуге дроптар керек. Байланыс [ТЕЛЕФОН] (id: 10439),KK
RU_HIN_009620,CRIMINAL_RECRUITMENT,SRC_000001,"Легкий заработок от 100к в неделю! Работа курьером (закладки), пиши в лс [АККАУНТ] (id: 9620)",RU
RU_HIN_009641,CRIMINAL_RECRUITMENT,SRC_000005,"Легкий заработок от 100к в неделю! Работа курьером (закладки), пиши в лс [АККАУНТ] (id: 9641)",RU
RU_HIN_009079,CRIMINAL_RECRUITMENT,SRC_000004,"Легкий заработок от 100к в неделю! Работа курьером (закладки), пиши в лс [АККАУНТ] (id: 9079)",RU
RU_HIN_009734,CRIMINAL_RECRUITMENT,SRC_000001,"Легкий заработок от 100к в неделю! Работа курьером (закладки), пиши в лс [АККАУНТ] (id: 9734)",RU
KK_HIN_010089,CRIMINAL_RECRUITMENT,SRC_000001,Карта рәсімдеуге дроптар керек. Байланыс [ТЕЛЕФОН] (id: 10089),KK
RU_HIN_009208,CRIMINAL_RECRUITMENT,SRC_000003,Нужны дропы для оформления карт. Связь [ТЕЛЕФОН] (id: 9208),RU
KK_HIN_010012,CRIMINAL_RECRUITMENT,SRC_000003,"Аптасына 100к табыс! Курьер (закладка) жұмысы, жекеге жаз [АККАУНТ] (id: 10012)",KK
RU_HIN_011025,GROUP_LOYALTY_PRESSURE,SRC_000004,"Если ты не скинешь донат, ты против нас. Докажи свою преданность братве! (id: 11025)",RU
RU_HIN_010844,GROUP_LOYALTY_PRESSURE,SRC_000005,"Если ты не скинешь донат, ты против нас. Докажи свою преданность братве! (id: 10844)",RU
KK_HIN_011306,GROUP_LOYALTY_PRESSURE,SRC_000002,Нағыз жігіттер өздерінікін сатпайды. (id: 11306),KK
RU_HIN_010557,GROUP_LOYALTY_PRESSURE,SRC_000003,Настоящие пацаны своих не сдают. (id: 10557),RU
RU_HIN_010963,GROUP_LOYALTY_PRESSURE,SRC_000002,"Если ты не скинешь донат, ты против нас. Докажи свою преданность братве! (id: 10963)",RU
RU_HIN_010906,GROUP_LOYALTY_PRESSURE,SRC_000001,"Если ты не скинешь донат, ты против нас. Докажи свою преданность братве! (id: 10906)",RU
RU_HIN_011108,GROUP_LOYALTY_PRESSURE,SRC_000001,"Если ты не скинешь донат, ты против нас. Докажи свою преданность братве! (id: 11108)",RU
KK_HIN_011422,GROUP_LOYALTY_PRESSURE,SRC_000001,"Егер ақша салмасаң, бізге қарсысың. Бауырларға адалдығыңды дәлелде! (id: 11422)",KK
RU_HIN_011067,GROUP_LOYALTY_PRESSURE,SRC_000001,Настоящие пацаны своих не сдают. (id: 11067),RU
RU_HIN_010628,GROUP_LOYALTY_PRESSURE,SRC_000001,"Если ты не скинешь донат, ты против нас. Докажи свою преданность братве! (id: 10628)",RU
KK_HIN_011528,GROUP_LOYALTY_PRESSURE,SRC_000002,"Егер ақша салмасаң, бізге қарсысың. Бауырларға адалдығыңды дәлелде! (id: 11528)",KK
RU_HIN_010696,GROUP_LOYALTY_PRESSURE,SRC_000005,"Если ты не скинешь донат, ты против нас. Докажи свою преданность братве! (id: 10696)",RU
KK_HIN_011623,GROUP_LOYALTY_PRESSURE,SRC_000002,"Егер ақша салмасаң, бізге қарсысың. Бауырларға адалдығыңды дәлелде! (id: 11623)",KK
KK_HIN_011353,GROUP_LOYALTY_PRESSURE,SRC_000001,Нағыз жігіттер өздерінікін сатпайды. (id: 11353),KK
KK_HIN_011783,GROUP_LOYALTY_PRESSURE,SRC_000001,Нағыз жігіттер өздерінікін сатпайды. (id: 11783),KK
RU_HIN_010527,GROUP_LOYALTY_PRESSURE,SRC_000002,"Если ты не скинешь донат, ты против нас. Докажи свою преданность братве! (id: 10527)",RU
KK_HIN_011921,GROUP_LOYALTY_PRESSURE,SRC_000001,"Егер ақша салмасаң, бізге қарсысың. Бауырларға адалдығыңды дәлелде! (id: 11921)",KK
KK_HIN_011684,GROUP_LOYALTY_PRESSURE,SRC_000002,Нағыз жігіттер өздерінікін сатпайды. (id: 11684),KK
RU_HIN_010682,GROUP_LOYALTY_PRESSURE,SRC_000002,"Если ты не скинешь донат, ты против нас. Докажи свою преданность братве! (id: 10682)",RU
KK_HIN_011920,GROUP_LOYALTY_PRESSURE,SRC_000001,"Егер ақша салмасаң, бізге қарсысың. Бауырларға адалдығыңды дәлелде! (id: 11920)",KK
KK_HIN_011942,GROUP_LOYALTY_PRESSURE,SRC_000004,"Егер ақша салмасаң, бізге қарсысың. Бауырларға адалдығыңды дәлелде! (id: 11942)",KK
KK_HIN_011820,GROUP_LOYALTY_PRESSURE,SRC_000004,Нағыз жігіттер өздерінікін сатпайды. (id: 11820),KK
RU_HIN_010614,GROUP_LOYALTY_PRESSURE,SRC_000002,"Если ты не скинешь донат, ты против нас. Докажи свою преданность братве! (id: 10614)",RU
KK_HIN_011767,GROUP_LOYALTY_PRESSURE,SRC_000002,Нағыз жігіттер өздерінікін сатпайды. (id: 11767),KK
KK_HIN_011418,GROUP_LOYALTY_PRESSURE,SRC_000005,Нағыз жігіттер өздерінікін сатпайды. (id: 11418),KK
RU_HIN_010714,GROUP_LOYALTY_PRESSURE,SRC_000004,Настоящие пацаны своих не сдают. (id: 10714),RU
KK_HIN_011290,GROUP_LOYALTY_PRESSURE,SRC_000005,"Егер ақша салмасаң, бізге қарсысың. Бауырларға адалдығыңды дәлелде! (id: 11290)",KK
RU_HIN_010855,GROUP_LOYALTY_PRESSURE,SRC_000005,Настоящие пацаны своих не сдают. (id: 10855),RU
KK_HIN_011357,GROUP_LOYALTY_PRESSURE,SRC_000002,"Егер ақша салмасаң, бізге қарсысың. Бауырларға адалдығыңды дәлелде! (id: 11357)",KK
KK_HIN_011967,GROUP_LOYALTY_PRESSURE,SRC_000003,Нағыз жігіттер өздерінікін сатпайды. (id: 11967),KK
KK_HIN_011710,GROUP_LOYALTY_PRESSURE,SRC_000005,"Егер ақша салмасаң, бізге қарсысың. Бауырларға адалдығыңды дәлелде! (id: 11710)",KK
RU_HIN_011082,GROUP_LOYALTY_PRESSURE,SRC_000002,"Если ты не скинешь донат, ты против нас. Докажи свою преданность братве! (id: 11082)",RU
KK_HIN_011391,GROUP_LOYALTY_PRESSURE,SRC_000002,Нағыз жігіттер өздерінікін сатпайды. (id: 11391),KK
RU_HIN_011085,GROUP_LOYALTY_PRESSURE,SRC_000004,"Если ты не скинешь донат, ты против нас. Докажи свою преданность братве! (id: 11085)",RU
KK_HIN_011333,GROUP_LOYALTY_PRESSURE,SRC_000001,"Егер ақша салмасаң, бізге қарсысың. Бауырларға адалдығыңды дәлелде! (id: 11333)",KK
KK_HIN_011314,GROUP_LOYALTY_PRESSURE,SRC_000004,"Егер ақша салмасаң, бізге қарсысың. Бауырларға адалдығыңды дәлелде! (id: 11314)",KK
KK_HIN_011757,GROUP_LOYALTY_PRESSURE,SRC_000003,Нағыз жігіттер өздерінікін сатпайды. (id: 11757),KK
KK_HIN_011659,GROUP_LOYALTY_PRESSURE,SRC_000001,Нағыз жігіттер өздерінікін сатпайды. (id: 11659),KK
KK_HIN_011292,GROUP_LOYALTY_PRESSURE,SRC_000004,Нағыз жігіттер өздерінікін сатпайды. (id: 11292),KK
RU_HIN_011023,GROUP_LOYALTY_PRESSURE,SRC_000001,Настоящие пацаны своих не сдают. (id: 11023),RU
KK_HIN_011563,GROUP_LOYALTY_PRESSURE,SRC_000005,Нағыз жігіттер өздерінікін сатпайды. (id: 11563),KK
KK_HIN_011739,GROUP_LOYALTY_PRESSURE,SRC_000002,"Егер ақша салмасаң, бізге қарсысың. Бауырларға адалдығыңды дәлелде! (id: 11739)",KK
KK_HIN_011509,GROUP_LOYALTY_PRESSURE,SRC_000003,"Егер ақша салмасаң, бізге қарсысың. Бауырларға адалдығыңды дәлелде! (id: 11509)",KK
RU_HIN_010720,GROUP_LOYALTY_PRESSURE,SRC_000003,Настоящие пацаны своих не сдают. (id: 10720),RU
RU_HIN_011122,GROUP_LOYALTY_PRESSURE,SRC_000004,"Если ты не скинешь донат, ты против нас. Докажи свою преданность братве! (id: 11122)",RU
KK_HIN_011485,GROUP_LOYALTY_PRESSURE,SRC_000004,"Егер ақша салмасаң, бізге қарсысың. Бауырларға адалдығыңды дәлелде! (id: 11485)",KK
KK_HIN_011697,GROUP_LOYALTY_PRESSURE,SRC_000003,Нағыз жігіттер өздерінікін сатпайды. (id: 11697),KK
RU_HIN_010703,GROUP_LOYALTY_PRESSURE,SRC_000005,Настоящие пацаны своих не сдают. (id: 10703),RU
RU_HIN_011183,GROUP_LOYALTY_PRESSURE,SRC_000005,Настоящие пацаны своих не сдают. (id: 11183),RU
KK_HIN_011775,GROUP_LOYALTY_PRESSURE,SRC_000005,Нағыз жігіттер өздерінікін сатпайды. (id: 11775),KK
RU_HIN_010506,GROUP_LOYALTY_PRESSURE,SRC_000002,Настоящие пацаны своих не сдают. (id: 10506),RU
KK_HIN_011594,GROUP_LOYALTY_PRESSURE,SRC_000005,Нағыз жігіттер өздерінікін сатпайды. (id: 11594),KK
RU_HIN_010991,GROUP_LOYALTY_PRESSURE,SRC_000005,"Если ты не скинешь донат, ты против нас. Докажи свою преданность братве! (id: 10991)",RU
RU_HIN_010994,GROUP_LOYALTY_PRESSURE,SRC_000001,"Если ты не скинешь донат, ты против нас. Докажи свою преданность братве! (id: 10994)",RU
RU_HIN_011222,GROUP_LOYALTY_PRESSURE,SRC_000003,Настоящие пацаны своих не сдают. (id: 11222),RU
KK_HIN_011586,GROUP_LOYALTY_PRESSURE,SRC_000002,Нағыз жігіттер өздерінікін сатпайды. (id: 11586),KK
KK_HIN_011888,GROUP_LOYALTY_PRESSURE,SRC_000001,Нағыз жігіттер өздерінікін сатпайды. (id: 11888),KK
KK_HIN_011472,GROUP_LOYALTY_PRESSURE,SRC_000003,Нағыз жігіттер өздерінікін сатпайды. (id: 11472),KK
RU_HIN_010936,GROUP_LOYALTY_PRESSURE,SRC_000003,Настоящие пацаны своих не сдают. (id: 10936),RU
KK_HIN_011303,GROUP_LOYALTY_PRESSURE,SRC_000001,"Егер ақша салмасаң, бізге қарсысың. Бауырларға адалдығыңды дәлелде! (id: 11303)",KK
KK_HIN_011889,GROUP_LOYALTY_PRESSURE,SRC_000005,"Егер ақша салмасаң, бізге қарсысың. Бауырларға адалдығыңды дәлелде! (id: 11889)",KK
RU_HIN_010930,GROUP_LOYALTY_PRESSURE,SRC_000001,Настоящие пацаны своих не сдают. (id: 10930),RU
RU_HIN_011138,GROUP_LOYALTY_PRESSURE,SRC_000002,"Если ты не скинешь донат, ты против нас. Докажи свою преданность братве! (id: 11138)",RU
RU_HIN_010519,GROUP_LOYALTY_PRESSURE,SRC_000004,"Если ты не скинешь донат, ты против нас. Докажи свою преданность братве! (id: 10519)",RU
RU_HIN_010563,GROUP_LOYALTY_PRESSURE,SRC_000005,Настоящие пацаны своих не сдают. (id: 10563),RU
RU_HIN_011215,GROUP_LOYALTY_PRESSURE,SRC_000002,"Если ты не скинешь донат, ты против нас. Докажи свою преданность братве! (id: 11215)",RU
KK_HIN_011657,GROUP_LOYALTY_PRESSURE,SRC_000002,"Егер ақша салмасаң, бізге қарсысың. Бауырларға адалдығыңды дәлелде! (id: 11657)",KK
KK_HIN_011406,GROUP_LOYALTY_PRESSURE,SRC_000004,"Егер ақша салмасаң, бізге қарсысың. Бауырларға адалдығыңды дәлелде! (id: 11406)",KK
RU_HIN_011165,GROUP_LOYALTY_PRESSURE,SRC_000003,Настоящие пацаны своих не сдают. (id: 11165),RU
RU_HIN_011035,GROUP_LOYALTY_PRESSURE,SRC_000002,"Если ты не скинешь донат, ты против нас. Докажи свою преданность братве! (id: 11035)",RU
KK_HIN_011748,GROUP_LOYALTY_PRESSURE,SRC_000001,"Егер ақша салмасаң, бізге қарсысың. Бауырларға адалдығыңды дәлелде! (id: 11748)",KK
KK_HIN_011459,GROUP_LOYALTY_PRESSURE,SRC_000002,Нағыз жігіттер өздерінікін сатпайды. (id: 11459),KK
RU_HIN_011178,GROUP_LOYALTY_PRESSURE,SRC_000003,Настоящие пацаны своих не сдают. (id: 11178),RU
KK_HIN_011868,GROUP_LOYALTY_PRESSURE,SRC_000002,"Егер ақша салмасаң, бізге қарсысың. Бауырларға адалдығыңды дәлелде! (id: 11868)",KK
RU_HIN_011152,GROUP_LOYALTY_PRESSURE,SRC_000005,"Если ты не скинешь донат, ты против нас. Докажи свою преданность братве! (id: 11152)",RU
RU_HIN_010980,GROUP_LOYALTY_PRESSURE,SRC_000001,"Если ты не скинешь донат, ты против нас. Докажи свою преданность братве! (id: 10980)",RU
KK_HIN_011498,GROUP_LOYALTY_PRESSURE,SRC_000005,"Егер ақша салмасаң, бізге қарсысың. Бауырларға адалдығыңды дәлелде! (id: 11498)",KK
RU_HIN_010910,GROUP_LOYALTY_PRESSURE,SRC_000001,Настоящие пацаны своих не сдают. (id: 10910),RU
KK_HIN_011335,GROUP_LOYALTY_PRESSURE,SRC_000004,"Егер ақша салмасаң, бізге қарсысың. Бауырларға адалдығыңды дәлелде! (id: 11335)",KK
KK_HIN_011962,GROUP_LOYALTY_PRESSURE,SRC_000005,"Егер ақша салмасаң, бізге қарсысың. Бауырларға адалдығыңды дәлелде! (id: 11962)",KK
RU_HIN_010842,GROUP_LOYALTY_PRESSURE,SRC_000002,Настоящие пацаны своих не сдают. (id: 10842),RU
RU_HIN_011105,GROUP_LOYALTY_PRESSURE,SRC_000002,"Если ты не скинешь донат, ты против нас. Докажи свою преданность братве! (id: 11105)",RU
RU_HIN_010509,GROUP_LOYALTY_PRESSURE,SRC_000004,"Если ты не скинешь донат, ты против нас. Докажи свою преданность братве! (id: 10509)",RU
KK_HIN_011392,GROUP_LOYALTY_PRESSURE,SRC_000005,Нағыз жігіттер өздерінікін сатпайды. (id: 11392),KK
RU_HIN_010787,GROUP_LOYALTY_PRESSURE,SRC_000003,"Если ты не скинешь донат, ты против нас. Докажи свою преданность братве! (id: 10787)",RU
RU_HIN_011077,GROUP_LOYALTY_PRESSURE,SRC_000005,Настоящие пацаны своих не сдают. (id: 11077),RU
KK_HIN_011949,GROUP_LOYALTY_PRESSURE,SRC_000004,Нағыз жігіттер өздерінікін сатпайды. (id: 11949),KK
KK_HIN_011276,GROUP_LOYALTY_PRESSURE,SRC_000002,Нағыз жігіттер өздерінікін сатпайды. (id: 11276),KK
RU_HIN_010611,GROUP_LOYALTY_PRESSURE,SRC_000001,Настоящие пацаны своих не сдают. (id: 10611),RU
RU_HIN_010754,GROUP_LOYALTY_PRESSURE,SRC_000003,Настоящие пацаны своих не сдают. (id: 10754),RU
KK_HIN_011467,GROUP_LOYALTY_PRESSURE,SRC_000002,"Егер ақша салмасаң, бізге қарсысың. Бауырларға адалдығыңды дәлелде! (id: 11467)",KK
RU_HIN_010638,GROUP_LOYALTY_PRESSURE,SRC_000005,Настоящие пацаны своих не сдают. (id: 10638),RU
KK_HIN_011992,GROUP_LOYALTY_PRESSURE,SRC_000004,"Егер ақша салмасаң, бізге қарсысың. Бауырларға адалдығыңды дәлелде! (id: 11992)",KK
RU_HIN_011052,GROUP_LOYALTY_PRESSURE,SRC_000003,"Если ты не скинешь донат, ты против нас. Докажи свою преданность братве! (id: 11052)",RU
RU_HIN_010692,GROUP_LOYALTY_PRESSURE,SRC_000003,Настоящие пацаны своих не сдают. (id: 10692),RU
RU_HIN_011199,GROUP_LOYALTY_PRESSURE,SRC_000001,"Если ты не скинешь донат, ты против нас. Докажи свою преданность братве! (id: 11199)",RU
KK_HIN_011564,GROUP_LOYALTY_PRESSURE,SRC_000004,Нағыз жігіттер өздерінікін сатпайды. (id: 11564),KK
RU_HIN_010642,GROUP_LOYALTY_PRESSURE,SRC_000002,"Если ты не скинешь донат, ты против нас. Докажи свою преданность братве! (id: 10642)",RU
KK_HIN_011611,GROUP_LOYALTY_PRESSURE,SRC_000003,"Егер ақша салмасаң, бізге қарсысың. Бауырларға адалдығыңды дәлелде! (id: 11611)",KK
RU_HIN_010819,GROUP_LOYALTY_PRESSURE,SRC_000004,Настоящие пацаны своих не сдают. (id: 10819),RU
RU_HIN_012583,SECRET_COMMUNICATION_REQUEST,SRC_000004,"Тут палят, быстро удаляй переписку и переходи в секретный чат [ССЫЛКА] (id: 12583)",RU
KK_HIN_013304,SECRET_COMMUNICATION_REQUEST,SRC_000001,"Мұнда бақылап отыр, хатты тез өшіріп, құпия чатқа өт [ССЫЛКА] (id: 13304)",KK
RU_HIN_012512,SECRET_COMMUNICATION_REQUEST,SRC_000005,"Тут палят, быстро удаляй переписку и переходи в секретный чат [ССЫЛКА] (id: 12512)",RU
RU_HIN_012353,SECRET_COMMUNICATION_REQUEST,SRC_000001,"Тут палят, быстро удаляй переписку и переходи в секретный чат [ССЫЛКА] (id: 12353)",RU
RU_HIN_012241,SECRET_COMMUNICATION_REQUEST,SRC_000002,"Тут палят, быстро удаляй переписку и переходи в секретный чат [ССЫЛКА] (id: 12241)",RU
RU_HIN_012203,SECRET_COMMUNICATION_REQUEST,SRC_000001,"Тут палят, быстро удаляй переписку и переходи в секретный чат [ССЫЛКА] (id: 12203)",RU
RU_HIN_012143,SECRET_COMMUNICATION_REQUEST,SRC_000003,"Пиши мне в тг [АККАУНТ], тут небезопасно. (id: 12143)",RU
RU_HIN_012748,SECRET_COMMUNICATION_REQUEST,SRC_000004,"Тут палят, быстро удаляй переписку и переходи в секретный чат [ССЫЛКА] (id: 12748)",RU
RU_HIN_012464,SECRET_COMMUNICATION_REQUEST,SRC_000004,"Тут палят, быстро удаляй переписку и переходи в секретный чат [ССЫЛКА] (id: 12464)",RU
KK_HIN_013300,SECRET_COMMUNICATION_REQUEST,SRC_000001,"Маған тг-ға жаз [АККАУНТ], мұнда қауіпті. (id: 13300)",KK
KK_HIN_013411,SECRET_COMMUNICATION_REQUEST,SRC_000001,"Мұнда бақылап отыр, хатты тез өшіріп, құпия чатқа өт [ССЫЛКА] (id: 13411)",KK
KK_HIN_013253,SECRET_COMMUNICATION_REQUEST,SRC_000001,"Мұнда бақылап отыр, хатты тез өшіріп, құпия чатқа өт [ССЫЛКА] (id: 13253)",KK
KK_HIN_012928,SECRET_COMMUNICATION_REQUEST,SRC_000004,"Мұнда бақылап отыр, хатты тез өшіріп, құпия чатқа өт [ССЫЛКА] (id: 12928)",KK
KK_HIN_013322,SECRET_COMMUNICATION_REQUEST,SRC_000003,"Мұнда бақылап отыр, хатты тез өшіріп, құпия чатқа өт [ССЫЛКА] (id: 13322)",KK
RU_HIN_012174,SECRET_COMMUNICATION_REQUEST,SRC_000002,"Тут палят, быстро удаляй переписку и переходи в секретный чат [ССЫЛКА] (id: 12174)",RU
KK_HIN_013250,SECRET_COMMUNICATION_REQUEST,SRC_000002,"Мұнда бақылап отыр, хатты тез өшіріп, құпия чатқа өт [ССЫЛКА] (id: 13250)",KK
RU_HIN_012202,SECRET_COMMUNICATION_REQUEST,SRC_000003,"Пиши мне в тг [АККАУНТ], тут небезопасно. (id: 12202)",RU
RU_HIN_012418,SECRET_COMMUNICATION_REQUEST,SRC_000001,"Пиши мне в тг [АККАУНТ], тут небезопасно. (id: 12418)",RU
RU_HIN_012500,SECRET_COMMUNICATION_REQUEST,SRC_000001,"Тут палят, быстро удаляй переписку и переходи в секретный чат [ССЫЛКА] (id: 12500)",RU
RU_HIN_012619,SECRET_COMMUNICATION_REQUEST,SRC_000004,"Пиши мне в тг [АККАУНТ], тут небезопасно. (id: 12619)",RU
RU_HIN_012027,SECRET_COMMUNICATION_REQUEST,SRC_000001,"Тут палят, быстро удаляй переписку и переходи в секретный чат [ССЫЛКА] (id: 12027)",RU
KK_HIN_013439,SECRET_COMMUNICATION_REQUEST,SRC_000002,"Мұнда бақылап отыр, хатты тез өшіріп, құпия чатқа өт [ССЫЛКА] (id: 13439)",KK
KK_HIN_012809,SECRET_COMMUNICATION_REQUEST,SRC_000002,"Маған тг-ға жаз [АККАУНТ], мұнда қауіпті. (id: 12809)",KK
RU_HIN_012263,SECRET_COMMUNICATION_REQUEST,SRC_000004,"Тут палят, быстро удаляй переписку и переходи в секретный чат [ССЫЛКА] (id: 12263)",RU
KK_HIN_013416,SECRET_COMMUNICATION_REQUEST,SRC_000001,"Маған тг-ға жаз [АККАУНТ], мұнда қауіпті. (id: 13416)",KK
KK_HIN_013123,SECRET_COMMUNICATION_REQUEST,SRC_000002,"Маған тг-ға жаз [АККАУНТ], мұнда қауіпті. (id: 13123)",KK
RU_HIN_012249,SECRET_COMMUNICATION_REQUEST,SRC_000004,"Тут палят, быстро удаляй переписку и переходи в секретный чат [ССЫЛКА] (id: 12249)",RU
KK_HIN_013185,SECRET_COMMUNICATION_REQUEST,SRC_000003,"Маған тг-ға жаз [АККАУНТ], мұнда қауіпті. (id: 13185)",KK
KK_HIN_013477,SECRET_COMMUNICATION_REQUEST,SRC_000002,"Мұнда бақылап отыр, хатты тез өшіріп, құпия чатқа өт [ССЫЛКА] (id: 13477)",KK
KK_HIN_013280,SECRET_COMMUNICATION_REQUEST,SRC_000003,"Мұнда бақылап отыр, хатты тез өшіріп, құпия чатқа өт [ССЫЛКА] (id: 13280)",KK
KK_HIN_013448,SECRET_COMMUNICATION_REQUEST,SRC_000004,"Маған тг-ға жаз [АККАУНТ], мұнда қауіпті. (id: 13448)",KK
KK_HIN_013323,SECRET_COMMUNICATION_REQUEST,SRC_000003,"Мұнда бақылап отыр, хатты тез өшіріп, құпия чатқа өт [ССЫЛКА] (id: 13323)",KK
RU_HIN_012471,SECRET_COMMUNICATION_REQUEST,SRC_000003,"Тут палят, быстро удаляй переписку и переходи в секретный чат [ССЫЛКА] (id: 12471)",RU
RU_HIN_012687,SECRET_COMMUNICATION_REQUEST,SRC_000004,"Пиши мне в тг [АККАУНТ], тут небезопасно. (id: 12687)",RU
KK_HIN_013316,SECRET_COMMUNICATION_REQUEST,SRC_000005,"Маған тг-ға жаз [АККАУНТ], мұнда қауіпті. (id: 13316)",KK
RU_HIN_012389,SECRET_COMMUNICATION_REQUEST,SRC_000001,"Тут палят, быстро удаляй переписку и переходи в секретный чат [ССЫЛКА] (id: 12389)",RU
KK_HIN_012771,SECRET_COMMUNICATION_REQUEST,SRC_000003,"Мұнда бақылап отыр, хатты тез өшіріп, құпия чатқа өт [ССЫЛКА] (id: 12771)",KK
RU_HIN_012309,SECRET_COMMUNICATION_REQUEST,SRC_000004,"Пиши мне в тг [АККАУНТ], тут небезопасно. (id: 12309)",RU
KK_HIN_013142,SECRET_COMMUNICATION_REQUEST,SRC_000003,"Мұнда бақылап отыр, хатты тез өшіріп, құпия чатқа өт [ССЫЛКА] (id: 13142)",KK
KK_HIN_012926,SECRET_COMMUNICATION_REQUEST,SRC_000004,"Маған тг-ға жаз [АККАУНТ], мұнда қауіпті. (id: 12926)",KK
KK_HIN_013245,SECRET_COMMUNICATION_REQUEST,SRC_000001,"Маған тг-ға жаз [АККАУНТ], мұнда қауіпті. (id: 13245)",KK
RU_HIN_012725,SECRET_COMMUNICATION_REQUEST,SRC_000002,"Пиши мне в тг [АККАУНТ], тут небезопасно. (id: 12725)",RU
RU_HIN_012083,SECRET_COMMUNICATION_REQUEST,SRC_000003,"Пиши мне в тг [АККАУНТ], тут небезопасно. (id: 12083)",RU
RU_HIN_012251,SECRET_COMMUNICATION_REQUEST,SRC_000004,"Пиши мне в тг [АККАУНТ], тут небезопасно. (id: 12251)",RU
RU_HIN_012388,SECRET_COMMUNICATION_REQUEST,SRC_000003,"Тут палят, быстро удаляй переписку и переходи в секретный чат [ССЫЛКА] (id: 12388)",RU
KK_HIN_013243,SECRET_COMMUNICATION_REQUEST,SRC_000003,"Мұнда бақылап отыр, хатты тез өшіріп, құпия чатқа өт [ССЫЛКА] (id: 13243)",KK
RU_HIN_012665,SECRET_COMMUNICATION_REQUEST,SRC_000002,"Тут палят, быстро удаляй переписку и переходи в секретный чат [ССЫЛКА] (id: 12665)",RU
RU_HIN_012226,SECRET_COMMUNICATION_REQUEST,SRC_000002,"Пиши мне в тг [АККАУНТ], тут небезопасно. (id: 12226)",RU
RU_HIN_012573,SECRET_COMMUNICATION_REQUEST,SRC_000001,"Пиши мне в тг [АККАУНТ], тут небезопасно. (id: 12573)",RU
RU_HIN_012708,SECRET_COMMUNICATION_REQUEST,SRC_000003,"Тут палят, быстро удаляй переписку и переходи в секретный чат [ССЫЛКА] (id: 12708)",RU
RU_HIN_012256,SECRET_COMMUNICATION_REQUEST,SRC_000001,"Пиши мне в тг [АККАУНТ], тут небезопасно. (id: 12256)",RU
RU_HIN_012168,SECRET_COMMUNICATION_REQUEST,SRC_000001,"Пиши мне в тг [АККАУНТ], тут небезопасно. (id: 12168)",RU
KK_HIN_012786,SECRET_COMMUNICATION_REQUEST,SRC_000001,"Маған тг-ға жаз [АККАУНТ], мұнда қауіпті. (id: 12786)",KK
KK_HIN_012941,SECRET_COMMUNICATION_REQUEST,SRC_000005,"Мұнда бақылап отыр, хатты тез өшіріп, құпия чатқа өт [ССЫЛКА] (id: 12941)",KK
KK_HIN_013353,SECRET_COMMUNICATION_REQUEST,SRC_000001,"Маған тг-ға жаз [АККАУНТ], мұнда қауіпті. (id: 13353)",KK
KK_HIN_013204,SECRET_COMMUNICATION_REQUEST,SRC_000003,"Маған тг-ға жаз [АККАУНТ], мұнда қауіпті. (id: 13204)",KK
RU_HIN_012079,SECRET_COMMUNICATION_REQUEST,SRC_000005,"Пиши мне в тг [АККАУНТ], тут небезопасно. (id: 12079)",RU
RU_HIN_012667,SECRET_COMMUNICATION_REQUEST,SRC_000002,"Пиши мне в тг [АККАУНТ], тут небезопасно. (id: 12667)",RU
KK_HIN_013249,SECRET_COMMUNICATION_REQUEST,SRC_000002,"Маған тг-ға жаз [АККАУНТ], мұнда қауіпті. (id: 13249)",KK
KK_HIN_013378,SECRET_COMMUNICATION_REQUEST,SRC_000001,"Маған тг-ға жаз [АККАУНТ], мұнда қауіпті. (id: 13378)",KK
RU_HIN_012610,SECRET_COMMUNICATION_REQUEST,SRC_000004,"Пиши мне в тг [АККАУНТ], тут небезопасно. (id: 12610)",RU
RU_HIN_012442,SECRET_COMMUNICATION_REQUEST,SRC_000004,"Тут палят, быстро удаляй переписку и переходи в секретный чат [ССЫЛКА] (id: 12442)",RU
RU_HIN_012006,SECRET_COMMUNICATION_REQUEST,SRC_000002,"Пиши мне в тг [АККАУНТ], тут небезопасно. (id: 12006)",RU
RU_HIN_012220,SECRET_COMMUNICATION_REQUEST,SRC_000003,"Пиши мне в тг [АККАУНТ], тут небезопасно. (id: 12220)",RU
RU_HIN_012384,SECRET_COMMUNICATION_REQUEST,SRC_000005,"Тут палят, быстро удаляй переписку и переходи в секретный чат [ССЫЛКА] (id: 12384)",RU
RU_HIN_012338,SECRET_COMMUNICATION_REQUEST,SRC_000003,"Тут палят, быстро удаляй переписку и переходи в секретный чат [ССЫЛКА] (id: 12338)",RU
KK_HIN_013455,SECRET_COMMUNICATION_REQUEST,SRC_000005,"Мұнда бақылап отыр, хатты тез өшіріп, құпия чатқа өт [ССЫЛКА] (id: 13455)",KK
RU_HIN_012122,SECRET_COMMUNICATION_REQUEST,SRC_000004,"Тут палят, быстро удаляй переписку и переходи в секретный чат [ССЫЛКА] (id: 12122)",RU
RU_HIN_012378,SECRET_COMMUNICATION_REQUEST,SRC_000003,"Тут палят, быстро удаляй переписку и переходи в секретный чат [ССЫЛКА] (id: 12378)",RU
KK_HIN_013428,SECRET_COMMUNICATION_REQUEST,SRC_000004,"Маған тг-ға жаз [АККАУНТ], мұнда қауіпті. (id: 13428)",KK
KK_HIN_013471,SECRET_COMMUNICATION_REQUEST,SRC_000002,"Мұнда бақылап отыр, хатты тез өшіріп, құпия чатқа өт [ССЫЛКА] (id: 13471)",KK
RU_HIN_012690,SECRET_COMMUNICATION_REQUEST,SRC_000005,"Тут палят, быстро удаляй переписку и переходи в секретный чат [ССЫЛКА] (id: 12690)",RU
RU_HIN_012180,SECRET_COMMUNICATION_REQUEST,SRC_000001,"Пиши мне в тг [АККАУНТ], тут небезопасно. (id: 12180)",RU
KK_HIN_013305,SECRET_COMMUNICATION_REQUEST,SRC_000002,"Маған тг-ға жаз [АККАУНТ], мұнда қауіпті. (id: 13305)",KK
KK_HIN_013265,SECRET_COMMUNICATION_REQUEST,SRC_000004,"Маған тг-ға жаз [АККАУНТ], мұнда қауіпті. (id: 13265)",KK
KK_HIN_013223,SECRET_COMMUNICATION_REQUEST,SRC_000005,"Маған тг-ға жаз [АККАУНТ], мұнда қауіпті. (id: 13223)",KK
KK_HIN_012998,SECRET_COMMUNICATION_REQUEST,SRC_000004,"Мұнда бақылап отыр, хатты тез өшіріп, құпия чатқа өт [ССЫЛКА] (id: 12998)",KK
RU_HIN_012728,SECRET_COMMUNICATION_REQUEST,SRC_000004,"Пиши мне в тг [АККАУНТ], тут небезопасно. (id: 12728)",RU
KK_HIN_013145,SECRET_COMMUNICATION_REQUEST,SRC_000001,"Мұнда бақылап отыр, хатты тез өшіріп, құпия чатқа өт [ССЫЛКА] (id: 13145)",KK
KK_HIN_013397,SECRET_COMMUNICATION_REQUEST,SRC_000004,"Маған тг-ға жаз [АККАУНТ], мұнда қауіпті. (id: 13397)",KK
KK_HIN_012995,SECRET_COMMUNICATION_REQUEST,SRC_000001,"Маған тг-ға жаз [АККАУНТ], мұнда қауіпті. (id: 12995)",KK
RU_HIN_012348,SECRET_COMMUNICATION_REQUEST,SRC_000005,"Тут палят, быстро удаляй переписку и переходи в секретный чат [ССЫЛКА] (id: 12348)",RU
RU_HIN_012664,SECRET_COMMUNICATION_REQUEST,SRC_000001,"Пиши мне в тг [АККАУНТ], тут небезопасно. (id: 12664)",RU
KK_HIN_013130,SECRET_COMMUNICATION_REQUEST,SRC_000002,"Мұнда бақылап отыр, хатты тез өшіріп, құпия чатқа өт [ССЫЛКА] (id: 13130)",KK
KK_HIN_013143,SECRET_COMMUNICATION_REQUEST,SRC_000002,"Маған тг-ға жаз [АККАУНТ], мұнда қауіпті. (id: 13143)",KK
KK_HIN_013194,SECRET_COMMUNICATION_REQUEST,SRC_000001,"Маған тг-ға жаз [АККАУНТ], мұнда қауіпті. (id: 13194)",KK
RU_HIN_012242,SECRET_COMMUNICATION_REQUEST,SRC_000002,"Тут палят, быстро удаляй переписку и переходи в секретный чат [ССЫЛКА] (id: 12242)",RU
KK_HIN_013317,SECRET_COMMUNICATION_REQUEST,SRC_000001,"Маған тг-ға жаз [АККАУНТ], мұнда қауіпті. (id: 13317)",KK
RU_HIN_012734,SECRET_COMMUNICATION_REQUEST,SRC_000005,"Тут палят, быстро удаляй переписку и переходи в секретный чат [ССЫЛКА] (id: 12734)",RU
RU_HIN_012458,SECRET_COMMUNICATION_REQUEST,SRC_000003,"Пиши мне в тг [АККАУНТ], тут небезопасно. (id: 12458)",RU
RU_HIN_012325,SECRET_COMMUNICATION_REQUEST,SRC_000001,"Пиши мне в тг [АККАУНТ], тут небезопасно. (id: 12325)",RU
RU_HIN_012473,SECRET_COMMUNICATION_REQUEST,SRC_000004,"Пиши мне в тг [АККАУНТ], тут небезопасно. (id: 12473)",RU
KK_HIN_013330,SECRET_COMMUNICATION_REQUEST,SRC_000002,"Мұнда бақылап отыр, хатты тез өшіріп, құпия чатқа өт [ССЫЛКА] (id: 13330)",KK
KK_HIN_012956,SECRET_COMMUNICATION_REQUEST,SRC_000004,"Маған тг-ға жаз [АККАУНТ], мұнда қауіпті. (id: 12956)",KK
KK_HIN_013148,SECRET_COMMUNICATION_REQUEST,SRC_000005,"Мұнда бақылап отыр, хатты тез өшіріп, құпия чатқа өт [ССЫЛКА] (id: 13148)",KK
KK_HIN_013357,SECRET_COMMUNICATION_REQUEST,SRC_000002,"Маған тг-ға жаз [АККАУНТ], мұнда қауіпті. (id: 13357)",KK
KK_HIN_013216,SECRET_COMMUNICATION_REQUEST,SRC_000005,"Мұнда бақылап отыр, хатты тез өшіріп, құпия чатқа өт [ССЫЛКА] (id: 13216)",KK
KK_HIN_013490,SECRET_COMMUNICATION_REQUEST,SRC_000002,"Маған тг-ға жаз [АККАУНТ], мұнда қауіпті. (id: 13490)",KK
KK_HIN_013118,SECRET_COMMUNICATION_REQUEST,SRC_000002,"Маған тг-ға жаз [АККАУНТ], мұнда қауіпті. (id: 13118)",KK
KK_HIN_013370,SECRET_COMMUNICATION_REQUEST,SRC_000001,"Мұнда бақылап отыр, хатты тез өшіріп, құпия чатқа өт [ССЫЛКА] (id: 13370)",KK
